-keyword,title,date
원달러,[2018 베스트 애널리스트] 매경 베스트 애널리스트 ‘명예의 전당’ 1기-공채 CEO·33년 현역…꽃 중의 꽃,2019-01-11
원달러,[STOCK & BOND] 연초 증시 ‘턴어라운드株’ 노려라-SK네트웍스·롯데쇼핑·락앤락…‘점프 업’,2019-01-14
원달러,현대차 4분기 영업익 5011억원…전년比 35.4%↓,2019-01-24
원달러,"현대건설, 2018년도 영업이익 8400억원…전년比 14.8%↓",2019-01-25
원달러,"미래에셋대우, 低낙인 ELS 등 투자상품 11종 판매",2019-02-11
원달러,"코스피, 외국인·기관 매도에 하락 출발…2190선 약보합",2019-04-25
원달러,"기아차, 1분기 영업이익 5941억원…전년比 94.4%↑",2019-04-25
원달러,"코스피, 외국인·기관 매도 공세에 하락 마감",2019-04-25
원달러,"코스피, 기관 매도 공세에 약세…코스닥은 소폭 상승",2019-05-03
원달러,원달러 환율 들썩이자 달러 표시 채권 뜬다-중위험·중수익 투자에 제격…환차익은 덤,2019-05-07
원달러,[아이넷 AI 로봇 기자] 동원산업 `놀라긴 이르다` 증권사 발표에 강세…4.28%,2019-05-07
원달러,"[Hot-Line] ""비에이치, 연중 실적 바닥 확인""",2019-05-07
원달러,"[Hot-Line] ""한화에어로스페이스, 계절적 성수기 진입…실적 반등 기대감""",2019-05-09
원달러,[해외투자가 답이다] (6) 주목받는 해외채권-高금리에 환차익 ‘달러’ 비과세 혜택 ‘브라질’,2019-05-13
원달러,"코스피, 외국인·기관 매도 공세에 하락 마감",2019-05-13
원달러,[홍기영칼럼] 기업하기 좋은 나라의 꿈,2019-05-20
원달러,환율 1200원 코앞…외국인 `셀 코리아` 멈출까,2019-05-21
원달러,"농협금융, `2019년 FX시장 전망과 주요이슈` 세미나 개최",2019-05-22
원달러,재무구조 개선을 위한 영구채발행,2019-05-22
원달러,"[아이넷 AI 로봇 기자] 로보특징주, 대덕전자(008060), 수익률 27.39% 기록",2019-05-23
원달러,美中 무역전쟁 뉴라운드,2019-05-27
원달러,[TOPIC]화폐개혁 루머에 불안심리 확산-달러·채권·골드…“소나기 피하자” 머니무브,2019-05-27
원달러,"코스피, 외국인·기관 동반 매도에 하락 출발",2019-05-27
원달러,美中 무역전쟁 뉴라운드 재테크-주가 변동 넘는 인컴펀드·달러채권 각광 채권레버리지·부동산대출펀드 수익 짭짤,2019-05-27
원달러,"3세 경영 시작한 한진家 조원태 회장, 불안한 지분 속에 상속세·실적 턴어라운드 과제",2019-05-28
원달러,"두산밥캣, 올해 주당 배당금 1200원 지급 계획",2019-06-03
원달러,LG 명품가전 성공방정식,2019-06-07
원달러,"미국투자이민 프로젝트 선정은 국민이주㈜와 함께, 미국투자이민 설명회",2019-06-07
원달러,"[주간증시전망] ""국내 증시 바닥확인…반도체·IT가전·자동차주 주목""",2019-06-08
원달러,"[Hot-Line] ""LG이노텍, 미중 무역분쟁 우려보다 주가 반등 노릴 타이밍""",2019-06-12
원달러,10년 전 금융위기의 그림자…역주행 경제 소비 투자 수출 부진 1%대 성장 현실로,2019-06-14
원달러,"삼성선물, 위안화 선물 론칭 기념 이벤트 실시",2019-06-14
원달러,경제 불안해도 韓채권 쓸어 담는 外人-환차익 군침…‘키움KOSEF10년’ 수익 21%(1년),2019-06-17
원달러,"[Hot-Line] ""하나금융지주, 2분기 실적개선 가능""",2019-06-21
원달러,6월 코스피 반등에도 개미 또 울었다,2019-06-28
원달러,시장금리 인하기 재테크 비법-당분간 달러 강세…맞춤형 상품 노려볼 만,2019-06-28
원달러,"[아이넷 AI 로봇 기자] LG이노텍, `명확한 이익 증가 ` 증권사 발표에 강세",2019-07-16
원달러,[재테크 풍향계] `외화보험`으로 환테크?…낭패 본 경우 `수두룩`,2019-07-18
원달러,"우리은행, 환테크 전략·미국 부동산 시장 분석 세미나",2019-07-31
원달러,`8000억원` CB발행에 LGD 주가 8% 하락,2019-07-31
원달러,"삼성자산운용, `삼성 누버거버먼이머징국공채플러스 펀드` 설정액 1000억원 돌파",2019-07-31
원달러,`검은 월요일` 미중·한일 갈등에 코스피 1950선-코스닥 570선 붕괴,2019-08-05
원달러,"금융위 ""금융시장 양호한 수준…백색국가 제외 선반영""",2019-08-05
원달러,"""환율전쟁 우려 진정""…원달러 환율 1210원대 초중반 `오르락 내리락`",2019-08-07
원달러,"원달러 환율, 엿새 만에 소폭 하락…1214.9원 마감",2019-08-07
원달러,불확실성 커지며 주목받는 달러채권과 장기채 펀드-상반기 달러채권 매수액 66억弗…1년 새 5배,2019-08-12
원달러,모든 종목 협의 가능한 야호스탁론.. 연 3.4% 최저금리로 즉시 대출,2019-08-12
원달러,"월0.3%대 3년고정 자금으로 ""반도체, 자동차, 2차전지, 인터넷 주목해야""",2019-08-12
원달러,日 경제보복에 증시 직격탄-코스피 한때 1900 붕괴…겹악재 파장 확산 외국인 매도 공세…기관·개인 매수 역부족,2019-08-16
원달러,"[무엇이든 물어보세요, 매코미] 장단기 금리차 역전이 뭔가요? 경기침체 신호…‘케첩 버블’ 막을 정책 절실",2019-08-26
원달러,"[Hot-Line] ""고려아연, 아연 빼면 업황 양호""",2019-08-28
원달러,청나라와 영국의 경상수지 불균형이 없었으면 홍콩 시위도 없었다?,2019-09-16
원달러,추석 이후 재테크 올가이드,2019-09-16
원달러,[내년 투자전략] 증시 대기자금 증가·연기금 `사자`…코스피 훈풍 조짐,2019-10-14
원달러,환율 하락에…9월 수출물가 0.8%↓,2019-10-16
원달러,"[Hot-Line] ""SK하이닉스, 점진적 실적 개선 사이클 진입""",2019-10-25
원달러,[MBN GOLD 시황저격] 글로벌 증시 회복세 확산…IT·하드웨어 관련株 주목,2019-11-01
원달러,"[Hot-Line] ""롯데케미칼, 내년 증설 2010년 이후 최대""…투자의견·목표가↓",2019-11-04
원달러,"[Hot-Line] ""한국항공우주, 중장기 성장 모멘텀 여전""",2019-11-06
원달러,"[Hot-Line] ""노루페인트, 건설 경기 하향 사이클 이겨내""",2019-11-22
원달러,"[Hot-Line] ""종근당바이오, 내년 영업실적 성장 뚜렷할 것""",2019-11-26
원달러,"금감원, 일성하이스코 조정결정...""은행, 키코 팔면서 환율상승 예측치 뺐다""",2019-12-25
원달러,"[Hot-Line] ""삼성전자, 4분기 실적 양호""…목표가↑",2019-12-27
원달러,글로벌 IB가 본 2020 한국 증시 “반도체 부활·외국인 U턴에 2300 돌파”,2020-01-06
원달러,KRX금시장 거래량 개설 이후 사상 최대치 경신,2020-01-08
원달러,"이란, 미국 공격에 코스피 급락…증권가 ""증시 불확실성 커져""",2020-01-08
원달러,매경이코노미 선정 ‘담대한 예측’ 20選,2020-01-20
원달러,"[속보] 원달러 환율, 신종코로나 공포에 급등 출발",2020-01-28
원달러,"`신종 코로나 확산 경계감` 원달러 환율, 3.8원 오른 1188원 출발",2020-01-31
원달러,코로나19 생존 재테크-金·달러·초분산 EMP로 ‘머니무브’ 脫중국 수혜 부품주·암호화폐 ‘들썩’,2020-02-21
원달러,`코로나19 비상` 원달러 환율 장초반 상승세 `주춤`,2020-02-24
원달러,`코로나19 비상` 원달러 환율 1220원대 넘어서…작년 8월이래 최고,2020-02-24
원달러,[전 세계 뒤덮은 코로나19 사태] Part Ⅱ 코로나19 사태 이후 금융시장 분석 | 기업 실적에 악영향… 투자심리도 위축,2020-02-26
원달러,`코로나19 팬데믹 우려에` 원달러 환율 상승,2020-02-26
원달러,"`코로나19 여파` 원달러 환율, 6.6원 오른 1216.9원 마감",2020-02-26
원달러,"한은, 2월 기준금리 동결했지만…코로나 사태 심각 땐 금리인하 카드?",2020-03-02
원달러,"""코로나19 확산에도…"" 원화 가치 상승한 이유는?",2020-03-02
원달러,"[Hot-Line] ""팬오션, BDI 급락으로 실적부진 이어질 것""…목표가↓",2020-03-02
원달러,코로나19 공포에 돈 몰리는 안전자산-MMF(머니마켓펀드)에 30조 뭉칫돈…金·달러 여전한 인기,2020-03-09
원달러,`코로나19 팬데믹 선언` 원달러 환율 1206.5원 마감…전일比 13.5원↑,2020-03-12
원달러,"`코로나19 팬데믹 선언` 원달러 환율, 상승세…1197원대 오르락 내리락",2020-03-12
원달러,[속보] 원달러 환율 5.0원 오른 1231.0원(개장),2020-03-17
원달러,"[아이넷 AI 로봇 기자] CJ제일제당, `홈코노미(Home+Economy) 트렌드의 최대 수혜주` 증권사 발표에 강세",2020-03-25
원달러,‘언노운 리스크’ 덮친 재테크 시장…달러·超분산펀드·美 리츠 ‘피난처’,2020-03-27
원달러,[株머니 주요산업 증시기상도] 반도체·2차전지株 과매도 국면…반등 모색 기대감,2020-03-27
원달러,불안을 먹고 큽니다… 악재 뚫고 주목받는 투자 피난처는 역시 달러,2020-04-02
원달러,"[펀드탐방] ""하이브리드 환 헷지 전략으로 약세장에서 더 잘 버티는 TDF""",2020-04-03
원달러,[역대 경제 수장에게 듣는다] (2) 최중경 한국공인회계사회장 | IMF·금융·북유럽형(부동산 붕괴) ‘3중파’ 위기 닥친다,2020-04-06
원달러,"[외환] 원달러 환율 0.6원 내린 1,217.3원(마감)",2020-04-14
원달러,"[아이넷 AI 로봇 기자] 이노션, `그룹계열사의 안정성 부각 ` 증권사 발표에 강세",2020-04-16
원달러,천정부지 금값에도…내 금펀드는 왜 이러지,2020-04-19
원달러,"[자막뉴스]불안한 코로나 경제, 스테이블 코인으로 암호자산을 지킬 수 있대",2020-04-23
원달러,"레버리지 WTI원유 선물 ETN 초비상, 전모는? WTI 급락이 불러온 나비효과… 금값은 ‘펄펄’",2020-04-29
원달러,저유가 수혜주 한전-유가 1弗 하락하면 1천억 이익,2020-05-04
원달러,[Finance] 대형 위기에 학습효과-기업도 자산가도…달러예금 열풍,2020-05-04
원달러,바닥 모르는 국내車산업-현대차 판매 9년 전 후퇴…2분기가 더 걱정,2020-05-11
원달러,"지속되는 미국과 중국 간의 갈등 고조, 관심 있게 봐야 할 종목은?",2020-05-26
원달러,초보자도 쉽게 이해하는 원유 ETF·ETN 투자설명서,2020-05-28
원달러,코로나19에 대응한 재정·통화정책 공조가 금융시장에 미치는 영향,2020-06-02
원달러,"`코로나19 재유행 우려` 원달러 환율, 12원 급등…전일比 12.3원↑",2020-06-12
원달러,`코로나19 재유행 우려` 원달러 환율 7.4원 오른 1203.8원 마감,2020-06-12
원달러,[경제칼럼] 한미 통화스와프 덕분에 외환위기 걱정 없다고?,2020-07-13
원달러,"현대차, 올해 2분기 영업이익 5903억원…전년비 52.3%↓",2020-07-23
원달러,"AB운용, 美그로스주식형펀드 언헤지로 출시",2020-07-28
원달러,금·은 가격 급등 ‘지금 들어가도 될까’ 金 2100달러(국제 금가격)까지 간다…銀 투자도 ‘유망’,2020-08-03
원달러,최근 금이 더욱 빛나는 이유 - 8월 금융시장 브리프,2020-08-05
원달러,올해 급등한 금…2100달러까지 가나? 이제라도 금 투자? 은 투자도 눈길,2020-08-14
원달러,[원자재] KRX금시장서 주식처럼 투자 가능,2020-08-24
원달러,"한은 금통위 기준 금리 0.5%로 동결…""GDP 성장률 -1% 초반 예상""",2020-08-27
원달러,"[2020 서울 머니쇼] ""일본 제외한 아시아 증시 상승 가능성""",2020-09-03
원달러,"[Hot-Line] ""SK하이닉스, 4분기 메모리 시황 저점""",2020-09-23
원달러,"연휴 앞둔 코스피 `장밋빛 전망`…증권가 ""중장기 상승세 재개""",2020-09-28
원달러,미 대선 관련 기대·불확실성이 반영되는 금융시장,2020-10-07
원달러,[포토] 원달러 환율 1140선 붕괴,2020-10-20
원달러,"현대차, 3분기 영업이익 적자전환…영업손실 3138억원",2020-10-26
원달러,"""금리 낮아도 안전자산 사자"" 달러예금 돌풍",2020-11-04
원달러,[포토] 소폭 상승한 원달러 환율,2020-11-12
원달러,"씨티케이코스메틱스, 3분기 영업손실 7억원…적자폭 축소",2020-11-16
원달러,월가 현지 트레이더와 기관 상위 1% 출신이 직접 주식과 해외선물 원포인트 레슨!,2020-11-18
원달러,중장기 주식매입자금은 DSR미적용·연3.5%·1년고정 금리로!,2020-11-18
원달러,저평가 꼬리표? 금융주 이제는 사야할 때,2020-11-30
원달러,‘중린이’가 따라 하는 中 투자 A to Z-후강통·팅파이·장팅…용어 학습부터,2020-12-02
원달러,"[포토] 코스피, 또 다시 신고점 갱신",2020-12-04
원달러,"한눈에 보는 ‘2021 대예측 포럼’ | 서학개미, 바이오·신재생에너지로 경제 V자 반등…집값 여전히 상승",2020-12-04
원달러,"[Hot-Line] ""SK하이닉스, 내년 메모리 가격 급상승 예상""…목표가↑",2020-12-08
원달러,[틴 매일경제] 코로나 백신·美 대통령 선거가 왜 우리나라 환율을 움직일까요?,2020-12-08
원달러,"불안한 12월 VS 산타 랠리 속, 기관과 외인이 주목하는 종목은?",2020-12-11
원달러,"삼성證 487명 CEO·CFO에게 물으니 64.6% ""주식비중 늘릴 것""",2020-12-15
원달러,거시경제서 버블 징후 찾는 법-유동성 확대에도 실물경제는 무덤덤 ‘질 나쁜’ 대출 증가…최고의 경계 신호,2020-12-18
원달러,[머니콕] 주식시장 발빼야할 신호는 OOOO이다,2020-12-19
원달러,경자년에 약진한 CEO | 코로나 위기를 기회로 만든 경영인 눈길,2020-12-24
원달러,"KB 중국본토 A주 펀드, 상하이·선전에 상장된 IT株 집중투자",2020-12-29
원달러,"코로나19 위기에 더 강해진 삼성전자, 지난해 36조 벌었다",2021-01-08
원달러,베스트 애널리스트들이 사랑하는 이 종목,2021-01-21
원달러,현대차 4분기 영업이익 1조6410억원…40.9%↑[종합],2021-01-26
원달러,`달러 약세 전망에` 달러 사재기 환테크 열풍,2021-02-02
원달러,[아이넷 AI 로봇 기자] 에코프로비엠 `주요 고객사의 소송 합의로 매출 불확실성 해소` 증권사 발표에 강세…9.32%,2021-04-12
원달러,"`반도체 품귀 팬데믹` 걱정에…`1분기 호실적` 현대차, 웃지 못하겠네",2021-04-22
원달러,[MBN GOLD 시황저격] 6월 외국인이 돌아온다…반도체·자동차株 주목,2021-06-04
원달러,"`금리 인상기` 재테크 고수조언…""하반기 자산시장 조정…현금 30% 확보하라""",2021-06-06
원달러,"골드바 판매량 1년새 2배, 신탁도 껑충",2021-07-06
원달러,"파월 ""테이퍼링 멀었다"" 재확인에 국채↑달러↓...한은, 금리 동결",2021-07-15
원달러,델타 변이 충격에 코스피 사흘째 하락…“제2팬데믹 우려는 지나쳐”,2021-07-20
원달러,"현대차, 2분기 영업이익 1조8860억원…전년比 219.5%↑",2021-07-22
원달러,SK하이닉스는 진정됐는데…삼성전자 외인 매도세 이어지는 이유,2021-08-27
원달러,美잭슨홀 심포지엄 영향 이어져…원달러 환율 2.2원 내린 1167.0원 마감,2021-08-30
원달러,"원달러 환율, 4거래 연속 하락…2.3원 내린 1157.2원 마감",2021-09-01
원달러,`달러 강세` 9월 후반부 완화 예상.. 대비는 연2.99% 자금으로,2021-09-01
원달러,"원달러 환율, 5거래일만에 상승 마감…4.3원 오른 1161.5원 마감",2021-09-02
원달러,"원달러 환율, 상승 하루만에 하락 전환…4.5원 내린 1157.0원 마감",2021-09-03
원달러,"달러 강세 압박에…원달러 환율, 8.9원 오른 1166.7원 마감",2021-09-08
원달러,`美 테이퍼링+中 헝다 리스크↑` 원달러 환율 1185원 돌파…1년來 최고,2021-09-23
원달러,"`中 헝다 리스크에 널뛰기` 원달러 환율, 장중 1186원→1175.5원 마감",2021-09-23
원달러,`中 헝다 리스크 일단 진정` 원달러 환율 1원 오른 1176.5원 마감,2021-09-24
원달러,"""미국 통화정책 헝다그룹 불확실성 소화""…원달러 환율 0.3원 오른 1176.8원 마감",2021-09-27
원달러,헝다 자산매각에 급등세 진정…원달러 환율 2.6원 내린 1181.8원 마감,2021-09-29
원달러,[MBN GOLD 시황저격] 美 셧다운 우려에 인플레 공포 겹쳐…친환경株로 버텨야,2021-10-01
원달러,"""삼성전자 이제는 오르나""…분기매출 73조원 역대급 실적 8일 발표할 듯",2021-10-04
원달러,비트코인 ETF 8년 만에 승인날까,2021-10-08
원달러,"원달러 환율, 장중 1200원대 뚫었다…전일比 4.2원 오른 1198.8원 마감",2021-10-12
원달러,"코스피, 인플레 우려에도 이틀째 1%대 급등",2021-10-14
원달러,"""휴~ 中 헝다발 위기 일단 피해갔다""…원달러 환율, 0.1원 내린 1177.1원 마감",2021-10-22
원달러,삼천피 겨우 지켜…코스닥은 올랐지만 천스닥 회복 못해,2021-10-22
원달러,"원달러 환율, 이틀째 하락…전거래일比 8.7원 떨어진 1168.4원 마감",2021-10-25
원달러,"`위드 코로나` 기대감에…코스피, 사흘만에 반등 성공",2021-10-25
원달러,현대차 3분기 영업이익 1조6067억원…전년동기 대비 흑자전환,2021-10-26
원달러,"`주식發 훈풍에` 원달러 환율, 사흘째 하락…전거래일比 0.8원 내린 1167.6원 마감",2021-10-26
원달러,"불안한 증시, 믿을 것은 실적뿐...금리 올라 은행 `싱글`, 리오프닝에 유통 `벙글`",2021-11-01
원달러,코스피 사흘만에 소폭 상승…삼성전자·SK하이닉스 나란히 반등,2021-11-01
원달러,MSCI 선진국지수 편입 이번엔 성공할까…홍남기 ‘본격 재검토’ 밝혀,2021-11-02
원달러,외인·기관 쌍끌이 매수에 코스피 3000선 회복…삼성전자 2%대 급등,2021-11-02
원달러,"원달러 환율, 전거래일比 2.1원 내린 1174.4원 마감",2021-11-02
원달러,`달러 저가 매수세 유입` 원달러 환율 1.0원 오른 1182.6원 마감,2021-11-04
원달러,미국 고용 개선 기대감에…원달러 환율 2.6원 오른 1185.2원 마감,2021-11-05
원달러,"원달러 환율, `롤러코스트` 장세 보이다 소폭 하락 마감",2021-11-15
원달러,"`널뛰기` 원달러 환율, 장중 7.7원 등락하며 상승 마감",2021-11-16
원달러,"21년간 경제적 가치 최대 3041조원…한국경제연구원, 한미동맹 가치 어떻게 분석했나",2021-11-17
원달러,"원달러 환율, 강달러 영향에 상승 마감…2.6원 오른 1182.5원 마감",2021-11-17
원달러,"원달러 환율, 4.9원 오른 1185.3원 마감",2021-11-19
원달러,"LG이노텍, 오미크론발 폭락장에도 52주 신고가 기록한 이유는",2021-12-01
원달러,"제네시스·아이오닉5, 역시 어려울 때 효자…현대차 4분기 영업익 1조5297억원, 전년비 21.9%↑",2022-01-25
원달러,"""빠질 만큼 빠져"" 코스피 저점론 고개",2022-02-02
원달러,체감유가 이미 100달러…물가 상승률 4% ‘빨간불’,2022-02-07
원달러,"[포토] 우크라이나 영향 받아 출렁인 원달러 환율, 코스피, 코스닥",2022-02-17
원달러,"개미 잠 못 들때, 당신만은 룰루랄라…이것 투자했군요",2022-02-18
원달러,"환율 13일만에 1200원대 복귀…1202.4원 [러, 우크라 침공]",2022-02-24
원달러,러시아 우크라이나 침공에…원달러 환율 장중 1200원 돌파,2022-02-24
원달러,[속보] 원달러 환율 2.6원 오른 1205.0원 개장,2022-02-25
원달러,"""투자심리 회복""…원달러 환율, 상승 출발후 하락전환 [러, 우크라 침공]",2022-02-25
원달러,"""위험회피 심리 다소 완화""…환율, 0.8원 내린 1201.6원 마감 [러, 우크라 침공]",2022-02-25
원달러,[재테크 빙하기 내 자산 불리는 필살기] PartⅠ 금융 안전자산 ➊ 달러·금 | “당분간 쌓아두자”… 가격 강세 이어질 듯,2022-03-04
원달러,"원달러 환율, 2차 저항선 1230원대 진입…1년9개월만",2022-03-08
원달러,"원달러 환율, 2차 저항선 1230원대도 뚫었다…1년9개월만",2022-03-08
원달러,러시아 전쟁에 직격탄 맞은 보로노이,2022-03-16
원달러,"환율, 1220원대 중후반 `오르락 내리락`…정부 시장 안정화 메시지 내놔",2022-03-17
원달러,"발군의 성과 ‘아세안 펀드’...동남아, 원자재 풍부한데 RCEP 수혜까지",2022-03-18
원달러,"`대출 문턱 확 낮추는데` IMF ""LTV·DSR 더 강화"" 권고 왜?",2022-03-29
원달러,나 홀로 고공행진 ‘중남미 펀드’…원자재값 뛰자 ‘훨훨’,2022-04-01
원달러,"""더 싼 백화점 가서 사세요""…高환율에 면세업계 울상",2022-04-07
원달러,[포토] 13일 코스피 코스닥 원달러 환율 종가,2022-04-13
원달러,"""역시 제네시스가 효자""…현대차 1분기 영업익 1조9289억원, 전년비 16.4%↑",2022-04-25
원달러,[포토] 오르는 원달러 환율,2022-04-25
원달러,"현대차, 고급차로 반도체 악재 뛰어넘었다",2022-04-25
원달러,SKT·LG이노텍·S-Oil…외국인들 셀 코리아에도 실적株는 ‘찜’,2022-04-29
원달러,한국 경제 3% 성장 멀어지나...꽁꽁 언 소비·투자로 1분기 성장률 0.7%,2022-04-29
원달러,시계제로 증시 속 타는 투자자들,2022-05-06
원달러,고물가·고금리·고환율 `3高` 짓눌린 코스피...`삼천피는커녕` 당분간 `박스피`?,2022-05-06
원달러,달러로 ‘머니무브’…이참에 달러 ETF 담아볼까,2022-05-15
원달러,"""이수페타시스, 최대 실적 전망…주가 매력도 높아""",2022-05-17
원달러,[포토] 흘러내리는 코스피 원화값,2022-05-19
원달러,"""해성디에스, 내년까지 매출·수익성↑""...비중확대는 DSR무관 골드스탁 재원으로",2022-05-27
원달러,"""삼성전자 4분기 실적 둔화…주가 6만 초반까지 내려갈 수도""",2022-05-31
원달러,달러 ETF·RP·예금·보험…강달러 탑승해볼까,2022-06-03
원달러,"""지금은 미리 사둔 달러 팔고, 저평가 엔화 살 때""",2022-06-09
원달러,"삼성重, 카타르 프로젝트 LNG선 14척 3조9천억 수주",2022-06-22
원달러,원달러 환율 또 연고점 1297.3원 마감…13년 만에 `최고`,2022-06-22
원달러,[포토] 원달러 환율 1300 돌파,2022-06-23
원달러,"""백화점보다 더 비싸다고?""…고환율에 면세점 `비상`",2022-06-27
원달러,"`역직구`로 숨통 트일까…면세점, 매출 증가세에도 회복은 `아직`",2022-06-29
원달러,일본 엔화 가치 ‘뚝’...분할 매수라면 눈독들일 만,2022-07-01
원달러,[재야고수 특별레슨5] 배당주로 현금 확보하고 달러 투자 병행,2022-07-01
원달러,"베어링자산운용, ""하반기 횡보장 전망…배당주 투자 유망""",2022-07-04
원달러,외국인 기관 매도세에 코스피 2292.01…1년 8개월 만에 2300 붕괴,2022-07-06
원달러,"[아이넷 AI 로봇 기자] 기아, `2Q22 Preview: 오타 아닙니다` 증권사 발표에 강세",2022-07-11
원달러,"`고부가가치` 제네시스가 효자…현대차 2분기 영업익, 전년비 58%↑",2022-07-21
원달러,EU 0.5% 금리 인상 후 유로 가치 급등세,2022-07-22
원달러,"현대차, 실적 호조에 주가 20만원 재탈환 ‘눈앞’",2022-07-25
원달러,KSS해운 상반기 매출 2000억원 돌파...역대 최고 기록,2022-07-28
원달러,내·외국인 이용객 늘었지만…6월 국내 면세점 매출 0.5% 상승,2022-07-29
원달러,"""당분간 베어마켓 랠리 가능성 주목""...대비는 DSR무관 연4.95% 자금으로",2022-08-09
원달러,"""2차 반등국면 낙폭과대 업종이 주도""...선점은 DSR무관 연4.95% 상품으로",2022-08-09
원달러,돌아온 외국인 ‘바이코리아’ 행보…긴축 완화·실적·환율 기대감 호재로,2022-08-12
원달러,"""유학생·기업들 어쩌나""…원달러 환율 13년만에 1330원 돌파",2022-08-22
원달러,한국투자TDF알아서2050 UH 2년 수익률 18.2%,2022-08-22
원달러,"[속보] ""유학생·기업들 어쩌나""…원달러 환율 1340원도 넘어서",2022-08-22
원달러,일주일만에 다시 `5만 전자` 털썩…SK하이닉스도 동반 약세,2022-08-22
원달러,"[속보] 외환당국 “환율 상승, 투기적 요인 있는지 면밀히 점검”",2022-08-23
원달러,"오늘 대통령·6수석 오찬회동…""신임수석 환영 차원""",2022-08-23
원달러,"`폭주하던` 원달러 환율, 외환당국 구두개입에 하락전환",2022-08-23
원달러,尹 대통령 “불안하지 않게 잘 관리할 것”…당국 구두 개입했지만 원화가치 하락 이어져,2022-08-23
원달러,"`외환당국 개입` 원달러 환율, 1345.5원에 마감…금융위기來 최고치",2022-08-23
원달러,株머니 매니저의 HOT종목,2022-08-26
원달러,[MBN GOLD 시황저격] 9월 美금리충격 선반영…기술적 조정은 매수기회,2022-08-26
원달러,[포토] 1350원 돌파한 원달러 환율,2022-08-29
원달러,파월 ‘매파 발언’에 “아시아 통화 약세 더 심화될 것”,2022-08-29
원달러,"`숨고르기` 원달러 환율, 하루 만에 반락…1346.7원 마감",2022-08-30
원달러,"추경호 ""8월 물가 6% 넘지 않을 것""",2022-08-30
원달러,"`숨고르기` 원달러 환율, 하락 출발…1340원대 후반 `오르락 내리락`",2022-08-30
원달러,"원달러 환율, 이틀만에 연고점 경신…장중 1352원",2022-08-31
원달러,진작 샀어야 하나…하반기에도 슬금슬금 가격 올리는 가구업계,2022-08-31
원달러,[오늘의 매일경제TV] 불안한 환율…증시 투자 해법은,2022-09-08
원달러,"""순식간에 학비 1천만원 올려버려""…`환율 쇼크`에 허리 휘는 유학생 부모들",2022-09-14
원달러,코로나 지나가니 고환율…`킹달러`에 울고 웃는 기업들,2022-09-14
원달러,`도시락 폭탄` 나왔나…1400원 턱밑서 6원 빠진 원달러 환율,2022-09-15
원달러,안 그래도 옷 잘 팔리는데…킹달러 등에 업은 의류업체 3인방,2022-09-16
원달러,아이폰은 직구가 제일 싼 거 아녔어? 가격이 왜 이러나 따져 봤더니 [MZ 소비일지],2022-09-20
원달러,"미래에셋 미국달러단기채ETF, 순자산 5천억원 돌파",2022-09-20
원달러,미국 `킹달러` 분위기 속 동학개미 하락에 베팅…919억원 순매수,2022-09-20
원달러,"""매파적 연준에 `킹달러` 현상 지속…원/달러 상단 1450원""",2022-09-22
원달러,"원달러 환율, 13년 6개월만에 1400원 돌파",2022-09-22
원달러,"다시 역전된 한미금리…""원·달러 환율 최고 1434원까지 오를 수 있다""",2022-09-22
원달러,나스닥 75% 하락 대폭락 가능성…FOMC는 시작에 불과 시장 붕괴시나리오 대비해야 [매부리TV],2022-09-22
원달러,외환보유액 ‘뚝뚝’…‘핫머니’ 공격설까지,2022-09-23
원달러,무역 적자 암초…집값 붕괴는 없을 듯,2022-09-23
원달러,‘인플레’도 ‘킹달러’도 두렵지 않다…상사株 ‘깜짝 실적’ 기대,2022-09-25
원달러,"[속보] 원달러 환율, 개장 직후 1420원 돌파...13년 6개월만",2022-09-26
원달러,원달러 환율 1430원도 돌파…실질 실효 환율 2010년과 유사,2022-09-26
원달러,"삼성증권, 해외채권 모바일 매매 서비스 ‘돌풍’",2022-09-26
원달러,[포토] 예측 안되는 원달러,2022-09-28
원달러,2030 골린이 이탈…골프채 매물 급증,2022-09-30
원달러,[‘고금리·고환율·고물가’ 3高 시대 투자법] 맥 못추는 금 비트코인…상승 모멘텀 안보여,2022-09-30
원달러,끝 모를 오름세…‘킹달러’ 지금 올라타도 될까,2022-10-03
원달러,`디지털 트렌드 2023` 신간 출간,2022-10-06
원달러,‘갓달러’ 수혜주는 역시…2차전지·자동차·조선 ‘달러 강세 안전판’,2022-10-07
원달러,"금통위 앞두고 환율 또 급등…""환율 얼마나 더 오르나요?""",2022-10-11
원달러,조기 출시설 삼성의 `뉴` 갤럭시…`깜짝놀랄` 세부 사양 속속 나온다,2022-10-13
원달러,"`갓달러 팝니다` 중고거래 급증에 한은 ""하루 5000弗 이상 거래시 신고해야""",2022-10-13
원달러,환율폭등에 수입물가 석달만에 상승…소비자물가에 악영향,2022-10-14
원달러,삼성바이오로직스 ‘3분기에도 호실적은 쭉~’,2022-10-17
원달러,"""킹 달러? 모르겠고, 일단 나간다""…해외여행 봇물에 `이것` 챙기세요",2022-10-24
원달러,"현대차, 올 3분기 영업이익 1조5518억원…전년비 3.4%↓",2022-10-24
원달러,"""현대차, 3분기 영업익 금융부문 다소 부진""…목표가↓",2022-10-25
원달러,4명 가족 패딩만 몇벌이야…그래도 팔아야 사는 패션기업들 [방영덕의 디테일],2022-10-29
원달러,“애플 고마워” LG이노텍·자화전자·비에이치 ‘활짝’,2022-10-31
원달러,"[아이넷 AI 로봇 기자] LG이노텍, `실적 차별화 부각될 전망` 증권사 발표에 강세",2022-10-31
원달러,“경기 무너진다”vs“물가 여전히 높다” 이견 커진 금통위,2022-11-01
원달러,"붕어빵 1개 1천원, 호떡 2천원...도대체 안 오르는게 없네",2022-11-07
원달러,"[포토]코스피, 2420선까지 회복…환율은 1360원대 마감",2022-11-09
원달러,한국이 먼저 ‘피벗’ 나서나…이창용 “최근 인플레·환율 비교적 안정” 11월 ‘베이비스텝’ 시사,2022-11-11
원달러,자이언트스텝 후 금리 인상 속도 조절…‘킹달러’ 기승부리다 1300원대서 안정,2022-11-11
원달러,쿠팡이 벌써 흑자를 냈다고?…KCTC·동방 등 관련주 ‘화색’,2022-11-12
원달러,‘살까 말까’...카타르 월드컵 기대감에 역대급 할인전 펼친다는 이 곳,2022-11-14
원달러,"요즘 길거리서 파는 붕어빵, 점점 사라지는 이유",2022-11-15
원달러,"[아이넷 AI 로봇 기자] 코스맥스, `방향성은 맞지만 속도가 문제` 증권사 발표에 강세",2022-11-15
원달러,정점 지나는 美 물가 성장주 매수 기회 온다 [MBN GOLD 시황저격],2022-11-17
원달러,금투세 도입 두고 정치권 ‘샅바 싸움’…1% 부자 과세? 큰손 떠나면 개미엔 지옥,2022-11-18
원달러,외국인 삼성전자 매수세 한풀 꺾여...원화강세 흐름 부담됐나,2022-11-20
원달러,국민연금은 왜 애플 아마존 투자비중을 확 늘렸을까,2022-11-21
원달러,이번엔 베이비스텝?…한은 11월 24일 올해 마지막 기준금리 결정,2022-11-22
원달러,오늘 사상 첫 6회연속 기준금리 인상 임박…베이비스텝 유력,2022-11-24
원달러,대한항공-아시아나 합병 ‘독과점’ 우려 딛고 순항할까,2022-11-25
원달러,"삼성전자, 美 반도체지수 부진에 장중 ‘5만전자’ 회귀",2022-11-28
원달러,[포토]넉달 만에 원달러 환율1200원대,2022-12-01
원달러,“300% 오른 삼천리·금양 손대지 말라”…슈퍼개미가 찍은 종목은 [자이앤트TV],2022-12-11
원달러,"반도체 투톱 삼성전자·SK하이닉스, 실적 부진 우려에 약세",2022-12-12
원달러,“美ETF 환율걱정 된다면...(H)로 해결하세요” [안갑성의 자이앤트TV 인터뷰],2022-12-16
원달러,“갤럭시버즈 40% 할인!”…‘역대급 떨이’에 바빠진 직구족,2022-12-22
원달러,한은 총재 말 들을걸…올해 나스닥 손실 10% 줄일수 있었다,2022-12-31
원달러,“자기야 카드명세서 이것 뭐야”...아내가 따지기 시작한 이유 [생생유통],2022-12-31
원달러,"[아이넷 AI 로봇 기자] LG에너지솔루션, `4Q22 Preview: 잠시 숨 고르기` 증권사 발표에 강세",2023-01-02
원달러,에르메스 이어 롤렉스까지…새해 벽두부터 명품 가격 ‘껑충’,2023-01-03
원달러,"[아이넷 AI 로봇 기자] LG에너지솔루션, 증권사 목표가 상향에 강세…3.13%",2023-01-10
원달러,1000원 아메리카노가 사라진다…저가커피 가격 ‘껑충’,2023-01-12
원달러,“지금 코스피가 왜이래?”...대형주 활약에 예상밖 ‘1월 효과’,2023-01-13
원달러,새해 들어 ‘카카오 3형제’ 반짝 강세…지속 여부는 엇갈려,2023-01-15
원달러,"LG이노텍, 작년 영업익 1조2718억…0.6% 성장 그쳐",2023-01-25
원달러,“어려울 때 제네시스가 효자”…현대차 작년 영업익 9조원 첫 돌파,2023-01-26
원달러,LG이노텍 어닝 쇼크에 증권업계 “하반기엔 개선”,2023-01-26
원달러,올해 경제 어떻게 될까··· 전문가에게 물어봤더니,2023-01-27
원달러,지주·은행·보험 두루 경험…‘준비된 행장,2023-01-27
원달러,삼전·네카오에 물렸다면? …“수면제 먹고 2~3년 푹 자라” [자이앤트TV],2023-01-29
원달러,8년만의 흑자전환 기대감에 삼성중공업 상승세,2023-02-02
원달러,"올빼미 투자자 눈이 번쩍...“앗싸, 애플 1주 더 살 수 있네”",2023-02-07
원달러,위험자산 랠리…연초부터 탐욕 모드?,2023-02-10
원달러,챗GPT 열풍 최종 승자는?…결국 오를 주식은 ‘삼성전자’ [자이앤트TV],2023-02-25
원달러,“소비자 부담 덜어줘야”...SK가스·E1 3월 LPG 가격 ‘동결’,2023-03-01
원달러,국민연금 지난해 -8% 수익률... 손실만 80조원 육박,2023-03-02
원달러,답답한 코스피에도 외국인은 수익냈다…개미는 뒷걸음질,2023-03-02
원달러,"[아이넷 AI 로봇 기자] 영원무역, `오더 증감만큼 중요해진 환율 방향성` 증권사 발표에 강세",2023-03-09
원달러,‘세계의 공장’ 문이 열린다 중국 ‘리오프닝’ 기회일까 [경제 칼럼],2023-03-10
원달러,“금융 글자만 있어도 주가 빠진다”...韓 은행주 우수수,2023-03-14
원달러,"현금 유출입 ETF, 채권 싹쓸이",2023-03-16
원달러,연금개미들 “이것 모으는 재미 쏠쏠”…‘한국판 SCHD’에 돈 몰린다 [자이앤트TV],2023-03-17
원달러,"유니클로 제쳤다…탑텐, K패션 자존심 지켜 [CEO 라운지]",2023-03-24
원달러,당장은 리스크 관리… 중장기 모멘텀株 주목,2023-03-24
원달러,한미 증시 위험도 하락 [붐앤쇼크],2023-03-26
원달러,"[아이넷 AI 로봇 기자] 엘앤에프, `수익성 회복은 2Q23부터` 증권사 발표에 강세",2023-03-30
원달러,"逆머니무브 끝, 다시 짜는 자산 포트폴리오… 예·적금서 뺀 돈, 채권·ETF로 몰린다",2023-04-03
원달러,"“LG엔솔 90만원 가즈아~”...미래에셋證 “아직 실적 상향 조정과 모멘텀 끝나지 않았다” [오늘, 이 종목]",2023-04-10
원달러,버냉키도 모른다는 금값···사상 최고가 찍은 지금 투자해도 될까요? [매일 돈이 보이는 습관 M+],2023-04-13
원달러,쿠팡 신기록 행진…1900만 고객 태우고 흑자로켓 쐈다,2023-05-10
원달러,한국 수출 살아나면…1$=1300원대 탈출,2023-05-18
원달러,2023년 수출 하반기 1.3% 감소 전망… 최근 수출 하락세 진정,2023-06-01
원달러,"“4500원 담뱃값, 8000원으로 비싸져야”…인상론, 2년만에 재점화?",2023-06-02
원달러,"서영경 금통위원 “환율, 코로나 이전으로 돌아가긴 어려워”",2023-06-02
원달러,TR? PR? ETF 이름 쉽게 읽는 법 완벽 정리 [신화!머니?],2023-06-09
원달러,"“진에어 2분기 영업이익 300억원대 사상 최대, 목표가 유지”",2023-06-16
원달러,“수요 회복에 드디어 날까”…항공주 줄줄이 강세,2023-06-16
원달러,"원화 강세에 역대급 여름 성수기 기대까지... 항공주 전 종목 강세 [오늘, 이 종목]",2023-06-16
원달러,외국인 짐싸나…4~5월 6조 담더니 최근 한주에 1조어치 팔았다,2023-06-25
원달러,"“고맙다 그랜저, 다음은 싼타페 차례”…현대차, 올 2분기 영업이익 42.2%↑",2023-07-26
원달러,환율 충격 없었다…원화값 3.2원 내려,2023-07-27
원달러,원화값 1200원 초반 될 수도?…“유학비 환전 하려다 돌아왔어요”,2023-07-27
원달러,글로벌 경기 따라 요동치는 달러·엔 환율 | 달러 변동폭 커지고 엔화 가격은 상승 전망,2023-07-28
원달러,[주식 초고수는 지금] “2차전지株 더 간다” 에 베팅한 고수들...다시 매수 리스트 톱에 오른 이 회사,2023-08-02
원달러,1200원 되는거 아니었어?…출렁댄 원화값에 후회 막심이라는데,2023-08-03
원달러,“투자엔 반일감정 없죠”...중국·홍콩 나와 일본증시 향하는 개미,2023-08-08
원달러,추경호 “유류세 인하 2개월 연장”...국민부담 던다,2023-08-18
원달러,“킹달러 수혜주라더니 주가 왜 이래”…울상 짓는 현대차·기아,2023-08-24
원달러,"G2발 더블 악재…연고점, 원달러 환율 어디까지?[매일 돈이 보이는 습관 M+]",2023-08-31
원달러,주식투자에 경제예측 쓸모없다?…고수도 챙겨보는 ‘3가지 지표’ [자이앤트TV],2023-09-10
원달러,"올해 내내 순매도 이어간 기관, 이 종목은 샀다",2023-09-13
원달러,"가격 비싸, 출시 늦어…한국 애플팬 많은데 또 불거진 홀대론",2023-09-14
원달러,"경기 낙관하다 체면 구긴 정부, 법인세만 25조 ‘구멍’",2023-09-19
원달러,“한국기업에 억하심정이라도 있나”…일본의 철근 덤핑공세,2023-09-25
원달러,"""日·中 저가공세에 당할 수가 없다"" '30% 싼 일본철강' 수입 44% 급증",2023-09-25
원달러,옷도둑 얼마나 기승이길래…영국 버버리도 “더는 못참아”,2023-10-02
원달러,“4분기에 진짜 큰 거 온다”…장 떠났던 개미들 기대감 스멀스멀,2023-10-15
원달러,화물사업부 매각 승부수 내걸었지만…대한항공-아시아나항공 합병 ‘진퇴양난’,2023-10-18
원달러,“요즘 주식 재미없다”며 떠나는 개미들…개인 거래대금 비중 12%p 뚝,2023-10-22
원달러,"[포토] 코스피 2300선 붕괴, 원달러 환율 1360원",2023-10-26
원달러,‘심리적 G8국가’ 김칫국이었나…국민소득 격차 갈수록 벌어져,2023-10-30
원달러,공매도 투자자만 신났네...호텔신라 주가 수직낙하,2023-10-30
원달러,“일본여행 지금 안 가도 환전해둘까”…엔화값 바닥 또 뚫었다,2023-11-03
원달러,자동차·방산·조선 ‘씽씽’ 석유화학·건설 여전히 ‘안갯속’ [2024 대예측],2023-11-09
원달러,골드만삭스 “한국은행 내년에 기준금리 2차례 내린다”,2023-11-10
원달러,떠날줄 알았는데…공매도 금지후 국내증시 쓸어담은 외인,2023-11-22
원달러,파월 한마디에 ‘온탕’ 월러 한마디에 ‘냉탕’ [US REPORT],2024-01-27
원달러,[재테크 ③] 국내증시 | 비관론 속 피어오르는 코스피 바닥론,2024-02-07
원달러,"“LG이노텍 목표가 11%↓…중국 아이폰 판매 부진 때문” [오늘, 이 종목]",2024-03-14
원달러,“이렇게 오르는덴 다른 이유가”…도발 일삼는 ‘이 나라’ 때문에 환율 출렁 [매일 돈이 보이는 습관 M+],2024-04-11
원달러,환율 1400원대 재진입 전망에 곱버스 베팅한 달러개미 ‘비명’,2024-04-15
원달러,"“콩카페의 나라, 커피값이 왜 이래”…축구장 17개 넓이 호수 말라버리자 나비효과 [신짜오 베트남]",2024-04-15
원달러,"당국, 환율 급등에 구두개입…“외환수급에 각별한 경계심”",2024-04-16
원달러,“나만 빼고 다 벌었나”…올해 돈번 개미는 ‘이것’ 때문이라는데,2024-04-16
원달러,"[포토] 코스피 급락, 원달러 환율 급등",2024-04-16
원달러,[포토] 원달러 환율 1400 육박,2024-04-16
원달러,"“외환위기급 폭락”...1400원 깨진 원화값, 더 떨어진다고?",2024-04-16
원달러,‘킹달러’에 美SOFR ETF 수익률 쏠쏠,2024-04-16
원달러,이창용 한은 총재 “환율 변동성 과도해…기준금리 인하는 아직”,2024-04-17
원달러,"키움증권, 세전 연 5% 특판 ELB 판매",2024-04-22
원달러,‘집값 1년후 오를 것’ 5개월만에 최고…한국은행 분석 보니,2024-04-24
원달러,"[홍장원 특파원의 월스트리트 인사이트] 인플레 지속에 사라져버린 금리 인하 기대, 안전자산 선호 심화로 달러강세 지속",2024-04-26
원달러,‘킹달러’와 ‘스태그플레이션’이 만나면 [편집장 레터],2024-04-28
원달러,고유가에도 값 못올린 LPG업계…1분기 세전이익 절반이하 뚝,2024-04-29
원달러,킹달러 시대 언제까지···일시적 vs 뉴노멀?,2024-04-30
원달러,다시 킹달러 新생존전략···전 세계 골병드는데 美 나 홀로 호황,2024-04-30
원달러,킹달러 시대 수천억 오락가락…손익계산서는,2024-05-01
원달러,감전된 듯 ‘짜릿’...‘슈퍼 사이클’ 돈벼락,2024-05-08
원달러,"명신산업, 1분기 영업익 441억원…전년比 7.7%↓",2024-05-14
원달러,인내심 요구하는 엔화 약세 ‘터닝포인트’ [매일 돈이 보이는 습관 M+],2024-05-16
원달러,"전력망 기업 호황, 우려할 점은?…공급 늘면 ‘바이어스 마켓’ 바뀔 수도",2024-05-17
원달러,"“이제 16년 남았다”…‘성장 내리막길’ 막을 골든타임, 지금이라는데 [나기자의 데이터로 세상읽기]",2024-05-21
원달러,‘20만닉스’ 축포 쐈지만…현금 곳간은 ‘텅텅’,2024-05-28
원달러,하나은행 ‘리딩뱅크’ 3연패 가능?…환율이 변수,2024-06-11
원달러,"원-달러 1,300원대가 뉴 노멀인가 [매일 돈이 보이는 습관 M+]",2024-06-18
원달러,내수에 갇혔던 음식료 업종 K푸드 열풍에 수출·성장株 변신,2024-07-01
원달러,“삼천피 선봉장이 되어다오”....역대급 실적에 삼성·LG전자 목표가 ‘쑥’,2024-07-08
원달러,"‘한국 홀대’ 애플과 다르다…갤럭시, “韓 제일 저렴”",2024-07-09
원달러,[포토] 엔화값 159엔대로,2024-07-12
원달러,"수성웹툰 “투믹스 웹툰 상반기 매출 290억, 영업익 51억원”",2024-07-12
원달러,‘중국 텃밭’ 유럽을 뚫다...‘K배터리’ 다시 희망가 [스페셜리포트],2024-07-17
원달러,"“술술 빠진 이 돈 뭐죠” …해외 카드결제 때 ‘KRW’ 뜨면 바로 취소, 왜?",2024-07-20
원달러,‘캐즘’ 지속되면 2025년 ‘데스밸리’ 우려도…,2024-07-23
원달러,20조 쏟아붓고 적자…SK온 살리기,2024-07-25
원달러,"“3400만원짜리 아이스크림, 금수저로 퍼드세요”...기절초풍 ‘넘사벽’ 그들만의 세계 [여프라이즈]",2024-08-07
원달러,미국 경기침체 논란이 불러온 시장 변동성 [매일 돈이 보이는 습관 M+],2024-08-13
원달러,"日방위비 축소 ‘환차손’ 쇼크, 한국도 무방비 상태",2024-08-14
원달러,"키움증권, 미국국채 10달러부터 판매",2024-08-20
원달러,“고수들은 이미 쓸어 담았다”...원화값 강세에 주목받는 ‘이 주식’,2024-08-20
원달러,환율 하락에 마구 신난 ‘항공주’ 고공행진,2024-08-26
원달러,"“삼성전자 과도한 주가 하락, 기회로 활용을”…그런데 목표가는 하향",2024-09-12
원달러,가계빚 상승세 눈에 띄게 줄었다…“한국도 금리인하 여건 갖춰져”,2024-09-19
원달러,"“삼성전기, 과도한 저평가…전 사업부 성장 모멘텀 기대“",2024-09-26
원달러,불황형 경제 시작됐나…내수 곡소리[韓 경제에 드리운 R의 그림자],2024-10-02
원달러,"LG이노텍, `25년을 향한 인내가 필요한 시기` 증권사 발표에 강세",2024-10-04
원달러,美 생물보안법 반사익…삼바 목표가 줄상향,2024-10-24
원달러,삼성바이오 불패행진… 증권가 목표주가 줄상향,2024-10-24
원달러,‘심상치 않은 환율’ 한은 총재 “특정목표치 보다 변동성 주목할 것”,2024-10-26
원달러,환율 1400원 ‘성큼’…이창용 “금리 결정에 환율 고려”,2024-10-28
원달러,“금리인하 실기론? 김연아에 은메달 땄다고 지적하는 꼴”...이수형 금통위원의 반박,2024-10-29
원달러,“클라우드 ‘짱’은 나”...아마존·MS·구글 ‘빅3’ 전쟁치열,2024-11-04
원달러,"“IBK기업銀, 3분기 실적 무난…곧 발표할 밸류업 공시는 ‘글쎄’”",2024-11-04
원달러,“외국인 국장 탈출 본격화하나”…3개월째 한국 주식 팔고 있는 외인들,2024-11-08
원달러,‘가장 아름다운 말 = 관세’로 타격 받을까 [다시 돌아온 트럼프],2024-11-08
원달러,"[속보] 환율, 2년만에 종가 기준 1400원 넘어…8.8원 오른 1403.5원",2024-11-12
원달러,“달러로 돈 빌려줬는데 큰일났다”…금융회사 주가가 확 빠진 이유,2024-11-13
원달러,"‘트럼프 정부’ 출범 진퇴양난…한국, 갑자기 美 환율관찰대상국 지정",2024-11-15
원달러,"""美 고성장 2028년까지 지속…빅테크 여전히 유망""",2024-11-17
원달러,기지개 켠 밸류업...에너지·소재·헬스케어·IT에 주목하라 [2025 대예측: 슈퍼 트럼프 시대],2024-11-23
원달러,“대출금리 부담에 허리 휘겠는데”…올해 마지막 기준금리 동결 확실시,2024-11-27
원달러,"원달러 환율, ‘계엄 선포’에 야간거래 중 1430원대 치솟아…2년 1개월만",2024-12-03
원달러,경제부처 수장 긴급회의…금융 시장 변동성 논의,2024-12-03
원달러,[속보]비상계엄에 NDF 원달러 환율 1420원 돌파,2024-12-03
원달러,[비상계엄]환율 급등 ETF 급락···금융시장 변동성 확대,2024-12-03
원달러,비상계엄에 코스피 야간 선물옵션 급락…4일 증시 개장 “미정”,2024-12-04
원달러,[속보] 금융당국 “증시 포함한 모든 금융·외환시장 정상 운영”,2024-12-04
원달러,"“국회 근처에 있어서”…LG, 트윈타워서 일하는 임직원에 재택근무 권고",2024-12-04
원달러,[속보] 44년만의 ‘비상계엄’에 뉴욕증시서 한국기업 패닉셀...원달러 환율 1440원,2024-12-04
원달러,"미래에셋운용, ‘TIGER 테슬라채권혼합Fn ETF’ 순자산 2000억 돌파",2024-12-05
원달러,탄핵 급물살에 증시 ‘출렁’…코스피 장중 한때 2400 붕괴,2024-12-06
원달러,긴박했던 ‘서울의 밤’ 경제가 소스라쳤다,2024-12-06
원달러,[계엄·탄핵 정국] 재계 내년 사업 전략 ‘먹구름’,2024-12-06
원달러,[계엄·탄핵 정국] 흔들리는 韓 금융,2024-12-06
원달러,"“이러니 국장 떠나지”…탄핵 부결 속 휘청인 증시, 진로는",2024-12-09
원달러,환율 1430원대·코스피 2300선...계엄 직격탄 자산 시장,2024-12-09
원달러,[속보] 코스피 탄핵 불발에 2400선 붕괴…1.47% 하락 출발,2024-12-09
원달러,"[속보] “탄핵 정국 여파” 코스피 2.78% 급락, 코스닥 5.19% 폭락",2024-12-09
원달러,"“대한민국 어쩌다가”…깜짝 놀란 외국인들, 이 와중에 사모은 주식 있다는데",2024-12-09
원달러,“내가 삼성·LG 세탁기에 50% 관세 부과했었다” 자랑한 트럼프...무역·방위비 압박 우려↑,2024-12-09
원달러,"“한국 금융시장 문제없다”…금융위원장·금감원장, 국내외 인사와 만남",2024-12-10
원달러,"이창용 “최상목, 비상계엄 반대하며 뛰쳐나와…사퇴 만류”",2024-12-10
원달러,“휴학 고민할 지경”…계엄 날벼락에 유학생·여행객 ‘울상’,2024-12-10
원달러,“C레벨서 이렇게 화내는 것 처음봤다”...탄핵 블랙홀에 기업인들 ‘멘붕’ [방영덕의 디테일],2024-12-11
원달러,"외국인 투자자, 11월 한국 주식 4조원 넘게 팔았다…넉 달 연속 순유출",2024-12-12
원달러,"“위태위태한 한국 금융시장, 초비상”…‘尹 리스크’에 금감원장도 이젠",2024-12-13
원달러,주주환원 규모 커지는 韓 은행주 미국도 트럼프 당선으로 관심 Up,2024-12-13
원달러,주유소 기름값 9주째 오름세…“환율 강세에 더 오를 듯”,2024-12-14
원달러,계엄·탄핵사태에 휘청인 K증시…12월 FOMC에 변동성 커질까,2024-12-15
원달러,“수입대급 급증에 원가 부담 커져”…휴지된 원화값에 기업들 ‘비명’,2024-12-17
원달러,원화 가치 급락…‘가난해진’ 대한민국 [대혼돈의 자산 시장: 대체 투자],2024-12-17
원달러,한은 “내년 소비자물가 2% 안정된 흐름…환율 추이 등 불확실성 존재”,2024-12-18
원달러,미 연준 매파적 금리인하에 외환시장 ‘강타’…환율 1500원 전망도,2024-12-19
원달러,"[속보] 원화값 금융위기 후 최저로 급락, 달러당 1451.9원 …美영향에 코스닥도 1.89% 빠져",2024-12-19
원달러,“유학 간 우리 딸 어떡하나”…美 연준 ‘매’ 맞고 주저앉은 원화값,2024-12-19
원달러,[포토] 달러 환율 1453원,2024-12-19
원달러,"[속보] 원화값 급락, 원달러환율 1450원 돌파…금융위기 이후 최고",2024-12-19
원달러,"“치솟는 환율 적극 대응”…금융당국, 은행 스트레스완충자본규제 도입 연기",2024-12-19
원달러,"[속보] 원화값 급락, 원달러 환율 1450원 돌파…금융위기 이후 최고",2024-12-19
원달러,"[속보] 한은·기재부, 국민연금과 외환스왑 거래 한도 650억 달러로 증액",2024-12-19
원달러,"“여보, 장보기 너무 겁나요”…환율 급등에 서민들 ‘이것’ 더 취약해진다",2024-12-20
원달러,[탄핵 후폭풍] ② 과거와 비교해 보니 | 과거에는 경제· 증시 충격 제한적 이번에는 수출·내수 모두 안 좋아,2024-12-24
원달러,[탄핵 후폭풍] ④ 미국 | 월가가 바라보는 탄핵 정국,2024-12-24
원달러,"매파로 돌아선 연준, 그게 불편한 트럼프…한국만 새우등 터진다는데 [노영우의 스톡피시]",2024-12-25
원달러,2025년 자산시장 전략은 본연의 맛 싱글몰트 [매일 돈이 보이는 습관 M+],2024-12-26
원달러,"[속보] ‘연일 치솟는’ 환율, 1464.8원 마감…금융위기來 첫 1460원대 진입",2024-12-26
원달러,“우리에겐 네가 있어 다행이야”…을·사·7·友 [카드뉴스],2024-12-27
원달러,[속보] 韓대행도 탄핵…환율 급변·대외신인도 하락 우려,2024-12-27
원달러,"“정치가 완전히 경제 망쳐”…주가·원화값 동반 폭락, 내일이 더 두렵다",2024-12-27
원달러,‘연초 효과’ 따른 코스피 기술적 반등 기대 [붐앤쇼크],2024-12-29
원달러,"“국내 정치 불확실성으로 원달러 환율 급등…현대제철, 수익성 회복 폭 낮아질 것”",2024-12-30
원달러,"“尹도 싫고 李도 싫어요, 모든 후보 거부할 권리 없나요” [나기자의 데이터로 세상읽기]",2024-12-31
원달러,전문가 57인 꼽은 2025년 정책 우선순위는?,2025-01-01
원달러,“금리 내리자니 고환율이 문제고”…이창용 한은 총재 고민 깊어진다,2025-01-02
원달러,“우리에겐 네가 있어 다행이야”... 을·사·7·友,2025-01-02
원달러,환율 급등이 반갑다?...하동서 냉동김밥으로 달러벌이 ‘이 남자’,2025-01-04
원달러,‘스트레이트’ 영장도 무시…뒤로 숨어든 대통령,2025-01-05
원달러,‘수출 고정관념’ 부수고 내수 살려야,2025-01-06
원달러,미국 이어 인도 홀렸다…‘울트라사이클’ 기대 [CEO LOUNGE],2025-01-08
원달러,“F4 회의서 비상계엄 쪽지 논의 없었다”...의혹에 반박한 금융·경제정책 수장들,2025-01-08
원달러,“우리에겐 네가 있어 다행이야”... 을·사·7·友,2025-01-09
원달러,"원-달러 환율, 내리막길 탔나 [매일 돈이보이는 습관 M+]",2025-01-09
원달러,계엄·탄핵 한 달…정치에 망가진 경제 [취재수첩],2025-01-14
원달러,"“말로만 밸류업 무슨 소용”...은퇴족 쏟아지는데, 이 투자가 대안 [나기자의 데이터로 세상읽기]",2025-01-14
원달러,"수입물가 3개월 연속 상승, 전월대비 2.4%↑…소비자물가 영향 끼치나",2025-01-15
원달러,"[속보] 한은, 새해 첫 기준금리 연3.00% 동결…완화 행보 한 템포 쉬어가기로",2025-01-16
원달러,"“외환시스템이 ‘코리아디스카운트’ 초래”…‘원달러 1500원’ 시대, 대응책은?",2025-01-17
원달러,“정치 혼란 길어지면 韓 경제성장률 1%대 고착”,2025-01-20
원달러,"“트럼프 취임했는데 생각보다 괜찮네”…원·달러 1500원, ‘이것’에 달렸다",2025-01-21
원달러,"작년 한국 1인당 GDP, 일본 제쳤다...“원화값 약세 아니었으면 더 높았을 것”",2025-02-02
원달러,우리금융硏 “한은 2월 기준금리 0.25%p 인하 전망”,2025-02-06
원달러,욜로에서 요노로 Y·O·N·O [스페셜리포트],2025-02-14
원달러,스테이블 코인이라더니...테더는 왜 자꾸 오르나,2025-02-15
원달러,"불황 속 기회, 요노族 잡아라",2025-02-20
원달러,“이젠 내 대출부담 좀 덜까”…채권전문가 과반 “25일 기준금리 인하 유력”,2025-02-21
원달러,[속보] 한은 기준금리 0.25%포인트 인하…연 3.00%→2.75%,2025-02-25
원달러,“잘나간다 싶더니 코스피 2600선 깨졌다”…트럼프 관세 압박에 韓증시도 출렁,2025-02-28
원달러,원화 약세로 지난해 연기금 수익률 역대급 ··· 국민연금 15%·KIC 23%,2025-02-28
원달러,기지개 켜나 싶더니…다시 고꾸라진 2차전지株,2025-03-02
원달러,"트럼프發 경기침체 우려에 원화값 하락…원달러 환율, 장중 1460원 돌파",2025-03-11
원달러,“IMF 이후 최악의 수준”...힘 못쓰는 대한민국 ‘원화’,2025-03-17
원달러,우리금융 “보통주 자본비율 12.13%…잠정치 대비 0.05%포인트 올라”,2025-03-19
원달러,환율 간밤 1470원 넘었다... 한 달만 최고,2025-03-21
원달러,“하루동안 공매도 금지”…동서 등 7개사 ‘과열종목’ 지정,2025-04-01
원달러,“최악의 시나리오 현실화”…트럼프 관세 폭탄에 코스피 ‘와르르’,2025-04-03
원달러,트럼프 때문에 폭망한 아시아경제...쓰나미 덮친 증시 ‘대폭락’,2025-04-07
원달러,환율 금융위기 이후 첫 1480원대 후반...1500원에 근접,2025-04-09
원달러,KODEX 미국 환헤지(H) 상품에 개인 매수세 몰렸다,2025-04-09
원달러,환율 10.9원 오른 1484.1원 마감 … 금융위기 이후 16년 만에 ‘최고’,2025-04-09
원달러,“옛날 생각하면 오산” 반격 시동건 중국...관세 이어 환율전쟁까지 터질라,2025-04-09
원달러,“하루도 조용할 날이 없네”...美관세 충격파에 금융시장도 요동,2025-04-09
원달러,“니가 지금 빚투할 상황이냐”...이해할 수 없는 친구에게 숨겨진 비밀은 [Book],2025-04-11
원달러,"“관세 우려 대신 실적 성장에 주목”...삼양식품 신났다 [오늘, 이 종목]",2025-04-14
원달러,[알립니다] '부의 흐름을 이어가는 법 : 가업 승계에서 증여·상속까지',2025-04-17
원달러,"‘TV 큰 손’ 삼성도, 중국 부자들도 많이 사더니...실적 개선 기대되는 이 기업",2025-04-22
원달러,[알립니다] '75년만의 상속세 전면개편 계획에 따른 대응전략',2025-04-24
원달러,"효성화학의 베트남법인 살리기, 3년 시간 벌었다",2025-04-30
원달러,"[속보] 환율 1380.0원 출발, 25.3원 급락…6개월만에 최저",2025-05-07
원달러,미·영 관세협상 타결에도 코스피 나흘만에 하락...환율 다시 1400원대,2025-05-09
원달러,"삼성운용, KODEX 미국머니마켓액티브 ETF 신규 상장",2025-05-13
원달러,“맥주 한잔도 마음 편하게 못 하겠네”…1년 반만에 가격 올리는 테라·켈리,2025-05-13
원달러,"한국투자신탁운용, ‘美 S&P500 ETF’ 순자산액 2조원 돌파",2025-05-15
원달러,108년만에 강등한 미국 신용등급…한국증시에 미칠 영향은,2025-05-19
원달러,[윤원섭 특파원의 월스트리트 인사이트] 美 주식 ‘관망’…中 인터넷 주식 ‘주목’,2025-06-02
원달러,"新정부, 포퓰리즘 유혹 끊고 규제 풀어야",2025-06-04
원달러,약달러 반갑다…정유·항공·유통 ‘희색’,2025-06-04
원달러,"“아빠, 휴대폰 보면서 왜 웃어?”…거침없이 달리는 코스피, 11개월만에 2800 돌파",2025-06-05
원달러,"외국인들도 “이재명 정권 기대된다”…초반부터 달리는 韓증시, 외인 자본도 빠르게 흡수",2025-06-06
원달러,"저성장 국면 초비상…한은 총재 “경기 부양책 시급, 금리 인하는 계속”",2025-06-12
원달러,"“요새 아빠가 매일 웃어요”...불기둥 세우는 코스피에 서학개미도 싱글벙글, 왜?",2025-06-17
원달러,드디어 ‘삼천피’ 눈앞인데…“단기 과열” vs “추가 상승” 엇갈린 전망,2025-06-18
원달러,달러화 하락의 숨은 배경 [매일 돈이 보이는 습관 M+],2025-06-19
원달러,엔화로 미국 지수에 투자 美·日 동시 투자 효과 노려볼까,2025-06-20
원달러,삼천피 찍었어도 안심하긴 일러…“원·달러 환율 다시 1400원 돌파할 수도”,2025-06-23
원달러,‘사실상 전쟁’ 상태에…증시·원유·비트코인 출렁인다,2025-06-23
원달러,“이란 공격은 쇼였나”...미장·국장·비트코인까지 일제히 ‘랠리’,2025-06-24
원달러,"꿈의 ‘삼천피’에서 반도체 양대산맥 향방…삼성전자·SK하이닉스, 엇갈린 2분기 실적 전망",2025-06-29
원달러,"“삼성전자, 2분기 실적 바닥 예상…하반기 HBM 전망 불투명”",2025-07-01
원달러,"“SK하이닉스 팀장인데요, 투자 파트너로~”…불장에 기업들 불똥 튈라",2025-07-06
원달러,"“매번 환율에 발목잡혔는데”…코스피, 이번엔 달러랑 따로 논다고?",2025-07-14
원달러,법정관리 극복하고 알짜 강소기업 반열 [IPO 기업 대해부],2025-07-16
원달러,"롯데칠성, 증권사 목표가 상향에 강세…4.0%",2025-07-18
원달러,환율 1400원대 돌파하나…2주 새 50원 급등,2025-07-22
원달러,"[포토] 코스피 급락, 원달러 환율 급등",2025-08-01
원달러,美관세-금리인하 기대 '힘겨루기'…코스피 쉬어가나,2025-08-17
원달러,스멀스멀 조여오는 하락장 공포…“당신은 어떻게 살아남겠습니까”,2025-08-24
원달러,"“미국 9월, 한국 10월”…전문가가 본 금리인하 시점은?",2025-08-26
원달러,"“금테크·환테크 열풍 또?”…‘안전자산’ 투자, 지금이 적기일까",2025-08-27
원달러,"[속보] 한은, 올해 성장률 전망 0.8→0.9%로 높여…추경 효과 반영",2025-08-28
원달러,[속보] 한은 기준금리 연 2.5% 동결…“올해 성장률 전망 0.9%로 상향”,2025-08-28
원달러,"[속보] 한은, 기준금리 연 2.5% ‘동결’…올해 성장률은 0.9%로 상향",2025-08-28
원달러,"한은, 올해 성장률 전망 0.8→0.9% 상향…기준금리는 또 동결",2025-08-28
원달러,"“매일 오르네” 코스피, 장중 3450선 돌파…5거래일째 사상 최고치",2025-09-16
원달러,"“환율 1400원, 무슨 뜻인지 아시죠?”…국가위험도로 환산해봤더니 [스톡 피시]",2025-10-01
원달러,원화값 속절없는 추락…외환시장 아수라장인데 반등도 어려워,2025-10-10
원달러,"‘심리적 저항선’ 돌파했는데 어쩌나…1420원 넘긴 환율, 연휴 후에도 이어갈까",2025-10-10
원달러,"LG이노텍, 증권사 목표가 상향에 강세…4.08%",2025-10-15
원달러,"한미, 3500억달러 투자구조 논의…통화스와프는 ‘부차적’",2025-10-22
원달러,"[속보] 한은, 기준금리 3연속 동결…연 2.5%",2025-10-23
원달러,"“사천피 고공행진에 경제도 살아나나”…한은, 경제심리 4년3개월來 최고",2025-11-04
원달러,"“금리인하 기조 멈추나”…한은 총재 내년 성장률 인상 가능성 시사, 인상폭은?",2025-11-13
원달러,환율이 끌어 올린 수입물가…9개월만에 최대 폭 상승,2025-11-14
원달러,‘반도체 쇼크’에 코스피 4100선 무너져…10만전자·60만닉스 붕괴,2025-11-14
원달러,AI로 성장률 올리겠다더니···결국엔 복지·지역화폐 예산 대폭 증액한 이재명정부 [나기자의 데이터로 세상읽기],2025-11-18
원달러,‘닥터둠’ 사라진 코스피 No Brake?,2025-11-18
원달러,“환율 충격 버티기 쉽지 않다”…정유·항공·철강·면세점 ‘비상등’,2025-11-19
원달러,"환율 치솟고 집값은 들썩이고…올해 기준금리 동결, 내년엔 금리인하 종결?",2025-11-24
원달러,[속보] 외환당국-국민연금 협의체 구성…국민연금 ‘전략적 환헤지’ 논의될 듯,2025-11-24
원달러,1달러 1500원 시대로?…당신의 지갑은 안녕하신가요,2025-11-24
원달러,"삼성전기, `서버로 든든한 구석이 둘이나` 증권사 발표에 강세",2025-11-25
원달러,AI버블 논란 진단…2026년 이끌 주도주도 알려준다,2025-11-25
원달러,치솟는 환율에 집값은 들썩…올해 마지막 기준금리 동결 ‘2.50%’,2025-11-27
원달러,수출 기업에 호재?…고환율 뉴노멀 시대 산업 기상도,2025-11-27
원달러,“1400원대 못 벗어나”…고환율 고착화 vs 완만한 하락,2025-11-28
원달러,코스피 ‘역대 최대’로 팔아치운 외국인들…12월 ‘산타랠리’에 쏠린눈,2025-12-02
원달러,치솟는 환율에…‘물가 압력’ 현실화 [데이터로 보는 세상],2025-12-02
원달러,"국제 유가 내렸는데 기름값은 오름세, 서민 물가 위협하는 진짜 범인은…",2025-12-02
원달러,천스닥 향해 날아오른 코스닥…냉정하게 ‘2가지’ 따져보라는데 [오늘 나온 보고서],2025-12-03
원달러,포스코호 앞에 밀려오는 ‘퍼펙트스톰’,2025-12-05
원달러,"삼성전기, 증권사 목표가 상향에 강세…3.15%",2025-12-10
원달러,"‘한국판 SGOV’ 미래에셋, ‘TIGER 미국초단기(3개월이하)국채 ETF’ 개인 누적 순매수 1000억원 돌파",2025-12-10
원달러,“환율 치솟고 집값도 들썩”…美금리인하에도 한은 1월 기준금리 동결 가능성,2025-12-11
원달러,연준 매파 기조에 원화 약세…1473원 마감,2025-12-11
원달러,"달러 약세에도 원화만 외환위기급 추락, 엔화와 엮인 1470원 쇼크",2025-12-14
원달러,정부가 고환율대책에 국민연금 언급한 진짜 이유…‘여기’에 있다는데 [나기자의 데이터로 세상읽기],2025-12-16
원달러,"정부, 소비자물가 458개 밀착관리 한다…차관급 10여명 담당 지정",2025-12-16
원달러,원화값 비상에 7대그룹 소집한 대통령실…당국은 외화대출 확대,2025-12-18
원달러,"한국투자신탁운용, ACE 미국S&P500 ETF 순자산액 3조원 돌파",2025-12-19
원달러,"“내년 외환건전성 부담금 6개월간 면제”…한은, 환율 안정대책 발표",2025-12-19
원달러,국민 한숨 부른 탄핵·해킹 포비아…2025년 한국 경제 이 장면 10,2025-12-23
원달러,대통령실 “원화값 약세 그동안 산이 높았던 영향”,2025-12-23
원달러,"“1480원은 지킨다”…연말 원화 악몽에 칼 빼든 정부, 효과는?",2025-12-24
원달러,"“최저시급, 달러로 환산하면 7년째 7달러”…국힘 박수영, 고환율 저격",2025-12-24
원달러,"“물가 오르고, 환율 치솟는데”…내 소득은 더 줄어, 소비심리 꽁꽁",2025-12-24
원달러,“강남 시중은행서 100달러 동났다”…환율 급락에 ‘달러 쇼핑’ 영향?,2025-12-25
원달러,원달러 환율,2025-12-26
원달러,“법인세 올리면 투자위축 불보듯”…기업 붙잡을 정책 시급하다는데,2025-12-29
원달러,"경제학자 한목소리 “고환율·고물가, 내년 한국경제 위협”",2025-12-29
원달러,"은값 급등·환헤지 효과까지…KODEX 은선물(H), 한 달 수익률 44%로 ETF 1위",2025-12-30
원달러,“주식 투자 대기자금 85.4조 몰려”…미장 발 빼는 서학개미 파격정책 통하나,2025-12-30
원달러,"고려아연, 영풍·MBK가 지적한 ‘美 제련소 신주 발행 총액’ 정정 공시…“주주 설명 차원”",2025-12-31
