keyword,title,date
인도 증시,수입맥주 `톱 3` 일본·중국·벨기에,2019.01.02 15:01
인도 증시,저평가·경기 모멘텀…신흥국 펀드 투자 대안으로 부상,2019.01.04 04:02
인도 증시,[2019 재테크 가이드] 황금돼지해 투자 3대키워드 `채권·주택청약·달러`,2019.01.04 04:05
인도 증시,"뉴욕증시, 애플 쇼크·제조업 지수 부진으로 급락…다우 2.83%↓",2019.01.04 06:42
인도 증시,경기둔화 우려에 美금리인상 숨고르기… 글로벌 증시 선진국 ‘흐림’ vs 신흥국 ‘갬’,2019.01.04 17:36
인도 증시,"‘잠자던 공룡’ MS 깨운 사티아 나델라 CEO, 모바일 버리고 클라우드 택한 게 신의 한 수",2019.01.07 16:15
인도 증시,원자재ETF 원유만 빼고 `훨훨`…한달새 575억 뭉칫돈,2019.01.08 17:31
인도 증시,"뉴욕증시, 미중 무역협상 타결 기대감에 상승…다우 1.09%↑",2019.01.09 06:39
인도 증시,국제유가 9거래일 연속 오름세…WTI 0.4%↑,2019.01.11 05:58
인도 증시,"뉴욕증시, 미중 무역갈등 완화와 비둘기 연준 기대감에 상승…다우 0.51%↑",2019.01.11 06:17
인도 증시,[2018 베스트 애널리스트] 신규 2~3위 애널리스트 26人 | 80년대생 ‘질주’…증권가 세대교체 바람,2019.01.11 09:41
인도 증시,국제유가 열흘 만에 `WTI 1.9% 하락`…국제금값 강보합권,2019.01.12 13:13
인도 증시,"매경이 전하는 세상의 지식(매-세-지, 1월 14일)",2019.01.14 07:01
인도 증시,[STOCK & BOND] 연초 증시 ‘턴어라운드株’ 노려라-SK네트웍스·롯데쇼핑·락앤락…‘점프 업’,2019.01.14 11:34
인도 증시,"뉴욕증시, 중국 부양책 기대감에 상승 마감…다우 0.65%↑",2019.01.16 06:33
인도 증시,러·브·인 다 뛰는데…`매직` 사라진 베트남펀드,2019.01.20 17:17
인도 증시,"미래에셋인도중소형포커스증권자투자신탁, 성장성 높은 인도 중소형株 골라 투자",2019.01.22 17:27
인도 증시,"코스피, 되살아난 미·중 무역분쟁 불안에 하락 출발",2019.01.23 09:20
인도 증시,"뉴욕증시, IBM 실적 호조에 상승…다우 0.70%↑",2019.01.24 06:55
인도 증시,"[STOCK & BOND] 2019 신흥국펀드 `기상도`
베트남·인도·브라질 `맑음` 러시아 `흐림`",2019.01.28 11:20
인도 증시,"날개단 브릭스펀드, 3개월새 7.09% 수익",2019-01-29 17:47:32
인도 증시,"뉴욕증시, 고용지표 호조에도 아마존 실적 부진에 혼조…다우 0.26%↑",2019-02-02 06:26:30
인도 증시,"외국인, 신흥국중 `韓주식` 가장 많이 샀다",2019-02-04 18:24:30
인도 증시,대중이 비관적일 때가 매수 타이밍…신흥시장 비중 높일만,2019-02-08 04:02:01
인도 증시,"뉴욕증시, 2차 셧다운 우려 완화-미·중 무역협상 낙관에 상승…다우 1.49%↑",2019-02-13 06:28:37
인도 증시,中·베트남 다 뛰는데 인도펀드만 뒷걸음질,2019-02-18 17:28:30
인도 증시,"모너핸 피델리티운용 디렉터 ""中증시 치고 올라왔지만 비중 확대 유효""",2019-02-24 18:18:30
인도 증시,"뉴욕증시, 미북정상회담 결과 주목하며 혼조세…다우 0.28%↓",2019-02-28 07:01:34
인도 증시,"코스피, 글로벌 군사·무역 긴장 고조에 하락출발",2019-02-28 09:14:45
인도 증시,미북회담 쇼크…코스피 4개월만에 최대폭 하락,2019-02-28 17:42:11
인도 증시,"신흥국 펀드, 브릭스·베트남 중심으로 수익률 상승곡선... 외부 악재에 휘둘릴 위험 경계해야",2019-03-05 13:53:03
인도 증시,"한국 여론주도층-일반대중, 사회 신뢰도 불균형 역대 최고",2019-03-05 14:37:17
인도 증시,"뉴욕증시, 미중 무역협상 기대에도 돌발변수 우려로 하락…다우 0.05%↓",2019-03-06 06:29:10
인도 증시,"코스피, 2170선 하락 출발…4거래일째 약세",2019-03-06 09:20:51
인도 증시,아시아 최고 부자 무케시 암바니 회장...아마존과 월마트에 도전장을 내밀다,2019-03-11 06:01:02
인도 증시,신흥국 훈풍에…베트남·인도펀드 `활짝`,2019-03-18 17:35:18
인도 증시,"뉴욕증시, 엇갈린 미중무역협상 전망에 혼조 마감…다우 0.1%↓",2019-03-20 06:12:07
인도 증시,‘VN지수 급반등’에 뭉칫돈 몰리는 베트남 펀드-벌써 10% 수익률…조정 땐 분할 매수 유망,2019-03-25 11:18:56
인도 증시,[이슈진단] 이슈 연연말고 경기사이클 봐라,2019-03-25 17:18:31
인도 증시,호주 금리 사상최저·리라화 급락…글로벌 시장 곤두박질,2019-03-25 17:50:36
인도 증시,"박현주의 경고 ""위기는 미소 띤 얼굴로 찾아와""",2019-03-25 17:54:42
인도 증시,[기자24시] 증권 거래세와 양도세의 균형점,2019-03-26 00:05:01
인도 증시,[줌 인 해외부동산] 세계 부동산시장 변곡점…`안정성·투자다각화·선택과 집중` 화두,2019-03-29 04:03:01
인도 증시,[Money & Riches] `큰 한방` 노리는 투자 안돼…3大 상품으로 변동성 관리,2019-03-29 04:04:01
인도 증시,박현주 `글로벌 투자의 촉`…亞플랫폼에 꽂혔다,2019-04-04 17:36:03
인도 증시,`제2 브라질펀드` 어디…신흥국 선거 보면 보인다,2019-04-04 17:39:43
인도 증시,"모디노믹스, 경제지표 끌어올렸지만 양극화 심화",2019-04-04 17:48:15
인도 증시,"""美 긴축완화…연 6% 하이일드 채권펀드 관심""",2019-04-05 04:03:01
인도 증시,"국제유가, 美 고용지표 호조에 1%대 급등…5개월만의 최고치",2019-04-06 07:35:19
인도 증시,"뉴욕증시, 미국·EU 무역 충돌 우려에 하락…다우 0.72%↓",2019-04-10 06:08:10
인도 증시,척박한 토양서 빛난 한국 유니콘 6개 전 세계 326개…성공까진 ‘머나먼 길’,2019-04-12 08:47:55
인도 증시,"외신 ""IMF·세계은행, 프라이빗체인 출시...블록체인 이해도 제고"" 外",2019-04-15 11:03:39
인도 증시,"뉴욕증시, 중국지표 호조에도 헬스케어주 급락에 하락 마감…다우 0.01%↓",2019-04-18 06:29:44
인도 증시,[해외투자가 답이다] (3) 베트남·인도네시아·인도 신흥국 투자-탄탄한 내수·정치 안정…증시도 훨훨,2019-04-22 10:56:18
인도 증시,"美 제재에 이란 ""호르무즈해협 봉쇄"" 으름장…유가 수직상승",2019-04-23 17:52:27
인도 증시,원화값도 달러당 1151원…21개월來 최저,2019-04-24 17:53:52
인도 증시,머스크 큰소리 치더니…테슬라는 적자로 돌아서,2019-04-25 17:43:52
인도 증시,한국 증시 저평가 여전…주요국 최하위 수준,2019-05-01 12:01:01
인도 증시,코스피 PBR 0.95배…청산가치에도 못미쳐,2019-05-01 17:39:02
인도 증시,신흥국 선거 이후 ‘제2의 브라질 펀드’ 찾아라… 인도·남아공·아르헨티나 대선 결과 주목해야,2019-05-02 11:13:49
인도 증시,"韓人스타트업, 美서 1200억 유치…유니콘 넘본다",2019-05-06 17:43:50
인도 증시,동물 행동학? 기계 행동학!,2019-05-07 15:01:05
인도 증시,국내주식 펀드 `울상`…해외형 수익률 절반도 안돼,2019-05-12 18:51:14
인도 증시,무역전쟁發 글로벌자산 요동…금·엔화에 비트코인까지 급등,2019-05-14 17:54:13
인도 증시,모디 재집권 기대…증시·루피화 강세,2019-05-20 17:50:18
인도 증시,환율 1200원 코앞…외국인 `셀 코리아` 멈출까,2019-05-21 16:46:42
인도 증시,"미래에셋글로벌다이나믹펀드, 원화·해외채권 조합으로 연 4.48% 수익",2019-05-21 17:38:52
인도 증시,"""7%대 경제성장 한번 더""…모디노믹스 2기 시작된다",2019-05-23 17:53:34
인도 증시,"모디 인도 총리, 재집권 사실상 확정…총선 개표서 승리 선언",2019-05-23 21:54:08
인도 증시,"유가, 무역전쟁 확산에 하루새 6% 급락",2019-05-24 17:52:03
인도 증시,G2갈등 한달…인도·베트남 펀드만 살아남았다,2019-05-26 18:31:40
인도 증시,러시아 펀드는 `불안한 고공행진` 중,2019-05-29 17:57:33
인도 증시,인도까지 덮친 트럼프發 무역전쟁,2019-06-02 17:49:08
인도 증시,[홍기영칼럼] 충돌하는 모빌리티 혁명,2019-06-03 09:49:34
인도 증시,[해외투자가 답이다] (9) 모디 총리 재집권에 훈풍 부는 인도-금융·산업재·소비주 훨훨…美中갈등 수혜,2019-06-03 10:48:52
인도 증시,"뉴욕증시, 금리인하 기대에도 무역 불안 하락 마감…다우, 0.17%↓",2019-06-13 06:38:04
인도 증시,"뉴욕증시, 중동 정세 주시…다우, 0.39% 상승 마감",2019-06-14 06:33:30
인도 증시,홍콩시위에 떨고 있는 ELS투자자,2019-06-16 17:41:13
인도 증시,`모디` 재집권하자 인도ETF 자금 몰려,2019-06-16 17:45:08
인도 증시,"마이다스아시아리더스성장주 펀드, 亞성장주 선별투자…3년 수익률 31%",2019-06-18 17:10:13
인도 증시,신흥국 증시 옥석가리기…`러·인도` 랠리 이어갈까,2019-06-25 17:32:29
인도 증시,"G20에서 만남 갖는 美中 정상, 무역협상 타결의 가능성은?",2019-06-27 17:41:50
인도 증시,"모디 총리 재선으로 상승세 인도증시, 정치적 리스크 해소됐지만 단기 변동성 유의해야",2019-06-28 14:52:40
인도 증시,"조용준 하나금융투자 리서치센터장 ""하반기 미 증시 사상 최고치 경신 예상""",2019.07.02 15:11
인도 증시,"""하반기 글로벌 증시 및 채권시장 동반 강세""",2019.07.02 16:25
인도 증시,맥킨지컨설팅 보고서 슈퍼스타기업 대해부,2019.07.04 17:58
인도 증시,"[증권] ""美中분쟁 길게보면 호재…하반기 코스피 15% 상승 여력""",2019.07.05 04:03
인도 증시,"외신 “비트메인, 지난달 직원 스톡옵션 계약 체결…상장 재추진 일환” 外",2019.07.05 13:38
인도 증시,감세·저금리로 기업 북돋은 美 `펄펄`…성장전략 없는 韓 `쩔쩔`,2019.07.12 17:47
인도 증시,"[단독] 韓벤처캐피털 연합, 美혁신대학 `미네르바스쿨` 투자",2019.07.14 18:05
인도 증시,빵·과자 등 `초 가공식품` 사망률 62% 상승,2019.07.15 16:04
인도 증시,`오비맥주 매각` 수면 위 부상,2019.07.19 13:33
인도 증시,러시아 펀드 ‘파죽지세’ 올 28% 상승-국제유가 반등에 ‘훨훨’…금리 인하도 호재,2019.07.22 11:22
인도 증시,올해 美·中·대만 두자릿수 올랐는데…한국만 하락 `왕따증시`,2019.07.29 17:55
인도 증시,코스닥 폭락에 새내기株도 몸살…공모가 대비 수익률 `반토막`까지,2019.07.30 16:52
인도 증시,"美유튜버 ""1개 영상 100만번 재생당 평균 413만원 벌어""",2019.07.31 15:01
인도 증시,"트럼프, 관세 휴전 파기…""9월 1일부터 3000억달러 中제품에 10% 관세""",2019.08.02 10:36
인도 증시,"美 연구진 ""하루에 우유 한 잔 더 마실 때마다 전립선암 발생률 7% 상승""",2019.08.02 15:01
인도 증시,BDI 5년래 최고치 경신에 웃는 해운주-벌크선 시황 호조에 팬오션·대한해운 好好,2019.08.05 10:39
인도 증시,"""무역전쟁 끝나야 진정한 반등…당분간 바닥 예측 무의미""",2019.08.05 17:40
인도 증시,"[김세형 칼럼] ""다신 일본에 지지않겠다"" 큰소리 쳤는데.",2019.08.06 06:01
인도 증시,"매경이 전하는 세상의 지식(매-세-지, 8월 6일)",2019.08.06 07:01
인도 증시,20% 폭락은 기본…새내기株 호된 신고식,2019.08.07 11:37
인도 증시,"블룸버그 ""韓증시 수익률 세계 최악""",2019-08-07 17:58:10
인도 증시,"뉴욕증시, 미국 금리·위안화 환율 움직임에 혼조 마감…다우, 0.09%↓",2019-08-08 06:24:08
인도 증시,"1mm 지구 최강 곰벌레...""추락 달 탐사선서 살아있을 것""",2019-08-08 15:01:03
인도 증시,【위클리미라클】 위기때 점검해야할 워킹캐피탈,2019-08-12 02:07:25
인도 증시,"뉴욕증시, 경기침체 우려·지정학 위험에 하락 마감…다우 1.49%↓",2019-08-13 06:32:28
인도 증시,"한국투자베트남그로스 펀드, 베트남 대표株 편입해 올해 수익률 13%",2019-08-13 17:40:27
인도 증시,원화 약세…3년5개월새 최저,2019-08-13 17:48:06
인도 증시,혼돈의 아르헨·홍콩…비트코인 잘 나간다,2019-08-14 17:44:55
인도 증시,"코스피, 글로벌 경기 침체 우려에 약세…1920선 출발",2019-08-16 09:16:19
인도 증시,"코스피, 글로벌 경기 침체 우려에 약세…1920선 마감",2019-08-16 15:41:10
인도 증시,달러화 표시 신흥국 국채에 관심커져,2019-08-16 17:54:05
인도 증시,국제유가 사흘만에 반등…WTI 0.7%↑,2019-08-17 06:28:29
인도 증시,시위 11주째…홍콩 10대부호 재산 18조 증발,2019-08-18 18:31:42
인도 증시,"순이익이 애플의 2배인 아람코의 아민 나세르 사장, 종합에너지 기업을 꿈꾸다",2019-08-19 06:01:01
인도 증시,수원시 아파트 외벽에 균열…주민 90여 명 대피,2019-08-19 15:01:01
인도 증시,홍콩 시위 확산에도…中ETF 5일새 최대 6%↑,2019-08-20 17:43:55
인도 증시,[김세형 칼럼] 펀더멘털 들먹이면 꼭 위기는 온다,2019-08-21 00:08:01
인도 증시,"中 유명투자자 ""테더, 역외 위안화 기반 스테이블코인 CNHT 발행 예정"" 外",2019-08-22 09:45:37
인도 증시,8년 만에 최악의 ‘어닝쇼크’ 기록한 2분기-3분기 실적주는 KMW·오이솔루션·파트론,2019-08-26 14:07:12
인도 증시,[종합] 미중 추가관세로 경기불안 확산…아시아 금융시장 충격,2019-08-26 15:52:07
인도 증시,최루탄 맞은 홍콩증시…5개월새 항셍지수 16%↓,2019-08-26 17:58:53
인도 증시,최장기 시위에 계엄령 검토…`亞 금융허브` 홍콩이 무너진다,2019-08-28 18:04:00
인도 증시,G2·홍콩發 훈풍…코스피 2000선 복귀,2019-09-05 17:45:50
인도 증시,株머니 매니저의 HOT종목,2019-09-06 04:03:02
인도 증시,"히잡.com, C88…""내가 아시아 최강 스타트업"" 자웅 겨룬다",2019-09-17 17:51:44
인도 증시,[MBN GOLD 시황저격] 글로벌 경기부양책땐 韓증시에 최우선 반영…IT 중심 경기회복 예상,2019-09-27 04:03:01
인도 증시,[화제의 보고서] 치과용 의료기기·솔루션-레이 | 치과용 3D 프린터 활용 신사업 전망 ‘맑음’,2019-09-30 11:18:59
인도 증시,`셀코리아`에도 외국인은 금융·반도체 샀다,2019-10-03 17:04:01
인도 증시,"뉴욕증시, 미국 지표 부진에 금리 인하 기대감…다우, 0.47%↑",2019-10-04 06:31:47
인도 증시,해외호텔서 핀테크·항공사까지…한층 날카로워진 박현주의 투자본능,2019-10-11 10:35:53
인도 증시,弱달러에 신흥국펀드 빛볼까…금리인하 기대도,2019-10-27 17:16:26
인도 증시,"세계최대 석유회사 아람코, 결국 12월 상장",2019-10-30 17:39:08
인도 증시,"[株머니 주요산업 증시기상도] 반도체, 상승사이클 기대…철강은 수요둔화 부담",2019-11-01 04:05:01
인도 증시,[MBN GOLD 시황저격] 글로벌 증시 회복세 확산…IT·하드웨어 관련株 주목,2019-11-01 04:05:01
인도 증시,"베트남펀드 돈 들어오지만 수익률은 별로, 전망은?",2019-11-05 13:07:17
인도 증시,박스권 천장뚫은 VN지수…베트남펀드 투자자 볕드나,2019-11-05 17:53:51
인도 증시,"韓상장사 이익, 대만보다 50% 많은데…MSCI 편입비중은 비슷",2019-11-05 18:01:37
인도 증시,"[단독] `물류 강자` 켄달운용, 체코 아마존센터 샀다",2019-11-10 17:26:45
인도 증시,국내외 경제위기 속 현명한 투자전략은?,2019-11-11 06:01:01
인도 증시,"뉴욕증시, 미중 무역협상 불확실성에 혼조세…다우 0.04%↑",2019-11-12 07:02:44
인도 증시,2020년 증시 전망은-글로벌 유동성 확대…코스피 2400 찍을까,2019-11-18 14:49:20
인도 증시,"코스피, 미중 무역협상 불확실성에 약세 출발",2019-11-20 09:12:32
인도 증시,"코스피, 미중 무역협상 불확실성에 1%대 급락…2120선 후퇴",2019-11-20 13:37:09
인도 증시,"코스피, 미중 갈등 악화 우려에 1%대 급락…2120선 후퇴",2019-11-20 15:43:53
인도 증시,"뉴욕증시, 미중 연내 무역합의 불발 전망에 하락…다우 0.40%↓",2019-11-21 06:29:54
인도 증시,[해외주식 투자전략] 올 주식농사 마무리는 튼실한 `해외주식`으로…,2019-11-22 04:04:02
인도 증시,[MBN GOLD 시황저격] 美·유럽의 `증시 훈풍`…국내시장 효과는 언제,2019-11-22 04:05:01
인도 증시,"뉴욕증시, 미중 무역협상 타결 기대 꺾이며 하락마감…다우 0.20%↓",2019-11-22 06:37:08
인도 증시,[Science] 5년내 쏘아올릴 위성 5만여개…하늘의 별 다 가리겠네,2019-11-22 17:09:22
인도 증시,오비맥주 신임 사장에 `영업통` 벤 베르하르트,2019-11-25 20:55:00
인도 증시,"`내년 한국증시 비중확대` JP모건, 콕 집어 이 종목을…",2019-11-28 17:49:49
인도 증시,연말 증권포럼서 본 내년 증시…반도체·OLED·美 리츠가 화두,2019-11-29 08:24:15
인도 증시,[카드뉴스] 연말 증권포럼서 본 내년 증시,2019-11-29 08:51:43
인도 증시,"글로벌IB ""내년 韓증시, 반도체가 끌고간다""",2019-12-02 17:55:26
인도 증시,[저자와의 대화] (7) 이하경 롯데손해보험 대체투자부문장| 국제 통화질서에 모순 쌓이며 달러화 위기 도래,2019-12-03 11:17:57
인도 증시,"KB통중국고배당펀드, 중국 고배당 기업 골라담아 올들어 19%수익",2019-12-03 17:47:05
인도 증시,"""내년 증시 기대감 점차 커져"".. 저점매수는 업계 최저 연2.79% 자금으로",2019-12-06 11:10:01
인도 증시,85년생 `핀란드 김지영`... 세계 최연소 총리됐다,2019-12-09 15:01:01
인도 증시,시총 2조달러 시대 연 아람코…`그들만의 잔치` 비판도,2019-12-12 17:38:52
인도 증시,미중 무역 휴전에 WTI 60달러 돌파…정유·화학 숨통 트이나,2019-12-16 15:54:57
인도 증시,美中 갈등 안개 걷히자…글로벌 증시·유가·원자재 고공행진,2019-12-17 17:46:49
인도 증시,[MBN GOLD 시황저격] 외국인 `바이 코리아` 시동…중소형 반도체株 주목해야,2019-12-20 04:03:01
인도 증시,美中 무역합의 청신호-물 만난 중국 펀드…IT·금융·바이오 유망,2019-12-23 15:40:50
인도 증시,자금 빠져나간 유럽펀드…수익률 예상외 고공행진,2019-12-23 17:45:52
인도 증시,中 눈치보는 싱가포르…홍콩머니 데이터 공개 않고 `함구령`,2019-12-25 17:49:27
인도 증시,"中, 국영기업 동원해 홍콩경제 장악…홍콩 시위대, 새해 대규모 시위 예고",2019-12-27 15:49:22
인도 증시,2020 ‘庚子年’ 경제·재테크 전망 Part Ⅱ 주요 산업| 반도체 턴어라운드… 자동차·철강·유화 흐림,2019-12-27 16:04:34
인도 증시,매경 선정 국내외 10대 뉴스,2019-12-27 17:24:19
인도 증시,글로벌 증시 두자릿수 飛上…한국은 `박스피 非常`,2019.12.30 17:59
인도 증시,"잘나가던 세계 증시 `주춤`, 유가·金·채권 일제히 급등",2020.01.05 17:35
인도 증시,"뉴욕증시, 미국·이란 갈등 긴장에 하락 마감…다우 0.42%↓",2020.01.08 06:53
인도 증시,"중동 리스크에 속수무책 무너진 국내 금융시장, 회복 반등에도 여전히 `불안`",2020.01.08 17:08
인도 증시,실적대비 저평가된 유럽…베트남·브라질 등 신흥국 관심,2020.01.13 04:01
인도 증시,외국인 8일 연속 매수…코스피 `신고가` 터치,2020.01.14 17:35
인도 증시,"증권사 성적 분석 | 신한, 일등만 10명 최다 NH, 샛별 활약에 3위로",2020.01.17 10:31
인도 증시,신흥국펀드의 귀환…주식·채권형 `쾌청`,2020.01.19 17:22
인도 증시,2019 베스트 애널리스트 추천 종목-삼성전자·하이닉스 ‘강추’…中소비주 ‘찜’,2020.01.20 06:37
인도 증시,글로벌 실물 금융시장도 출렁,2020.01.24 14:25
인도 증시,"뉴욕증시, 미국 두번째·유럽 첫 `우한 폐렴` 확진자 발생에 급락…다우 0.58%↓",2020.01.25 06:34
인도 증시,구글·MS·IBM 이어 위워크도 인도계CEO 영입,2020.02.02 17:52
인도 증시,세계증시 열흘간 3000조 증발…국제유가 50弗 붕괴 초읽기,2020.02.02 18:47
인도 증시,"우한 쇼크, 한·일·대만서 6조 이탈",2020.02.03 15:00
인도 증시,2020년 신흥국 증시 다시 뛸까? 선진국 자금 이동… 중국·인도·베트남 기대,2020.02.04 10:49
인도 증시,"뉴욕증시, 미국 고용지표 개선·신종 코로나 백신개발 소식에 상승마감…다우 1.68%↑",2020.02.06 06:53
인도 증시,주가 거품논란 부른 美전기차 `테슬라` 이번엔 17%급락,2020.02.06 15:23
인도 증시,`비트코인급` 요동…테슬라 주가 17%↓,2020.02.06 17:45
인도 증시,코로나19 생존 재테크-金·달러·초분산 EMP로 ‘머니무브’ 脫중국 수혜 부품주·암호화폐 ‘들썩’,2020.02.21 09:56
인도 증시,伊 5%↓美 3.5%↓…세계증시 코로나 쇼크,2020.02.25 17:43
인도 증시,"증시 폭락에 화난 트럼프, 대놓고 보건당국을…",2020-02-27 17:09:07
인도 증시,"트럼프 ""안전하다""했지만…美서 감염경로 모르는 환자 나와",2020-02-27 17:50:27
인도 증시,`코로나 무풍` 인도펀드 독주…올 수익률 5%,2020-02-28 17:40:15
인도 증시,"美국 첫 사망자 발생에 트럼프 긴급 기자회견, 꺼낸 카드가…",2020-03-01 07:36:09
인도 증시,"美 다우지수 연일 1000P 빠지자…파월, 이례적 등장 ""적절한 조치""",2020-03-01 17:45:14
인도 증시,국채 3년물 장중 신저점…강세장 이어질듯,2020-03-02 17:55:22
인도 증시,4차 산업혁명 인프라 5G 투자 어떻게 하나… 중국 5G 올해 본격화 수혜주 ‘보물찾기’ 기회,2020-03-03 10:38:22
인도 증시,G7 `코로나 불황 막기` 손잡았다,2020-03-03 17:59:36
인도 증시,"""공급·수요 동시 충격…재정적자 두려워말고 적재적소 돈 투입""",2020-03-08 17:59:23
인도 증시,"[종합] ""2008년 이후 최대 폭락"" 뉴욕증시, 코로나19·유가공포에 다우 7.79%↓",2020-03-10 06:52:44
인도 증시,"코스피, `블랙 먼데이` 급락 충격 딛고 낙폭 축소",2020-03-10 09:11:40
인도 증시,"코스피, 저가매수세 유입에 반등 성공…1960선 마감",2020-03-10 15:40:09
인도 증시,"[빅데이터로 본 재테크] 팬데믹 증시…개미들, 실적株로 속속 `대피`",2020-03-13 04:03:02
인도 증시,"`팬데믹` 코로나19, 이제 금융시장도 삼켰다…전세계 주식시장 `패닉`",2020-03-13 07:58:19
인도 증시,"美 주식 널뛰기 장세…국내 해외주식 투자자 눈독-급등·급락 테슬라, 다음은?",2020-03-18 17:00:03
인도 증시,"코로나19 공포에 `속수무책` 글로벌 증시, 또 급락…다우 2만 붕괴",2020-03-19 07:53:01
인도 증시,"""지옥이 온다…한 달만 문 닫으면 안될까"" 금·美국채도 던진 월가 `구조대는 없다`",2020-03-19 11:46:42
인도 증시,"원화값 급락에 항공株 추락, 유가 폭락에 정유株 검은 눈물",2020-03-19 17:46:00
인도 증시,국제유가 배럴당 20달러 턱걸이…18년만에 최저치 기록,2020-03-19 17:52:26
인도 증시,"전 세계가 달러만 찾는다…""Cash is king""",2020-03-19 17:52:33
인도 증시,세계가 달러만 찾는다…주가·원화값 대폭락,2020-03-19 17:53:21
인도 증시,[빅데이터로 본 재테크] 코로나 쇼크로 반도체주 업황 이견에도…개미들은 샀다,2020-03-20 04:05:02
인도 증시,한미 통화 스와프·유가 폭등에 코스피 급반등…하루 만에 1500선 회복,2020-03-20 13:33:46
인도 증시,한미 통화 스와프·유가 폭등에 코스피 폭등…장중 매수 사이드카도 발동,2020-03-20 15:48:03
인도 증시,`올림픽 연기` 日빼곤…아시아증시 모두 하락,2020-03-23 17:47:14
인도 증시,"매경이 전하는 세상의 지식(매-세-지, 3월 24일)",2020-03-24 07:01:01
인도 증시,패닉 확산 막은 파월의 `무제한 양적완화`…美국채값·유가 반등,2020-03-24 17:35:48
인도 증시,글로벌 주식·원유·금값 동반 상승,2020-03-25 17:57:07
인도 증시,美 `2조달러 경기부양` 마침내 합의,2020-03-25 17:59:10
인도 증시,[단독] 3대 석유소비국 인도 셧다운…유가 폭락 초읽기 시작됐다,2020-03-26 12:15:45
인도 증시,코로나 팬데믹 비상…재계 컨틴전시 플랜,2020-03-27 09:11:06
인도 증시,"[팬데믹 大위기] Part Ⅲ IT 혁신 | ➋ 더욱 주목받는 글로벌 스타트업, 자동화·바이오·딜리버리·엔터테인먼트 주목",2020-03-30 18:23:39
인도 증시,한달 째 순매도 13兆…외국인 한국에 언제 오려나,2020-04-03 16:00:22
인도 증시,폭락장 뒤 의외로 빠른 회복? 증시 데드캣(일시적 반등) 바운스 vs V자형 급반등,2020-04-06 11:14:23
인도 증시,"야욕 드러낸 中 ""글로벌기업 사들이자""",2020-04-08 17:28:38
인도 증시,`집밥`의 힘…소비재펀드 눈부신 선방,2020-04-09 11:56:10
인도 증시,`코로나판데믹` 속 전기차의 힘…테슬라 또 두자릿 수 급등vs고개숙인 `대장주` 포드,2020-04-14 14:32:33
인도 증시,"`코로나19 테마에 R&D 모멘텀도` 제약·바이오 주도주 부각…업계선 ""어렵다""",2020-04-14 16:13:41
인도 증시,뛰는 금 걷는 은…이젠 銀 담을 때?,2020-04-20 17:29:30
인도 증시,"추가상장 원유ETN 1억주, 개미들이 또 `싹쓸이`",2020-04-21 17:39:50
인도 증시,브렌트유도 20弗 붕괴·물가마저 바닥…`D의 공포` 엄습,2020-04-22 17:24:32
인도 증시,"`콘탱고·괴리율·롤오버` ETN, 모르면 피본다",2020-04-23 17:38:39
인도 증시,[빅데이터로 본 재테크] 개미들 레이더엔 언택트株 드라마·쇼핑 주목,2020-04-24 04:07:02
인도 증시,"소송 걸리고, 계약 파기하고…전원추락死 사건대응 소홀히한 보잉, 이번엔 `코로나 첩첩산중`",2020-04-26 18:10:26
인도 증시,"뉴욕증시, 미 성장 부진에도 코로나19 치료제 기대로 상승...다우 2.21%↑",2020-04-30 06:08:14
인도 증시,"美 `마이너스 성장`인데 뉴욕증시 `상승랠리` MS·테슬라 매출 ↑…파우치 ""렘데시비르, 굿 뉴스""",2020-04-30 08:40:57
인도 증시,"트럼프 ""중국 우한 실험실이 발원지""…코로나관세 부과 검토",2020-05-01 11:08:05
인도 증시,[Cover Story] 문 닫는 공장…항공·여행 특히 타격 커,2020-05-06 04:01:05
인도 증시,"""미국인 죽더라도 경제재개""…트럼프 밀어붙이자 유가 20%↑",2020-05-06 17:32:12
인도 증시,[株머니 주요산업 증시기상도] 화장품OEM株 `주목`…코로나에도 실적 선방 기대,2020-05-08 04:01:02
인도 증시,"`포문 연 美·中반도체 경쟁` 중국 SMIC, 차이나머니 모집나서…미국 ""인텔·TSMC 유턴 추진""",2020-05-11 11:53:42
인도 증시,브라질펀드 `나홀로 추락`,2020-05-12 17:24:48
인도 증시,"떠나간 외국인, 언제 돌아올까…매수 회복하기 위해서는",2020-05-15 11:46:02
인도 증시,글로벌증시·유가 일제히 환호성,2020-05-19 17:51:59
인도 증시,[Cover Story] 코로나로 경제활동 줄어 원유 사용량 급감,2020-05-20 08:01:02
인도 증시,"`저평가 오명` 벗지 못하는 코스피, 이익 평가 주르륵",2020-05-20 16:53:44
인도 증시,코로나19가 바꾼 시가총액 TOP20…카카오·씨젠 뜨고 현대차·포스코 뒷걸음,2020-05-25 11:23:46
인도 증시,[코로나 이후 투자 전략] Part Ⅲ ➋ 대체투자 | 금·美 국채·상장리츠 등 안전자산 부각,2020-05-26 14:44:14
인도 증시,팬데믹이 불러온 나비효과…中 `홍콩의 중국화` 앞당겨,2020-06-04 17:07:17
인도 증시,"홍콩 흔들릴 때 이탈한 돈, 싱가포르로 갔다",2020-06-07 18:22:38
인도 증시,코로나 재확산 우려…美증시·유가 충격,2020-06-12 17:37:52
인도 증시,미·중 신냉전 구도 WTO에서 재점화,2020-06-15 10:22:48
인도 증시,올 3700억원 몰린 북미 펀드-신흥국은 불안…그래도 믿을 건 美 증시,2020-06-15 10:26:49
인도 증시,[현문학 기자의 돈되는 중국경제]미·중 신냉전 구도 WTO에서 재점화,2020-06-15 11:09:36
인도 증시,"코스피, 외국인·기관 동반 매도 속 보합권 마감",2020-06-17 15:46:49
인도 증시,"뉴욕증시, 코로나19 재유행 우려에 혼조 마감…다우, 0.65%↓",2020-06-18 06:24:54
인도 증시,"`꿈일까 거품일까`…블룸버그 ""니콜라, 수소전지도 없이 트럭 과장 홍보""",2020-06-18 11:42:47
인도 증시,"코스피, 코로나19 재확산 우려에 약세…2130선 출발",2020-06-22 09:13:48
인도 증시,"코스피, 코로나19 재확산 우려에 약세…2120선 마감",2020-06-22 15:44:31
인도 증시,"`롤러코스터 증시` 코스피, 개인 매수에 강보합 마감",2020-06-23 15:55:02
인도 증시,홍콩 엑소더스-헥시트 Hexit,2020-06-25 15:50:22
인도 증시,"10,086,926명, 전세계 `2차 팬데믹` 공포",2020.06.28 18:11
인도 증시,글로벌 증시 과열 우려에 원자재 투자 눈독-옥수수·커피·육류…덜 오른 상품 ETN 베팅,2020.06.29 11:30
인도 증시,"[신헌철 특파원의 워싱턴 워치] 과거 냉전 연상 미·중 갈등, 美대선까진 해소 난망… 트럼프, 무역합의 폐기나 추가 관세 부과는 힘들 듯",2020.06.29 13:59
인도 증시,"S&P500코 앞 `뉴욕증시 악동` 테슬라, 엑슨모빌 시총도 제쳐…머스크 ""2분기 흑자인 듯""",2020.07.01 11:44
인도 증시,"`괴력의 천슬라` 테슬라, 도요타 앞질러 `자동차 시총1위`…머스크, 직원에 또 축하편지",2020.07.02 11:21
인도 증시,[株머니 주요산업 증시기상도] 한한령 완화 기대감에…엔터·미디어株 관심 커져,2020.07.03 04:03
인도 증시,美 테크 4인방 `MAGA`…시총 1조弗 일제히 회복,2020.07.07 17:06
인도 증시,초강수 카드 꺼낸 美…`홍콩달러 페그제`까지 흔든다,2020.07.08 17:46
인도 증시,무한급등 가능성! 하반기의 주인공 기술株의 비밀공개!,2020.07.09 09:05
인도 증시,"재계 순위 뒤흔드는 창업 1세대 기업들-진격의 카카오 4년 만에 65위→23위 부영·미래, M&A·해외 진출로 10위권",2020.07.10 13:07
인도 증시,"머스크, 오마하의 현인 `버핏` 눌렀다",2020.07.12 18:24
인도 증시,新골드러시 시대…금값 7만원 돌파,2020.07.14 17:40
인도 증시,"""금 안 부럽네""…넉달새 67% 폭등한 은값",2020.07.15 16:28
인도 증시,뛰는 金 위에 나는 銀…3월이후 67% 폭등,2020.07.15 17:28
인도 증시,"HSBC ""한국 주식 `중립→비중 확대` 상향조정""",2020.07.17 15:02
인도 증시,"미래에셋대우, 해외주식 리포트 월 100건 `업계 최고`",2020.07.20 04:01
인도 증시,"銀 보기를 황금같이…은값, 6년만에 최고치",2020.07.22 17:19
인도 증시,[Cover Story] 글로벌제약사 화이자서 독립…100여개국에 동물백신·진단도구 공급,2020.07.23 04:03
인도 증시,코로나發 골드러시 금값 1890弗로 껑충…사상 최고가 초읽기,2020.07.24 17:47
인도 증시,"불확실성의 시대에 `금 캐기` 나선 개미들, 미국 금 채굴회사 주식까지 매수",2020.07.28 11:31
인도 증시,달러 약세에…주식·금·원자재 뛴다,2020-07-28 16:57:33
인도 증시,"하루 주가 318% 폭등…뉴욕증시 들썩인 `美 제약 기대주` 코닥, 사전 정보 유출 논란",2020-07-30 16:12:12
인도 증시,제약사 변신 코닥…트럼프 지원사격에 주가 16배 폭등,2020-07-30 17:28:15
인도 증시,"머스크도 긴장한 `中 전기차 야심`…샤오펑, 뉴욕증시 상장 나서",2020-08-09 13:33:44
인도 증시,"`반중` 홍콩 언론사주 체포된 날…中본토 항공사, 홍콩 취항 신청",2020-08-10 16:30:55
인도 증시,"뉴욕증시, 연준 의사록 실망·미중 갈등에 하락 마감…다우 0.31%↓",2020-08-20 06:17:43
인도 증시,"코스피, 미국의 유동성 축소·중국과의 갈등 우려에 하락 출발",2020-08-20 09:20:15
인도 증시,"코스피, 기관·외국인 매도에 3%대 급락…2280선도 내줘",2020-08-20 16:08:56
인도 증시,[현문학 기자의 돈되는 중국경제]6억 소비자 압박에 백기 든 테슬라,2020-08-24 11:10:24
인도 증시,`다우지수 터줏대감` 엑손모빌도 퇴출…美증시 세대교체,2020-08-25 17:53:25
인도 증시,"[단독] 중동 홀린 韓영상앱 `아자르`…""해외서 4천억 수혈한다""",2020-08-30 17:24:25
인도 증시,"트럼프, 中국영 반도체 SMIC 제재 움직임…중국 ""미국 국채 보유 줄일수도""",2020-09-06 12:29:14
인도 증시,"美, 中 최대 반도체 업체 조준 vs 中 ""美 국채 보유 축소"" 위협",2020-09-06 17:50:13
인도 증시,"`X레이 혁명` 나녹스…""핵심칩 공장 한국에 짓겠다""",2020-09-08 15:34:40
인도 증시,코스피는 2차팬데믹 극복?…3주만에 2400 탈환,2020-09-08 17:34:50
인도 증시,`나스닥 고래` 손정의發 충격파…과열 美증시에 `조정의 그림자`,2020-09-09 17:47:38
인도 증시,[빅데이터로 본 재테크] 5G장비·파운드리 잇단 수주 쾌거…삼성전자에 쏠린 눈,2020-09-11 04:03:01
인도 증시,코로나후 주가 상승률…G20 중 코스피가 2위,2020-09-13 17:04:47
인도 증시,기술주 열풍에도…해외펀드 수익 최고는 `소비재`,2020-09-14 17:33:25
인도 증시,"`흔들리는 유럽` 코로나 재확산 악몽↑…스페인, 결국 군대 동원해 이동제한",2020-09-21 21:23:01
인도 증시,"코로나 재확산에…스페인, 군대까지 동원 이동제한",2020-09-22 00:23:20
인도 증시,"배터리데이 앞둔 머스크 ""LG배터리 더 살 것…2022년까지 대량생산 어려워""",2020-09-22 10:14:25
인도 증시,"""달러가 최고""…돈 다시 안전자산으로",2020-09-24 16:51:59
인도 증시,"격변의 뉴욕증시 어디로…월가 ""9월 이미 조정 겪어…추가 부양책 관건""",2020-10-03 11:00:59
인도 증시,추석 휴장기간 해외 증시선 무슨 일이...트럼프 확진소식에 증시 출렁,2020-10-04 13:49:31
인도 증시,[유동원의 글로벌 투자전략] 미국 친환경株 투자 늘려야 하는 까닭,2020-10-05 17:27:07
인도 증시,투자 고수로 거듭난 SK㈜ | ESR 투자 3년 만에 4800억 벌어…미래 먹거리 친환경·렌털사업 날개,2020-10-08 09:16:34
인도 증시,화제의 신간 ‘더 차이나’ 저자 박승찬 중국경영연구소장 | 中 비판 대신 ‘머슬 판다’ 전략 올라타야,2020-10-19 15:13:34
인도 증시,배틀그라운드...상장 시동 거는 크래프톤,2020-10-19 15:30:12
인도 증시,"반값 전기차부터 완전자율주행까지, 테슬라에 대한 궁금증 다섯 가지",2020-10-28 11:07:17
인도 증시,"HMM 주가 닻 올렸는데, 팬오션은 언제 회복될까",2020-10-29 17:35:29
인도 증시,"""오를 때 팔자"" 각국 중앙은행의 금 `고점 매도`…10년만에 첫 순매도세",2020-10-30 11:22:57
인도 증시,혼돈의 4분기…잘나가던 해외펀드 모두 추풍낙엽,2020-11-02 17:33:44
인도 증시,바이든에 한 표? 주가 유가 일제히 상승,2020-11-03 17:49:33
인도 증시,美 부양책 기대감에 글로벌 증시 `들썩`,2020-11-05 17:46:02
인도 증시,달러 지고 신흥국펀드 뜨고…재테크 판 바뀐다,2020-11-06 17:26:09
인도 증시,"""바이든 기업규제, 상원이 막을것""…美 화끈한 `대선랠리` 기대감",2020-11-06 17:49:23
인도 증시,개미들 그린에너지에 꽂혔다…천연자원펀드 일주새 2200억,2020-11-08 17:48:39
인도 증시,백신 기대감에 뉴욕증시 급등 출발,2020-11-10 00:25:29
인도 증시,`효과 90%` 백신 소식에 뉴욕증시 폭등…다우 2.95%↑,2020-11-10 06:38:46
인도 증시,`코리아프리미엄` 한국 ETF 질주…뉴욕증시 3대지수 상승세 따돌려,2020-11-15 09:51:18
인도 증시,[나스닥에서 살아남기] 액티비전블리자드 ‘마사장’ 떠나고 흔들리다 ‘콜옵’으로 부활,2020-11-16 10:45:05
인도 증시,"거침없는 외국인 이달 4.7조 순매수…""연내 최고치 돌파 가능""",2020-11-16 17:45:14
인도 증시,"동학개미 이색재테크 열전 | 22만원 운동화를 1300만원에 ‘리셀링’ 유명 노래·그림, 주식처럼 사고팔고",2020-11-20 09:25:46
인도 증시,[투자프레임 4.0] 내년도 `바이 코리아` 기대감 커진다,2020-11-23 17:43:59
인도 증시,美백신·민주당 부양책이 온다…`나는 기름 값 vs 움츠린 금 값` 투자자들 희비 엇갈려,2020-11-25 11:35:40
인도 증시,커지는 차이나리스크…뉴욕증시 `중국 기업 투자주의보` 공장도 줄지어 中탈출,2020-11-29 19:13:47
인도 증시,"국내 증시 대장주 삼성전자, 반도체 호황 업고 최고가 새로 쓸 수 있을까",2020-11-30 14:18:39
인도 증시,외국인 2.4조 매도 신기록에…개미 사상최대 매수 맞불,2020-11-30 17:37:17
인도 증시,전기차 올라탄 현대차…내년 증시도 `씽씽`,2020-12-06 18:20:18
인도 증시,동학개미 vs 닌자개미 vs 청년부추..글로벌 개미 달린다,2020-12-14 17:54:59
인도 증시,[자이앤트레터] `호실적 예상` 테슬라 날고 `백신 접종` 불구 너구리 울었다,2020-12-15 08:30:22
인도 증시,[자이앤트] 거침없는 테슬라의 질주…서학개미 또 웃었다,2020-12-15 17:53:03
인도 증시,존리 “자본주의 존재하는 한 주식 시장은 성장”…존리의 투자법 “아끼고 아껴 주식 사라”,2020-12-17 17:09:55
인도 증시,늑장백신 대신 치료제 기대감…제약사 웃음꽃,2020-12-21 17:40:52
인도 증시,"뉴욕도 입국 제한…`변종 코로나` 英, 고립 위기",2020-12-22 17:58:52
인도 증시,[자이앤트] `사기의혹` 니콜라에 줄줄이 손 떼는 美업체,2020-12-24 17:50:39
인도 증시,"[자이앤트레터] 알리바바發 중국 기술주 급락 쓰나미…""이제 시작일뿐"" 경고",2020.12.29 08:36
인도 증시,"[자이앤트레터] ""바이든, 테슬라에 힘실어줄것…전기차·비트코인 폭등할까""",2020.12.31 08:59
인도 증시,판매목표 살짝 못미친 테슬라…`주가 빠질라` 서학개미 불안,2021.01.03 12:00
인도 증시,美 다우지수 1.25% 급락에도 테슬라·모더나 웃었다,2021.01.05 07:01
인도 증시,[자이앤트레터] 버핏·베이조스·다이먼이 뭉쳤는데 실패? 의료벤처 경영중단,2021.01.05 09:06
인도 증시,누구나 `미래車 주식` 하나쯤은 있잖아요,2021.01.05 17:21
인도 증시,美증시도 脫탄소 동참…테슬라 새해도 질주,2021.01.06 04:03
인도 증시,"中생수회사 회장, `투자 귀재` 버핏 제치고 세계 6위 부자",2021.01.06 11:17
인도 증시,"美, 디플레·인플레 기로에 연준 통화운영에 성패 달려",2021.01.06 17:49
인도 증시,"하나는 中, 신한은 베트남, KB는 인니서 금맥 캔다",2021.01.07 10:42
인도 증시,`ESG` `메타버스`…시사용어 알아야 고득점,2021.01.07 11:20
인도 증시,"`국민주식` 테슬라, 美시총 5위 등극…공매도 거물 ""거품 빵 터질 것""",2021.01.09 09:06
인도 증시,"`수소·전기차 시대` 플러그파워株 올해 100%↑…월가 구루 ""테슬라 부분 익절 필요""",2021.01.13 13:23
인도 증시,숨고르는 코스피 운명…오늘 바이든·파월 입에 달렸다,2021.01.13 17:39
인도 증시,"""테슬라 넘을것"" 선언한 GM…전기 밴 호재에 주가 6% 쑥",2021.01.13 17:54
인도 증시,뉴욕증시 흥행 키워드 `SPAC`…`제2 테슬라` 루시드 상장 기대에 투자 열풍,2021.01.14 14:11
인도 증시,[현문학의 돈되는 중국경제]트럼프의 마지막 ‘몽니’ 샤오미 제재,2021.01.18 10:00
인도 증시,"[자이앤트레터] 한국증시 `외국인` 주시해라…옐런 ""달러 약세 시도안해"" 의미는",2021.01.19 08:51
인도 증시,불안한 동학개미 `삼천피 붕괴` 공포에 1조 던졌다,2021.01.19 17:30
인도 증시,돌아온 기관·외국인…코스피 급반등,2021.01.19 17:31
인도 증시,"`애플카` 호재 올라탄 기아, 형보다 낫네",2021-01-20 17:13:34
인도 증시,"[자이앤트레터] 월가 억만장자의 경고 ""현 상승장은 미래의 행복 끌어다 쓴 것""",2021-01-21 08:42:21
인도 증시,백신접종 본격화되면 韓中증시 부각된다 [이슈진단],2021-01-25 17:11:11
인도 증시,테슬라·페북 실적시즌 시작…서학개미 3대 관전포인트는,2021-01-25 17:29:36
인도 증시,"강한 동맹 원하는 바이든의 ‘피봇투아시아 2.0’ 온다… 캠벨 “동맹국도 비대칭 방어능력 개발”, 힉스 “中 도발 사전 억제 위해 물리적 방어능력 필요”",2021-01-27 14:45:00
인도 증시,"사상 첫 연간 흑자 낸 테슬라, 주가는 하락",2021-01-28 08:11:33
인도 증시,"한화자산운용, 中·대만 등 MSCI신흥국 추종…弱달러시대 강세",2021-02-01 04:01:03
인도 증시,"美로빈후드, 이번엔 銀 띄워 9% 급등…원자재값 출렁",2021-02-02 17:39:42
인도 증시,"美로빈후드, 주식시장서 참패 위기…집중매수 은·게임스톱 `폭락`",2021-02-03 10:26:59
인도 증시,"[자이앤트레터] 모건스탠리 ""테슬라 사라…목표주가 880달러로 또 상향""",2021-02-04 08:39:48
인도 증시,"가슴 찢어지는 곱버스 투자자…""코스피 더 오르면 깡통되나요?""",2021-02-07 05:58:01
인도 증시,[현문학의 돈되는 중국경제]미·중 갈등 코로나 19 스타벅스 생존기,2021-02-08 11:12:03
인도 증시,치솟는 금리·유가·주가…美 시장지표 팬데믹 전 수준 회복,2021-02-09 17:36:07
인도 증시,"뉴욕증시, 고용지표 부진에 혼조…유가 랠리 끝나 에너지업종 1.52%↓",2021-02-12 07:02:15
인도 증시,[World & Now] 나눔은 곱셈이 된다,2021-02-16 00:04:01
인도 증시,"KTB투자증권, 자회사 상장 추진에 52주 신고가 경신",2021-02-16 16:27:18
인도 증시,KTB네트워크 연내 코스닥 상장 추진,2021-02-16 17:19:08
인도 증시,"美최대 헤지펀드 브리지워터, 테슬라株 전량 매각",2021-02-16 17:25:36
인도 증시,"""천슬라 꿈이었나""…미 최대 헤지펀드, 테슬라 전량 매도",2021-02-16 17:29:17
인도 증시,美 기록적 한파에 국제유가 상승…에너지株 `껑충`,2021-02-17 06:50:06
인도 증시,1년새 주가 4배 급등한 목재 회사,2021-02-17 11:24:04
인도 증시,[자이앤트레터] 테슬라 800달러 붕괴…`돈나무 선생님` 캐시우드는 추가 매수,2021-02-18 09:07:29
인도 증시,[자이앤트레터] 미국 국채금리 급등 옐런 `코인 비난`…테슬라 기술주 `비상`,2021-02-23 08:55:18
인도 증시,[매경데스크] 쿠팡의 추억,2021-03-01 00:07:01
인도 증시,"VC업계 소문난 포트폴리오 맛집 `미래에셋벤처투자`, 잘나가는 비결은",2021-03-01 15:37:04
인도 증시,"[자이앤트레터] 월가 ""전기차株 40~50% 더 뛸 것""…나스닥 간만의 질주",2021-03-02 13:46:49
인도 증시,"암호화폐, 넌 누구냐...정말 1억 향해 달려가나",2021-03-02 22:10:11
인도 증시,[신장섭의 기업과 경제] 후발주자 쿠팡·BTS의 성공비결,2021-03-08 00:04:02
인도 증시,"배럴당 60달러 돌파, 원유 슈퍼사이클 올까… 경기 회복 기대감에 고공행진, 투자 리스크는 높아",2021-03-08 17:28:48
인도 증시,원자재 슈퍼사이클 시작됐나...구리·원유·옥수수·커피 다 오른다,2021-03-11 15:32:44
인도 증시,상장도 안했는데 몸값 108조원…페북 뛰어넘는 핀테크 스타트업,2021-03-15 11:17:46
인도 증시,"매경이 전하는 세상의 지식 (매-세-지, 3월 16일)",2021-03-16 07:01:02
인도 증시,한국서 중국 저격 미 국무장관…미중 갈등 우려에 코스피 미 훈풍 불다 말았다,2021-03-18 16:06:12
인도 증시,수에즈운하 `차단`에 유가 6%↑ 급반등…에너지 업종 `화색`,2021-03-25 06:53:49
인도 증시,’동학개미` 힘입어 대한민국 금융 키운 CEO들,2021-03-25 15:27:01
인도 증시,`車반도체 대란`에…中니오도 생산중단,2021-03-26 21:26:26
인도 증시,"[디지털화폐 빅뱅] 7000만원대 돌파 이후 숨 고르기, 비트코인 1억원 진입 위한 조건은?",2021-03-30 14:15:11
인도 증시,"""韓기업은 규제 냄비속 개구리…10년후 줄줄이 죽어나갈 것""",2021-03-30 17:00:02
인도 증시,다우·S&P 사상 최고치 경신…테슬라 주가 4% 이상 상승,2021-04-06 06:20:30
인도 증시,기술주 수난 끝났다?…`돈나무 선생님` 웃게 한 테슬라 나녹스 인비태 [자이앤트레터],2021-04-06 13:56:40
인도 증시,"니콜라 폭로 美 공매도 힌덴버그 ""中 이방, 투자자 돈 빼돌렸다"" [자이앤트레터]",2021-04-08 11:05:44
인도 증시,"""기업사기 최신판""…미국 공매도세력 표적된 중국 비트코인 채굴업체",2021-04-08 17:48:17
인도 증시,"4월에만 2조 사들인 외국인, 어떤 종목 담았나",2021-04-12 11:09:33
인도 증시,[株머니 주요산업 증시기상도] 好실적 포문 열렸다…증권·화학·유통업종 주목,2021-04-16 04:01:03
인도 증시,"매경이 전하는 세상의 지식(매-세-지,4월17일)",2021-04-17 07:01:02
인도 증시,"""변동폭 크고 위험""…터키, 가상화폐 결제 금지",2021-04-18 17:23:35
인도 증시,반도체 대란에도 `최고 호황`…한물간 줄 알았던 `PC` 기업 미소짓는다 [자이앤트레터],2021-04-20 14:54:51
인도 증시,"뉴욕증시, 코로나19 재확산 우려에 하락…항공주 동반 약세",2021-04-21 05:55:29
인도 증시,뉴욕증시 상승장에 `내부자들` 자사주 매도 늘어나 [자이앤트레터],2021-04-22 09:22:56
인도 증시,"월급만 빼고 다 오르는 시대, `인플레이션 파도` 대비하라",2021-04-23 16:43:22
인도 증시,"[이슈진단] 불안정한 백신 수급, 신흥국증시 발목잡나",2021-04-26 17:24:43
인도 증시,"사우디, 아람코 지분 1% 추가 매각",2021-04-29 17:06:05
인도 증시,"뉴욕증시, 아마존·애플 등 호실적에도 하락…다우 0.54%↓",2021-05-01 07:03:26
인도 증시,코스피 알고보니 배당王…미국보다 높다,2021-05-04 17:19:58
인도 증시,"[매경춘추] 제2, 제3의 쿠팡을 꿈꾸며",2021-05-11 00:04:01
인도 증시,브라질펀드도 방긋,2021-05-17 17:32:12
인도 증시,세계 각국 `개발자 모셔가기` 전쟁,2021-05-19 17:32:21
인도 증시,[MBN GOLD 시황저격] 실적장세 전환 국면서 인플레는 일시적 충격…실적좋은 해운·철강등 자본재 기업 굳건할 것,2021-05-21 04:03:02
인도 증시,‘게걸음’ 코스피…2분기 실적은 에너지·소비재株가 이끈다,2021-05-21 17:12:36
인도 증시,"""제2 배민 발굴해 1세대 VC 입지 굳힐것""",2021-05-24 17:28:05
인도 증시,[MK TECH REVIEW] 대형 신작 몰려온다…게임사들 글로벌 혈투,2021-05-25 04:04:01
인도 증시,[박용범 특파원의 월스트리트 인사이트] 美 증시 좌우할 2대변수는 인플레이션과 고용,2021-05-25 15:48:25
인도 증시,최근 한달 수익률 가장 높은 펀드는…베트남VN30선물레버리지펀드 26%,2021-05-26 14:12:52
인도 증시,"한달 펀드 수익률, 신흥국펀드가 휩쓸어",2021-05-26 17:22:57
인도 증시,수주 호황 심상치 않다…`슈퍼사이클` 예고에 조선株 급반등,2021-06-01 16:20:46
인도 증시,넥슨 엔씨 넷마블 시대 끝났다…1위마저 위협하는 크래프톤,2021-06-06 18:04:13
인도 증시,Krafton feeds game pipeline upon fast move to the top-tier group ahead of IPO (넥슨 엔씨 넷마블 시대 끝났다…1위마저 위협하는 크래프톤),2021-06-09 06:01:02
인도 증시,"동학개미가 `찔끔찔끔` 올린 사상 최고치 코스피, 외국인 동참하지 않는 이유",2021-06-16 07:46:30
인도 증시,美·인도로 영토확장…신작게임도 예고,2021-06-16 17:30:58
인도 증시,"MS 부활 이끈 나델라 CEO, 이사회 의장에",2021-06-17 17:32:49
인도 증시,"기술 플랫폼으로 진화하는 네이버, 북미 왓패드·유럽 왈라팝·일본 소뱅 연합군… 이해진의 꿈 “수성에서 반격”으로 성공할까",2021-06-18 10:28:04
인도 증시,베트남펀드 반년 만에 27% 수익…지금 들어가도 괜찮을까,2021-06-18 16:10:08
인도 증시,[현문학의 돈되는 중국경제]수출 투자주도 성장 막히자 꺼낸 두 장의 카드,2021-06-21 10:03:28
인도 증시,[박용범 특파원의 월스트리트 인사이트] 매파로 변신한 파월 의장…빨라지는 금리인상 시계,2021.06.25 15:07
인도 증시,`코로나치료제` 셀트리온…델타변이에 `와르르`,2021.06.25 17:28
인도 증시,펀드의 시대 갔다고?…올해 상반기에만 70% 수익낸 알짜 펀드,2021.06.27 17:11
인도 증시,3300선 뚫은 코스피…하반기 방향 가를 변수는,2021.06.27 17:11
인도 증시,‘방역 모범국’ 베트남 증시 고공행진…‘F0’ 투자 러시에 지수 상승률 ‘글로벌 톱’,2021.06.28 14:47
인도 증시,천장 뚫렸나…고용 호조에 뉴욕 3대지수 동반 `사상최고` 마감,2021.07.03 06:44
인도 증시,"하반기 뉴욕증시 성장주 상승세 이어진다…월가 ""마소 애플 테슬라 더 사라""",2021.07.05 16:17
인도 증시,공산당 리스크에…美상장 中기업 `날벼락`,2021.07.07 17:38
인도 증시,백신 접종 앞서는 美·EU 비중 늘리고 유가 상승 수혜 누리는 ‘러·브’ 주목,2021.07.07 17:54
인도 증시,[MBN GOLD 시황저격] 코로나 델타변이 확산…바닥 벗어나는 제약株,2021.07.09 04:03
인도 증시,"""치킨이닭"" 외칠까…크래프톤 `상장 초읽기` 넥슨 엔씨 넷마블 뒤집나",2021.07.13 20:02
인도 증시,"""中日 제쳤다, 고가선박 수주 싹쓸이""…그런데 주가는 왜 비실비실?",2021.07.13 21:01
인도 증시,"뉴욕증시, 6월 소비자물가 급등에 하락…다우 0.31%↓",2021.07.14 05:59
인도 증시,“10만달러 간다더니”…델타변이 쇼크에 비트코인 3만달러 깨졌다,2021.07.20 13:19
인도 증시,델타변이 주식 원자재 코인 다 때렸다…금 가격도 떨어졌다,2021.07.20 17:11
인도 증시,변이 확산에 재봉쇄 공포…전세계 금융시장 `출렁`,2021.07.20 17:49
인도 증시,"`델타변이發 충격 이겨냈다` 비트코인, 오후장서 상승전환 `3만 달러` 회복",2021.07.21 14:33
인도 증시,구글 페북 MS 직원도 회사 뒷담화 고플 땐 이 곳 찾는다,2021.07.21 17:31
인도 증시,美 간판주 실적 줄줄이 나오는데…애플·스벅 사볼까,2021.07.26 17:40
인도 증시,"""배그 하나로 되겠어?""…상장 앞둔 크래프톤 비밀병기 있다",2021.08.07 20:01
인도 증시,"크래프톤 상장 D-1, 고평가 논란 극복할까…“관건은 하반기 신작”",2021-08-09 15:42:46
인도 증시,상반기 하루 40만명 확진 인도에 무슨 일이?…센섹스지수 사상 최고치 찍었다,2021-08-17 17:20:31
인도 증시,"삼성 베트남 펀드, 베트남 대표주 집중투자…3개월 22% `쑥`",2021-08-24 17:09:47
인도 증시,"올 들어 37% 수익 낸 베트남 펀드, 실적 호조에 3분기도 ‘맑음’",2021-08-27 15:15:39
인도 증시,"""官주도 뉴딜은 성장에 毒…기업의 기술혁신이 경제 이끈다""",2021-08-27 17:38:45
인도 증시,"""2023년 기준금리 3%대, 인상속도 빨라질 것"" 서울대 교수의 경고",2021-08-27 17:46:19
인도 증시,글로벌 1등 조선사 현대重 증시 출사표…‘공모 금액 1조원’ 순항할까,2021-09-03 15:34:47
인도 증시,이연걸 유역비도 못 피하는 시진핑 규제…앙숙 인도가 웃는다,2021-09-06 11:40:03
인도 증시,中규제 리스크 덕에 돈 몰리는 인도증시,2021-09-06 17:44:36
인도 증시,"“초대형 조선株 나왔다” 현대중공업, 오늘(7일)부터 일반청약",2021-09-07 11:33:28
인도 증시,"뉴욕증시, 경기둔화 우려 속 혼조...다우 0.76%↓, 나스닥 최고 마감",2021-09-08 06:22:24
인도 증시,소수당에 발목 잡힌 `벤처 복수의결권` 도입,2021-09-08 17:45:44
인도 증시,[株머니 주요산업 증시기상도] 지지부진 코스피…실적 좋은 개별종목 주목해야,2021-09-10 04:03:03
인도 증시,인도 증시 고공행진…‘차이나 리스크’ 반사이익,2021-09-10 15:00:26
인도 증시,[이슈진단] 급상승한 인도주식 비중 줄일 때,2021-09-13 16:59:53
인도 증시,일본·인도 증시 뜨는데…한국은 왜?,2021-09-14 16:58:10
인도 증시,"내부 정보 활용 사전 거래 의혹 오픈씨 프로덕트 총괄, 사임 가능성 제기 등",2021-09-17 09:14:53
인도 증시,테슬라도 꼬리 내렸다…한번 충전 서울~부산 왕복 전기차 나왔다,2021-09-17 09:58:50
인도 증시,인도 증시 연일 최고치…공급망 新질서 호재라는데 단기 급등 부담,2021-09-27 17:04:34
인도 증시,주요국 증시 추풍낙엽인데…돋보이는 인도·베트남펀드,2021-09-29 17:36:00
인도 증시,"""쌩큐 오징어게임"" 이유 있었네…200억 투자 넷플릭스, 시가총액 얼마 늘었나봤더니",2021-10-01 11:30:43
인도 증시,"[사설] 세계 경제 강타하는 물류대란, 정부는 이럴 때 나서야 한다",2021-10-06 00:02:01
인도 증시,‘적색 경보’ 新 차이나 리스크…헝다 사태·역대급 전력난에 무차별 홍색 규제까지,2021-10-06 10:59:51
인도 증시,모처럼 네이버 카카오 5% 급등…코스피도 반등 성공,2021-10-07 15:52:03
인도 증시,"뉴욕증시, 고용 지표 부진에 하락 마감...다우 0.03%↓",2021-10-09 07:14:10
인도 증시,코스피 한숨 돌렸지만…추가반등은 글쎄,2021-10-15 17:30:40
인도 증시,삼성전자 `7만전자` 귀환…코스피는 삼천피 탈환,2021-10-15 17:42:00
인도 증시,"테슬라 ""배터리 모델 교체""…국내 2차전지株 우수수",2021-10-21 17:21:45
인도 증시,"`생큐 허츠` 버핏 보란듯 테슬라, 1조달러 클럽 입성",2021-10-26 14:38:18
인도 증시,삼전·하이닉스 괜찮을까… 디지털세 손익계산서,2021-10-27 16:41:48
인도 증시,원자재 대란에 러시아·인니 ‘방긋’ 인도는 ‘차이나 리스크’ 반사이익,2021-11-01 16:06:06
인도 증시,천이백슬라 된 테슬라…서학개미가 대신 눈독 들이는 전기차주는,2021-11-02 13:59:16
인도 증시,연일 최고가 경신 신흥국 증시…원자재 대란·차이나 리스크에 방긋 [카드뉴스],2021-11-02 17:56:45
인도 증시,"뉴욕증시, FOMC 결과 앞두고 3대 지수 최고치 마감…다우 0.39%↑",2021-11-03 06:21:49
인도 증시,[株머니 주요산업 증시기상도] 겨울이 기다려진다…정유·게임株 실적 호조 기대,2021-11-05 04:01:02
인도 증시,"`VC 1세대` KTB네트워크, 증권신고서 제출…다음 달 코스닥 상장 앞둬",2021-11-05 15:21:49
인도 증시,머스크 트윗 한마디에…테슬라 주가 5% 급락,2021-11-09 13:43:28
인도 증시,"머스크, 주식 팔까 설문에 테슬라 주가는 5% 떨어져",2021-11-09 17:38:47
인도 증시,테슬라株 12% 떨어진날…리비안 `깜짝 공모가` 발표,2021-11-10 17:51:41
인도 증시,글로벌 원자재 대란에 자원강국 부상…중국 규제에 인도도 ‘방긋’,2021-11-11 15:53:30
인도 증시,`제 2테슬라` 리비안 돌풍…현대·기아 합산 시총의 2배 육박,2021-11-12 09:49:38
인도 증시,"""주춤한 코스피 대신 금 투자해볼까""…석달 새 코스피 9%↓ 금값 9%↑",2021-11-12 14:45:27
인도 증시,`제2 테슬라` 리비안 화려하게 데뷔했지만…상장초기 컨벤션 효과인가?,2021-11-13 20:01:01
인도 증시,"美 SEC, 테라 개발사 CEO에 소환장 이행 요구 소송 제기 등",2021-11-15 09:34:45
인도 증시,뉴욕증시 `소비주 어닝 주간`…엔비디아·루시드·알리바바도 3분기 성적 공개,2021-11-15 13:54:19
인도 증시,[단독] 40조원 실탄 장전하고 글로벌 큰손들 미리 찜한 한국 기업은,2021-11-17 17:34:05
인도 증시,"거품론 부담됐나...잘나가던 리비안 상장후 첫 하락, 15%↓",2021-11-18 11:41:50
인도 증시,美 주식 지금 들어가도 괜찮나…가격 결정력 있는 애플·MS라면야~,2021-11-19 15:41:24
인도 증시,"뉴욕증시, 국채금리 급등에 혼조 마감...다우 0.55%↑",2021-11-24 06:47:43
인도 증시,리비안 거품론 넘어설까…아마존 투자하고 서학개미 자금 6억달러 모았지만,2021-11-26 15:40:48
인도 증시,코로나 변이 이름은 `오미크론`…각국 잇따라 빗장,2021-11-27 11:46:17
인도 증시,"`오미크론 쇼크` 일파만파…""코스피, 2810 갈 수도""",2021-11-28 17:47:11
인도 증시,오미크론발 유가급락에 원유 ETF·ETN 상품 줄하락,2021-11-30 11:56:21
인도 증시,오미크론 쇼크에 급등락하는 증시…“시장보다 테마별 대응 전략이 중요”,2021-12-01 15:53:08
인도 증시,"파월 ""자산매입 축소 속도 낼것""",2021-12-01 17:58:05
인도 증시,[Industry Review] 전기차가 지배할 車시장…공급망 새로 꾸려야 기업 생존,2021-12-02 04:05:02
인도 증시,올해 ETF 수익률 1위는 89% ‘TIGER미디어컨텐츠ETF’,2021-12-02 15:06:09
인도 증시,연말 쇼핑 시즌 수혜주 어디? 타겟·월마트 온·오프라인 다 갖춰 유망,2021-12-03 14:33:36
인도 증시,"""예뻐지는건 포기못해""…오미크론에도 미용주 225% 올랐다",2021-12-06 13:38:23
인도 증시,오미크론 낙관론에 美 증시·유가 급등…코스피 2주 만에 3000선 탈환,2021-12-08 10:50:30
인도 증시,"뉴욕증시, 실업 지표 긍정적·CPI 대기 속 하락…나스닥 1.71%↓마감",2021-12-10 06:59:33
인도 증시,"""SK 바사, 261%로 세계 1위""…글로벌 대형 IPO 수익률 상위 10개 중 한국 기업 4곳",2021-12-12 16:09:50
인도 증시,"이런 `변이` 있나…서학개미 몰려간 나스닥, 이번달 5% 뚝",2021-12-21 17:42:19
인도 증시,[이슈진단] 브릭스 증시에 투자 기회 보인다,2021.12.27 17:15
인도 증시,"""中주가 최대 40% 상승, 비중 늘려라"" vs ""규제 위험 여전, 아직 저점 아냐"" [글로벌 이슈 plus]",2021.12.27 17:38
인도 증시,가격조정 거친 중국 ‘미워도 다시 한 번’ 러시아·인도·브라질 밸류에이션 매력 ‘쑥’,2021.12.31 10:35
인도 증시,"[2022 ‘비욘드 코로나’ 트렌드 5제] Digital Asset War 가상자산 경쟁 | 디지털 자산 생태계 선점 경쟁 치열, 개인 암호화폐 투자 열풍은 지속",2021.12.31 13:44
인도 증시,인도·베트남 44% vs 브라질·중남미 -15%,2022.01.03 15:30
인도 증시,"뉴욕증시, 새해 첫 거래일 상승 마감…나스닥 1.2%↑",2022.01.04 06:44
인도 증시,"서학개미 최애 테슬라, `천이백슬라` 재도전…자사주 거의 다 털어버린 머스크",2022.01.04 10:45
인도 증시,애플 세계 첫 시총 3조 달러·테슬라 ‘천이백슬라’ 고지…새해 첫날 활짝 핀 美 증시,2022.01.04 11:45
인도 증시,"애플 시총 3500조원, 아이폰만큼 잘팔린 `이것` 덕분이었다",2022.01.04 17:50
인도 증시,예고된 `긴축의 시간`…그래도 美 전기차·메타버스는 간다,2022.01.05 04:03
인도 증시,"뉴욕증시, 3대 지수 혼조…S&P 500 0.06%↓·나스닥 1.33%↓·다우 0.59%↑",2022.01.05 06:35
인도 증시,샤넬까지 접수한 인도계 CEO들이 뜨는 이유는,2022.01.05 14:50
인도 증시,자고나니 14% 12% 쑥쑥쑥…전기차 질주에 서학개미 신났다,2022.01.05 17:38
인도 증시,한국 미국 일본 증시 동반 급락…금값은 껑충,2022.01.06 17:59
인도 증시,"휴먼셀바이오, 아랍에미레이트에 NK진 750만 달러 수출",2022.01.19 11:02
인도 증시,中상하이증시 2.6% 급락…日·대만은 1.6% 내려,2022.01.25 17:52
인도 증시,"테슬라, 반도체 공급난 뚫고 기록적 판매 실적…공급난 지속 전망에 시간외 거래서 하락세",2022.01.27 11:45
인도 증시,이제 천슬라도 옛 얘기?…깜짝 실적에도 주가 불안불안,2022.01.27 17:31
인도 증시,서학개미 저물고 중학개미 뜬다…중국 펀드에 뭉칫돈,2022.01.27 17:44
인도 증시,"""경제회복 지연 우려""…닛케이 3%, 中선전지수 2.8% `와르르`",2022.01.27 17:53
인도 증시,"""LG엔솔 안 팔고 버텼는데""…코스피 폭락에 오늘이 더 두렵다",2022-01-27 17:53:27
인도 증시,"깜짝실적은 똑같은데…애플 주가는 급등, 테슬라는 폭락",2022-01-28 16:42:21
인도 증시,1년 새 2배가량 늘어난 유니콘…’상상 속 동물’ 맞아?,2022-02-01 14:05:23
인도 증시,"뉴욕증시, 구글 급등 효과에 나흘째 상승…나스닥 0.50%↑",2022-02-03 06:42:34
인도 증시,"""기업분석때 최우선 순위는 CEO…MS 나델라가 대표적""",2022-02-03 17:40:02
인도 증시,"호텔신라, 증권가 목표가 잇달아 하향…""단기 상승 모멘텀 부재""",2022-02-04 11:19:21
인도 증시,"""테슬라, 2030년까지 美 차시장 점유율 4배 늘것""",2022-02-05 13:16:19
인도 증시,국제유가 고공행진에 원자재 펀드 ‘훨훨’,2022-02-06 09:38:28
인도 증시,1월 하락장에도…베트남펀드는 웃었다,2022-02-06 18:35:25
인도 증시,빅테크 반등론 솔솔…기술주 저점매수 3대 포인트는,2022-02-08 17:44:02
인도 증시,"韓증시, MSCI선진지수 편입땐 단기론 지수추종 자금 순유출",2022-02-10 18:11:11
인도 증시,"바이낸스, 포브스 2대 주주된다",2022-02-11 11:07:32
인도 증시,세계 최대 전기차 시장 중국에서는...테슬라 앞서고 토종 신세력 3인방 뒤쫓고,2022-02-11 12:18:15
인도 증시,"뉴욕증시, 러 우크라 침공 우려에 급락 마감…나스닥 2.78%↓",2022-02-12 06:53:08
인도 증시,"""투자 전략 싹 바꿔야 하나""…코스피 장중 2700 붕괴",2022-02-14 17:48:04
인도 증시,러-우크라 전쟁 `디데이` 하루 앞두고 긴장 최고조…항공주 줄줄이 약세,2022-02-15 10:54:41
인도 증시,"몸값 1,000,000,000,000원…K유니콘 7곳 추가됐다",2022-02-15 18:00:26
인도 증시,"뉴욕증시, 미 SEC 맞선 머스크에 테슬라 급락…나스닥 2.88%↓",2022-02-18 06:50:06
인도 증시,"""주식 가상화폐 팔고보자""…미국 긴축보다 우크라 사태 두려워",2022-02-18 17:39:47
인도 증시,"JP모건 ""여전히 비싸, 손절 고려""…반토막난 로블록스 어쩌나",2022-02-22 17:45:01
인도 증시,우크라이나 리스크 일단 지켜보자…관망세 속 반발 매수에 코스피 강세,2022-02-23 16:09:49
인도 증시,"우크라이나 군사 충돌에…미국, 금리인상 `시계 제로`",2022-02-23 17:49:48
인도 증시,"러시아 빈 자리, 브라질에 투자하라? 떠오르는 자원부국 ETF",2022-03-01 13:40:06
인도 증시,"""러 MSCI 퇴출땐 반사효과…韓증시 4조~8조 유입 기대""",2022-03-01 18:03:38
인도 증시,경제활동 재개 기대…화장품·여행레저 ETF `쑥`,2022-03-02 17:49:28
인도 증시,"""갑작스런 전쟁에 금값 치솟았는데…지금 사면 물릴 수 있습니다"" [은행PB 긴급 설문]",2022-03-02 17:54:31
인도 증시,"MSCI 신흥지수서 러시아 퇴출...""한국 증시에 추가 자금 유입""",2022-03-03 11:55:01
인도 증시,"뉴욕증시, 러시아 우크라 전쟁 여파 연준 긴축 의지에 하락…나스닥 1.56%↓",2022-03-04 06:50:23
인도 증시,"푸틴의 우크라 침공, 美 금리 인상…‘살얼음 장세’서 살아남는 법",2022-03-04 12:52:13
인도 증시,[재테크 빙하기 내 자산 불리는 필살기] 증시 ➌ 미국 | 장기 계획 가지고 주식 조금씩 사들여야,2022-03-04 14:31:00
인도 증시,"폭탄 맞은 국제유가…""올 200달러 갈 수도""",2022-03-07 18:03:13
인도 증시,"뉴욕증시, 우크라 사태·인플레 공포에 급락...나스닥 3.62%↓",2022-03-08 06:47:24
인도 증시,"원유선물 시장이 보내는 경고장…""엑손모빌 셰브론 추격매수 조심""",2022-03-08 17:15:33
인도 증시,유가 1년만에 2배 폭등…세계경제 `R` 공포 커졌다,2022-03-08 17:47:36
인도 증시,"뉴욕증시, 유가 폭락에 일제히 반등...나스닥 3.59%↑",2022-03-10 06:45:13
인도 증시,"뉴욕증시, 물가·우크라 사태 협상 결렬에 하락…나스닥 0.95%↓",2022-03-11 06:56:26
인도 증시,"브라질 펀드, 우크라 사태 속 나 홀로 ‘삼바춤’",2022-03-13 09:34:15
인도 증시,[2022 매경 증권대상] 수익성·리스크 관리 다 잡았다…증시악재 뚫고 실적 대약진,2022-03-15 04:02:02
인도 증시,"뉴욕증시, 러시아 우크라 협상·FOMC 경계에 혼조…나스닥 2.04%↓",2022-03-15 06:39:51
인도 증시,우크라 사태 이어 中 리스크까지…국제유가 하락 불구 코스피 약세,2022-03-15 12:32:04
인도 증시,"러 ""밀·보리 수출 중단""…인플레 공포 이어 식량안보 위협",2022-03-15 17:30:06
인도 증시,"전쟁, 곡물대란, 금리인상, 중국봉쇄…사면초가 세계경제",2022-03-15 18:01:34
인도 증시,[현문학 기자의 돈되는 중국경제]20일 만에 1년 GDP 까먹은 전쟁과 경제비용,2022-03-21 09:44:08
인도 증시,"중남미 펀드, 하락장에도 웃었다",2022-03-23 17:11:43
인도 증시,우크라 공장 문 닫자…펄펄 끓는 韓철강주,2022-03-23 17:48:39
인도 증시,"뉴욕증시, 국제유가 급등에 하락 마감…나스닥 1.32% ↓",2022-03-24 06:51:37
인도 증시,"뉴욕증시, 지정학적 위기·긴축 우려에 혼조 마감…S&P500 0.51% ↑",2022-03-26 06:40:38
인도 증시,"뉴욕증시, 러·우크라 평화 협상 기대에 상승…나스닥 1.84%↑",2022-03-30 06:15:51
인도 증시,“묶인 규제 풀겠다”...윤석열 ‘찐’ 수혜주,2022-04-01 07:00:02
인도 증시,"""테슬라 덕에 1년간 재산 83조↑""…`265조` 머스크, `세계 1위 부자` 됐다",2022-04-06 22:53:27
인도 증시,"뉴욕증시, 공격적 긴축 예고에 급락…나스닥 2.22%↓",2022-04-07 06:34:27
인도 증시,"뉴욕증시, 3거래일 만에 소폭 상승…나스닥 0.06%↑",2022-04-08 06:37:12
인도 증시,中·러 주춤하니…브라질·인도 펀드 `훈풍`,2022-04-10 17:00:40
인도 증시,"뉴욕증시, 美국채금리 급등에 하락...나스닥 2.18%↓",2022-04-12 06:29:20
인도 증시,3박자 호재 겹친 조선株 `룰루랄라`,2022-04-18 17:32:24
인도 증시,엇갈리는 美전기차...`트위터 인수` 테슬라 12% 폭락 vs `사우디 10만대 계약` 루시드 6% 급등,2022-04-27 15:06:59
인도 증시,"러시아 빈자리, ‘곡물창고’ 브라질에 투자해볼까?",2022-05-02 16:50:03
인도 증시,코스피 PER 1년새 반토막…中·태국보다 저평가,2022-05-03 17:45:43
인도 증시,美연준 22년만에 빅스텝 밟았다,2022-05-05 18:23:00
인도 증시,금융시장 덮친 S의 공포…코스피 17개월만에 2600 깨져,2022-05-10 17:51:09
인도 증시,"뉴욕증시, 반발 매수세에 급상승…나스닥 3.8%↑ 마감",2022-05-14 06:07:00
인도 증시,"롤러코스터 뉴욕증시…월가 ""달러 강세 수혜주 찾아라""",2022-05-15 13:59:26
인도 증시,"""우크라 재건, EU가 적극 도와준다""...폭락장 속 `우크라 재건` 관련주 급등",2022-05-19 16:37:59
인도 증시,[미국주식 원포인트 레슨] IPEF 출범 기대…인프라·방산 테마 주목,2022-05-20 04:01:01
인도 증시,불안한 증시…공포에 베팅? VIX·인버스 단기 헤지 수단으론 OK,2022-05-20 11:15:57
인도 증시,밀 대란에도 웃지 못하는 사료주…대주주 `먹튀` 논란에 개미 한숨,2022-05-22 15:01:02
인도 증시,잘나가던 브라질·인도 펀드 인플레 악재에 `급브레이크`,2022-05-22 17:50:36
인도 증시,"뉴욕증시, 中관세 완화·저가 매수세에 상승…다우 1.98%↑ 마감",2022-05-24 07:03:12
인도 증시,"세계화의 역습…월가 ""S&P500지수 40% 하락도 각오할때"" [월가월부]",2022-05-24 17:37:05
인도 증시,"이번엔 설탕 대란?…세계 최대 생산국 인도, 수출 제한 검토",2022-05-24 22:05:05
인도 증시,"뉴욕증시, 스냅발 충격에 혼조 마감...나스닥 2.35%↓",2022-05-25 06:01:57
인도 증시,"[해외주식 포커스] 보잉 올들어 40% 하락…JP모건 ""저가매수 기회""",2022-05-25 17:12:17
인도 증시,"해외 주식 中 돋보이는 ‘아세안 펀드’ 원자재 풍부 동남아, 약세장서도 ‘쏠쏠’",2022-05-27 14:28:52
인도 증시,조석래 명예회장 효성티앤씨 지분 매입 왜? 주가 바닥 치고 `황제주` 위상 회복할까,2022-06-03 12:04:46
인도 증시,"""또 일론 머스크 입이 문제""…테슬라 급락에 서학개미 전전긍긍",2022-06-05 09:52:21
인도 증시,[현문학의 돈되는 중국경제] 글로벌 브랜드 없이 IPO 서두르는 녹차 대국,2022-06-07 09:00:26
인도 증시,"""유가 연말 150弗 갈수도"" 전망에…엑손모빌·셰브론 주가 껑충 [월가월부]",2022-06-09 17:26:16
인도 증시,찜한 상품에 자동 투자 ‘디폴트 옵션’…퇴직연금의 반전,2022-06-17 16:40:00
인도 증시,기후변화·반도체 수요 기대…`물 ETF`로 물타기 해볼까 [월가월부],2022-06-19 17:01:07
인도 증시,`폭풍우` 뉴욕증시 SPAC 기대 모으던 전기차 폴스타 상장,2022.06.24 15:08
인도 증시,우버보다 더 비싸다고?…쏘카 공모가도 고평가 논란,2022.06.27 15:51
인도 증시,신흥국통화 ETF 지고…달러화 ETF에 뭉칫돈,2022.06.29 17:23
인도 증시,"상반기 9조弗 증발한 美증시…S&P500, 52년래 최대 낙폭",2022.07.01 17:45
인도 증시,버핏도 18조 잃었다...`암흑의 상반기` 500대 갑부 재산 얼마나 줄었나 보니,2022.07.02 06:48
인도 증시,"미래에셋 넘어 韓성장 고민…""中과 우호관계 유지해야"" [톡톡! 경영인]",2022.07.03 17:18
인도 증시,경기침체 신호탄…美 장단기 금리차 또 역전 [월가월부],2022.07.06 05:52
인도 증시,"뉴욕증시, 경기침체 우려에 혼조세 마감...나스닥 1.75%↑",2022.07.06 06:17
인도 증시,"코스피 장중 2310선 밑돌아…경기침체, 환율 급등 부각",2022.07.06 10:17
인도 증시,美증시 4일연속 상승…나스닥 2.3%↑[월가월부],2022.07.08 06:03
인도 증시,"""시장 흔들릴 때, `좋은 기업`이 `좋은 주식` 된다…골라 사야"" [주전부리]",2022.07.11 08:51
인도 증시,20년만에 1달러=1유로…달러강세에 美기업들 곡소리 [월가월부],2022.07.13 06:01
인도 증시,국제유가 100달러 하회에 항공주 반등…진에어 장중 15%↑,2022.07.13 10:08
인도 증시,테슬라 2분기 주당순익 전망치 25% 상회 [월가월부],2022.07.21 06:08
인도 증시,역대급 엔저 효과에…日펀드 뭉칫돈 몰려,2022.07.21 17:39
인도 증시,테슬라 실적 하락에도 10% 급등 [월가월부],2022.07.22 06:14
인도 증시,엔 약세로 日 펀드 쏠림 현상…환노출형 유리,2022.07.22 14:43
인도 증시,세계 부자 순위에서 빌 게이츠를 제친 아시아의 이 남자,2022.07.23 13:46
인도 증시,테슬라 인버스ETF 나와 샀더니…6일 연속 하락 `날벼락`,2022.07.25 16:27
인도 증시,신흥국펀드 줄줄이 죽쑬 때…인도펀드 한달 수익률 8.5%,2022.07.25 17:26
인도 증시,하반기 뉴욕 증시 투자 전략… 실적 저점부터 확인해야,2022-07-27 16:41:08
인도 증시,"[해외주식 포커스] ASML, 실적 우려에도 車반도체 수요에 `선방`",2022-07-27 17:08:49
인도 증시,"공정위, 외국인 동일인 지정땐…美서 형평성 문제 제기할수도",2022-07-28 17:48:08
인도 증시,"美펠로시 결국 대만 갈까…중국군 ""전투대비"" 경고",2022-07-31 17:26:42
인도 증시,반도체 부족 벗어나나…자동차株 실적 기지개,2022-08-03 17:39:59
인도 증시,나스닥 3개월래 최고…나홀로 이틀 연속 상승 [월가월부],2022-08-05 06:05:09
인도 증시,[미국주식 원포인트 레슨] 美중간선거 이후 국방·리쇼어링株 수혜,2022-08-12 04:01:02
인도 증시,가상화폐 폭락에도 `이 슈퍼카`는 불티나게 팔렸다 [위클리기사단],2022-08-13 07:01:01
인도 증시,[이진우 칼럼] 한국에서 벌어진 기이한 일들,2022-08-17 00:07:01
인도 증시,한달 수익률 20%…브라질·印 펀드 날았다,2022-08-17 17:48:58
인도 증시,경기 침체 공포에 전세계 난리인데…경제성장률 13.5% 기록한 이 나라,2022-08-31 22:44:27
인도 증시,"옛 식민지의 반란…인도 GDP, 英 제쳤다",2022-09-04 17:30:12
인도 증시,유럽 가스값 31% 뛰고…국제유가 다시 들썩,2022-09-06 17:33:50
인도 증시,자이언트스텝 선반영(?) 뉴욕증시…기술주 중심 반등 [월가월부],2022-09-10 06:49:45
인도 증시,에너지·방산…지수와 따로 노는株 눈길,2022-09-14 17:45:42
인도 증시,인플레 쇼크에도…인도·印尼 신흥국펀드 `훨훨`,2022-09-15 17:51:59
인도 증시,美 물가 안정 멀었나…오일쇼크 악몽 떠올라,2022-09-16 11:14:48
인도 증시,경기 회복 “인도” … 인플레 선제 대응 “브라질”,2022-09-23 11:31:47
인도 증시,"`애플, 너마저`…하루만에 요동친 뉴욕증시, 하락 마감 [월가월부]",2022-09-30 06:47:50
인도 증시,나도 갈아탈걸…中펀드 39% 빠질때 인도는 32% 올랐다,2022-10-02 17:09:34
인도 증시,`선거와 실적` 10월 첫 거래일 뉴욕증시 2% 이상 반등…유가도 껑충 [월가월부],2022-10-04 06:51:01
인도 증시,"테슬라, 로봇호재도 발표했는데…주가 8% 폭락",2022-10-04 09:31:01
인도 증시,휴머노이드 로봇 발표에도 주가 8% 폭락 ‘테슬라’ 왜?,2022-10-04 11:25:31
인도 증시,없어서 못팔던 차가 이제 남는다니…테슬라 향한 의심의 눈초리,2022-10-04 17:42:17
인도 증시,한국도 자금이탈 남의 일 아니다…일본 대만 이어 19억달러 썰물,2022-10-05 17:35:59
인도 증시,선전하는 신흥국 증시...인도는 경기 회복 시그널 자원강국 인도네시아 ‘굿’,2022-10-07 06:30:03
인도 증시,킹달러에 코스피 떠난 외국인…그래도 이 종목은 샀다,2022-10-09 09:26:07
인도 증시,"""車 재고 쌓여간다""…포드·GM·스텔란티스 `덜컹덜컹`",2022-10-11 17:47:22
인도 증시,"한국 국부펀드 KIC 사장 ""시장 불확실…중국 투자 다변화 필요"" [월가월부]",2022-10-13 08:47:31
인도 증시,"""동학개미, 눈높이 낮춰야""…하락장에 쏟아진 목표가 하향 보고서",2022-10-18 16:20:29
인도 증시,만든 만큼 못 팔았다…기대감 꺾인 테슬라 6% 급락 [월가월부],2022-10-20 17:20:10
인도 증시,"주가 폭락·손절에 우는 서학개미…올해만 31조원 줄였다, 예탁원 보관잔액",2022-10-27 15:06:37
인도 증시,‘어닝 시즌’ 맞춰 서학개미가 눈여겨볼 종목은? 빅테크 반등 가능성 남아있다… MS·세일즈포스·애플 주목,2022-10-28 11:20:22
인도 증시,외국자본 `차이나런` 본격화…인도 증시가 웃는다,2022-10-30 17:36:02
인도 증시,'직원 대탈출' 中아이폰공장 결국 폐쇄 … 코로나 재확산 직격탄,2022-11-03 17:41:17
인도 증시,‘차이나런’ 가속…코스피 반사이익 누릴까,2022-11-06 21:10:03
인도 증시,美중간선거 D-1 ‘트럼프 테마주’ 급등…뉴욕증시 상승 마감,2022-11-08 07:52:28
인도 증시,"[아이넷 AI 로봇 기자] NHN한국사이버결제, `여전한 성장주` 증권사 발표에 강세",2022-11-09 10:34:14
인도 증시,반도체주에 장기투자?...장비시장 꽉 잡은 이 종목 노려라,2022-11-10 07:00:00
인도 증시,반도체株 주가 기지개 켜니 … ASML 한달새 19% 올라,2022-11-10 17:24:08
인도 증시,"[월가월부] ""머스크 또 팔다니""… 테슬라 급락에 전기차株 '눈물'",2022-11-10 17:24:20
인도 증시,[에너지 전쟁 시대] 에너지 전쟁 시대 투자법 | 해외투자 기업·신재생에너지 ETF 주목,2022-11-10 17:29:03
인도 증시,나스닥 1% 오를 때 8% 오른 코스피...“호재가 뭔가요?” 증권가도 갸우뚱,2022-11-12 07:00:00
인도 증시,"""내년엔 신흥국보다 선진국 증시 유망""",2022-11-15 17:44:18
인도 증시,11월 FOMC 회의록 ‘침체’언급…뉴욕증시 상승·유가 3%급락,2022-11-24 07:34:21
인도 증시,"오일머니, 게임·콘텐츠 등 신산업 투자 ‘마중물’",2022-11-25 09:56:49
인도 증시,"[해외주식 포커스] 현금 많은 보잉, 한달새 23% 올라",2022-11-30 17:07:36
인도 증시,베트남 펀드 바닥 찍었나,2022-12-04 17:18:58
인도 증시,전세계 금리인상 속도 줄여도..증시 이게 불안한데 [김인오의 미주다],2022-12-05 12:15:38
인도 증시,"달러 환산 주가 하락률…韓, 러시아 빼면 최악",2022-12-06 17:20:05
인도 증시,"실적 반토막 난 메타·위기의 아마존, 美 빅테크 기업 찬 겨울 버틸 수 있을까",2022-12-14 14:40:14
인도 증시,용산 시대·중꺾마·우영우…키워드로 돌아본 2022년,2022-12-16 11:42:03
인도 증시,“이자 무서워 새차 살 엄두 안나”...속타는 현대차·기아 주주 [이종화의 세돌아이],2022.12.20 10:45
인도 증시,전기차 판매 꺾이나…테슬라 주식 9% 폭락,2022.12.23 10:01
인도 증시,다시 M&A 뛰어든 HD현대그룹…대우조선 아픔? STX重 인수로 만회한다,2022.12.23 11:53
인도 증시,"테슬라 11%↓ ‘전기차 쇼크’…투자자들, 뉴욕증시 하락베팅↑ [월가월부]",2022.12.28 07:51
인도 증시,中코로나 봉쇄 해제 물결에 주요국 긴장 …테슬라 반등 불구 뉴욕증시 하락 [월가월부],2022.12.29 07:29
인도 증시,"[월가월부] '머스크 리스크'에 실적악화까지 …""테슬라를 어찌할꼬""",2023.01.03 17:28
인도 증시,"테슬라, 작년 131만대 인도...‘연간 50% 성장’ 목표 달성 실패",2023.01.03 18:24
인도 증시,“아 테슬라” 새해 첫날 12% 급락…뉴욕증시 매수세 실종 [월가월부],2023.01.04 07:41
인도 증시,새해에도 계속되는 테슬라의 추락...국내 2차전지주도 줄줄이 하락,2023.01.04 11:13
인도 증시,돌아온 안전자산 金 …'R의 공포' 타고 반년새 최고,2023.01.04 17:35
인도 증시,"세계시총 톱10서 자취감춘 테슬라, 어디까지 떨어졌니? [박윤예의 글로벌주 열전]",2023.01.04 18:39
인도 증시,"뛰어오르는 코끼리 … 인도, 신차 구매도 日보다 많았다",2023.01.06 18:20
인도 증시,금값 6개월 만에 최고치 찍었다는데…“ETF 투자해볼까”,2023.01.09 15:00
인도 증시,"투자혹한기 피난처는 …""금·미국채·성장株로 버텨라""",2023.01.09 17:01
인도 증시,美빅테크 바닥 신호 … 반도체株 저점매수 노려볼 만 [MBN GOLD 주요산업 증시기상도],2023.01.12 15:57
인도 증시,"일주일새 9% 급등 브라질펀드 …""투자 유의""",2023.01.15 17:01
인도 증시,“나라는 엉망인데 왜 올랐지?”…일주일새 9% 급등한 펀드,2023.01.15 20:02
인도 증시,"다시 붐비는 공항터미널…국내는 LCC, 美는 대형항공주 뜬다는데 [이종화의 세돌아이]",2023.01.19 15:31
인도 증시,“이익률 50% 넘는 회사가 있다고?”…저력 발휘한 ‘슈퍼을’,2023.01.26 16:00
인도 증시,[월가월부] 4분기 깜짝 실적 테슬라 … 폭탄 할인에 매출 37% 늘었다,2023.01.26 17:08
인도 증시,매출총이익률 무려 51.5% … 괴물 반도체장비기업 ASML의 힘,2023-01-26 17:08:19
인도 증시,올해 경제 어떻게 될까··· 전문가에게 물어봤더니,2023-01-27 12:09:43
인도 증시,성장성 주목받는데 … 신흥국 펀드 지금 넣어도 될까,2023-01-29 16:13:48
인도 증시,공매도 표적된 인도 '아다니'…시총 64조원 증발,2023-01-29 17:26:25
인도 증시,"'공매도 파문' 아다니, 유상증자 돌연 취소…인도증시 출렁",2023-02-02 17:36:36
인도 증시,공매도 공격에 시총 100조 날아가자…이 회사가 내린 결단,2023-02-02 20:08:20
인도 증시,‘파월 발언’ 하루 앞두고 뉴욕증시 하락…챗봇 관련주 올해 700%폭등,2023-02-07 07:32:47
인도 증시,경기침체 우려에 가계 소득 제자리…집값 더 지켜봐야,2023-02-09 16:07:41
인도 증시,"[월가월부] ""7000명 해고, 7조원 절감""… 디즈니 다이어트에 주가 '화색'",2023-02-09 17:04:06
인도 증시,"역발상 투자법 선진국보다 신흥국, 한·중 반도체 주목",2023-02-10 15:46:45
인도 증시,"단기 비관론 불거진 뉴욕증시, 혼조세 마감… 국채 값 연일 하락[월가월부]",2023-02-11 07:03:21
인도 증시,"주목받는 중남미 ETF… 월가 “멕시코, 일생 최대 투자 기회”미-중 갈등 반사효과, 주가·통화가치↑",2023-02-14 10:53:50
인도 증시,"뉴욕증시, 생산자물가지수 급등에 혼조…나스닥 1.78%↓",2023-02-17 06:29:26
인도 증시,리튬국유화 선언... 멕시코 투자 피난처로 떠오르나,2023-02-20 14:24:40
인도 증시,‘반도체 대장주’ 엔비디아 덕에…출렁이던 뉴욕증시 상승 마감 [월가월부],2023-02-24 06:39:03
인도 증시,“남들 다 뛰는데 왜 내 주식만”....올 16% 하락 현대미포조선,2023-03-06 15:43:31
인도 증시,"롤러코스터 타는 신흥국 펀드, 지금 들어가도 되나? 시장 커진 인도·성장 턴어라운드 중국 매력적",2023-03-08 14:49:54
인도 증시,행동주의 공세에도 끄떡없다...인도펀드 월간 수익률 1위,2023-03-10 13:59:00
인도 증시,"""믿을건 자원뿐"" 신흥국 펀드 강세",2023-03-12 16:39:05
인도 증시,"""닷컴버블 악몽 떠올라""… 美스타트업 연쇄도산 15일이 중대 고비",2023-03-12 17:30:59
인도 증시,"매경이 전하는 세상의 지식(매-세-지, 3월 15일)",2023-03-15 07:01:00
인도 증시,"“급한 불 끄자”...30% 넘게 폭락한 CS, 70조원 빌린다",2023-03-16 11:12:24
인도 증시,美보잉 항공기 인도량 감소...월가 “호재 대부분 선반영”,2023-03-16 14:34:53
인도 증시,"테슬라 전날 밤 장중 7.82% 급등, 배경은? [오늘, 이 종목]",2023-03-22 10:48:23
인도 증시,“찍었다하면 주가 대 폭락”...트위터 창업자 향하는 공매도 저승사자,2023-03-24 10:45:40
인도 증시,"""공매도 저승사자 힌덴버그에 찍혔다"" 美 블록 주가 급락",2023-03-24 17:29:18
인도 증시,성장하는 인도 우량종목 담아 3년 수익률 35% '진주' 캤다,2023-03-27 16:08:58
인도 증시,전세계 금융 영토 개척 …'현지화 전략'으로 글로벌 IB 도약,2023-03-27 16:13:02
인도 증시,대구시에 런던증권거래소 생기나,2023-03-28 16:23:13
인도 증시,[매경데스크] BTS가 트로트 인기에 밀리더라도…,2023-04-02 17:19:07
인도 증시,“일을 재미로 해?”...1만2천명 해고하고 복지까지 끊은 세계 최고 ‘꿈의 직장’ [월가월부],2023-04-04 06:56:00
인도 증시,여기는 또 돈벼락 맞겠네…OPEC+ 감산에 정유·화학株 급등,2023-04-04 10:16:59
인도 증시,테슬라 분기 최고 판매량에도 주가 6% 급락...왜?,2023-04-04 11:22:54
인도 증시,美 경기 둔화 우려에…中·유럽으로 머니무브,2023-04-09 17:49:47
인도 증시,e커머스 춘추전국시대 … 쿠·네 다음은 티메파크? [스페셜 리포트],2023-04-14 12:03:54
인도 증시,월가 은행들 ‘이자 잔치’…침체 우려에도 연준 인사 “금리 더 올려야” [월가월부],2023-04-15 07:00:00
인도 증시,"삼성자산운용, KODEX 인도 Nifty50·레버리지 ETF 2종 상장",2023-04-20 09:38:15
인도 증시,증권가 목표가 상향에 … 또 달리는 방산주,2023-04-20 17:31:48
인도 증시,K아이돌 대신 K2···현대로템 주가 급등한 속사정,2023-04-22 15:04:55
인도 증시,“2만명 이상 해고한다” 엄포 놓은 이 기업...매출 선방하며 간만에 웃었다 [월가월부],2023-04-27 06:59:27
인도 증시,日·유럽펀드 고수익에도…투자자 '시큰둥',2023-05-01 17:07:11
인도 증시,수익률 짭짤한데 인기는 씁쓸하네…투자자 외면받는 이것은,2023-05-01 21:26:45
인도 증시,여전한 코리아 디스카운트...개도국 증시보다 대접 못받는 한국 증시,2023-05-03 16:08:36
인도 증시,"김승현 유안타증권 센터장 “9만전자 가능성 충분…中, 반도체 대체 아직” [리서치센터장에게 듣는다(11)]",2023-05-04 11:13:07
인도 증시,애플 호실적 ‘중국보다 인도’…FRC 악몽 재현(?) 팩웨스트 주가 반토막 [월가월부],2023-05-05 07:00:00
인도 증시,中 아닌 ‘이 나라’가 애플 살렸네...깜짝실적에 자사주 119조 매입,2023-05-05 07:34:54
인도 증시,[월가월부] '아이폰 효과' 애플 깜짝실적 … 119조원 자사주 매입,2023-05-05 17:10:01
인도 증시,백악관 발 ‘공매도 예의주시’ 경고에 팩웨스트 82% 폭등…뉴욕증시 상승 마감 [월가월부],2023-05-06 10:56:59
인도 증시,안개 자욱한 증시 … '긴축완화·실적 회복' 희망이 보인다,2023-05-07 16:01:42
인도 증시,“1300명 해고하겠다” 발표했지만...여전히 전망 어두운 ‘제2 테슬라’ [월가월부],2023-05-09 07:03:16
인도 증시,[월가월부] '테슬라發 가격인하' 폭탄맞은 루시드 … 순손실 9배 급증,2023-05-09 17:38:11
인도 증시,"“해외여행 이렇게나 많이 가는데 왜”...잘 나갈 것 같던 이 기업, 울상이라는데 [월가월부]",2023-05-10 07:00:00
인도 증시,"""버핏이 찜할 만하네"" … 크게 웃은 '일학개미'",2023-05-10 17:25:44
인도 증시,"“우리는 일본으로 간다”…한국인들 몰려갔다, 버핏 따라서",2023-05-10 22:18:42
인도 증시,"“우리도 한국에 투자 늘려야하나”...넷플 대항마라던 디즈니, 구독자 대거 떠났다 [월가월부]",2023-05-11 07:05:35
인도 증시,데이터센터株 에퀴닉스·디지털리얼티 ‘찜’ [나스닥에서 살아남기] (72),2023-05-11 22:16:33
인도 증시,‘테슬라 주총’ 머스크 “트위터 줄이겠다…모델Y 많이 팔 것” 뉴욕증시는 하락 마감 [월가월부],2023-05-17 07:00:00
인도 증시,바이든 “인플레 2년만에 최저…美 디폴트 없다” 낙관론 속 뉴욕증시 상승 마감 [월가월부],2023-05-18 07:00:00
인도 증시,미래에셋 ‘TIGER인도니프티50’ 상장 한달… 개인 순매수 100억 돌파,2023-05-19 10:10:34
인도 증시,내수 부진에 유독 못 오르는 韓 증시…내수 살리겠다던 ‘소주성’은 뭐 했나 [임상균 칼럼],2023-05-19 14:42:32
인도 증시,"AI가 만든 가짜사진, 미국 증시를 흔들었다",2023-05-23 17:29:52
인도 증시,美 펜타곤이 쾅쾅쾅…가짜 사진 한장에 멀미난 증시,2023-05-23 22:24:38
인도 증시,“이젠 오를 때”...‘차이나H레버리지’ 매수 나선 서학개미,2023-06-05 15:11:19
인도 증시,"“한국인 선택이 옳았다”...자고 일어나면 올라있다는 이 기업, 멈춤 없네 [월가월부]",2023-06-09 07:27:09
인도 증시,[Part Ⅳ] 투자시장에서도 脫중국 알타시아 내 선호국은 인도·베트남·인니,2023-06-13 18:18:36
인도 증시,"저무는 중국의 시대, 떠오르는 인도에 투자한다면 ‘이것’이 답 [자이앤트TV]",2023-06-16 10:58:22
인도 증시,소비 침체·은행 유동성 위기 불씨 “주식 비중 줄이고 신중 투자” 대세,2023-06-16 16:14:41
인도 증시,"테슬라는 날라가는데…‘실적 우려’ 공회전하는 현대차·기아, 어쩌나",2023-06-17 13:15:01
인도 증시,[송성훈칼럼] 외국자본 중국 탈출 시작됐다,2023.06.21 17:27
인도 증시,"ETF 100조 시대 투자법 …""우주항공·방산 등 테마형 유망""",2023.06.21 17:41
인도 증시,"“콜라, 먹지만 말고 담으세요”…맷집 좋고 배당도 짭짤하다는데",2023.06.22 20:37
인도 증시,[Part Ⅰ] 日 30년 장기불황 탈출하나 반도체 투자 열풍이 마중물 역할 기업 실적 개선에 임금인상 호재,2023.06.23 18:49
인도 증시,다음 주에도 ‘파월 발언’ … 뉴욕 증시 기술주 중심 하락 마감 [월가월부],2023.06.24 06:37
인도 증시,28개월 만의 거래재개가 무색…두달 만에 -40%된 KG모빌리티,2023.06.26 15:43
인도 증시,“정부가 경기부양할 타이밍”...저평가된 이나라 투자하라는데,2023.06.26 15:50
인도 증시,[월가월부] 테슬라 주가 123% 뛰었는데 …'세계 1위' 中비야디는 헛바퀴,2023.06.27 17:36
인도 증시,車개소세 인하 종료 … 해외송금 증빙없이 10만달러로 확대,2023.06.30 17:10
인도 증시,“보증금 떼먹었어요”...나쁜 집주인 정보 알수 있게 됐다는데,2023.06.30 22:20
인도 증시,코스닥 3600억 사들이는 외국인...에코프로 신고가,2023.07.03 14:18
인도 증시,테슬라 차량 인도량 83% 급증...2차전지주 급등,2023.07.03 15:43
인도 증시,안정적 인컴·성장株 배분 통해 … 경기국면마다 비중 조절을 [기고],2023.07.03 16:10
인도 증시,“땡큐 테슬라” 2차전지株 일제히 급등…코스피는 2600 탈환 성공 [이종화의 장보GO],2023.07.03 16:39
인도 증시,‘역시 테슬라’ 주가 7% 급등…휴장 하루 앞두고 뉴욕증시 조기 마감 [월가월부],2023.07.04 07:00
인도 증시,"[주식 초고수는 지금] 어제는 형이, 오늘은 동생이...질주하는 2차전지 형제",2023.07.04 10:47
인도 증시,전기차 판매 실적 예상치 훌쩍 리비안 주가 하루새 17% 급등,2023.07.04 17:29
인도 증시,"포스코인터, 리비안 급등에 강세",2023.07.05 09:54
인도 증시,[Focus]제2의 테슬라는 어디에… 생존 위기 직면한 글로벌 EV 스타트업,2023.07.06 10:34
인도 증시,ETF 100조 시대 유망 펀드는…테크·명품·月배당·인도 ETF ‘탐나네~’,2023.07.06 22:19
인도 증시,주식 지분 100%까지 ‘외국인 투자 천국’...IPO 규제 풀자 유니콘 기업에 뭉칫돈,2023-07-07 12:13:32
인도 증시,‘캐나다 정부 백신 비용 지불’ 노바백스 급등,2023-07-11 14:09:24
인도 증시,美 다우 주춤하자 … 투자촉수 인도 ETF로,2023-07-11 17:45:12
인도 증시,"日증시, 中견제 반사이익에 85조 빨아들여 … 한국은 3조 '찔끔'",2023-07-11 17:45:13
인도 증시,中 탈출한 뭉칫돈 日·인도로 대이동,2023-07-11 17:47:55
인도 증시,중국 흔들리자 탈출하는 자금…일본 85조 빨아들일때 한국은 고작,2023-07-11 18:59:08
인도 증시,"""백신비용 3억5천만弗 받는다"" 노바백스 급등",2023-07-11 19:51:43
인도 증시,“사업 못하겠다” 中서 탈출한 뭉칫돈…일본·인도 택했다,2023-07-11 20:14:27
인도 증시,"매경이 전하는 세상의 지식 (매-세-지, 7월 12일)",2023-07-12 07:01:00
인도 증시,[기자24시] 脫중국 머니 끌어들이려면,2023-07-12 17:18:37
인도 증시,‘드디어 인플레 3%’ 美 6월 CPI 꺾이자 뉴욕증시 일제히 상승 마감 [월가월부],2023-07-13 07:00:00
인도 증시,생산 물가도 ‘잠잠’ 달러 값 52주만에 최저…S&P 500 지수 작년 4월 이후 최고치 [월가월부],2023-07-14 07:00:00
인도 증시,‘황제주’ 이름값 할까…에코프로의 모든 것 [스페셜리포트],2023-07-14 14:16:47
인도 증시,인도보다 돈 더 몰린 '멕시코 ETF',2023-07-14 17:19:31
인도 증시,"“떡고물 떨어지겠지?”...잘 나가는 이웃 덕보는 멕시코, 자금 몰린다",2023-07-14 22:02:41
인도 증시,"“동성애자 출연시켜” “주인공은 흑인으로”...공감 못 받은 디즈니, 주가도 나락 [월가월부]",2023-07-18 07:01:48
인도 증시,"“중국에 팔기만 하면 잘 될거야”…변화 못 읽은 한국뷰티, 먹구름 잔뜩",2023-07-18 20:23:45
인도 증시,‘테슬라 10% 급락’ 빅테크 매도 물결 속 뉴욕증시 약세 마감 [월가월부],2023-07-21 07:00:00
인도 증시,"매경이 전하는 세상의 지식(매-세-지, 7월 27일)",2023-07-27 07:01:00
인도 증시,美긴축 끝낼때마다 신흥국에 '뭉칫돈'… 韓증시도 탄력 기대감,2023-07-27 17:46:39
인도 증시,5년 전에도 54조원 몰려왔는데…이번에도 한국증시에 ‘단비’?,2023-07-27 18:48:12
인도 증시,"[월가월부] ""가격 뛰어도 탄산은 못 끊어""… 코카콜라·펩시 실적 '탄탄'",2023-08-01 17:21:53
인도 증시,한국주식 잘못하면 개미는 울고 ‘회장님’만 웃는 이유 [자이앤트TV],2023-08-05 18:06:35
인도 증시,"키움투자자산운용, '14억 인구 대국' 인도 증시 투자 … 중장기 매력",2023-08-06 16:04:56
인도 증시,"삼성자산운용, ‘Kodex ETF 투자마불’ 발간",2023-08-10 09:13:59
인도 증시,삼성자산운용 | ETF로 떠나는 여행…‘Kodex ETF 투자마불’ 발간 [Market clips],2023-08-11 15:38:37
인도 증시,"10년 전 애플 주식 못 샀다면, 지금 테슬라를 사야 하는 이유 [자이앤트TV]",2023-08-12 13:10:10
인도 증시,신흥국 펀드 희비…인도·베트남만 '방긋',2023-08-15 16:56:08
인도 증시,“印밸류체인 속한 LG엔솔 두산에너빌 주목”,2023-08-22 14:19:46
인도 증시,"5년 장기수익률, 나스닥100 ETF가 1등",2023-08-22 17:16:08
인도 증시,"""LG엔솔·두산에너빌…인도 수혜주 주목""",2023-08-22 17:43:44
인도 증시,中위기 실물 전이…시총 12% 증발,2023-08-22 17:54:46
인도 증시,"중국 좋아질때만 기다렸는데…기업마저 휘청, 시총 12% 날렸다",2023-08-22 18:35:45
인도 증시,“중국과 이혼하는 과정”…글로벌 은행이 꼽은 톱픽은 한국,2023-08-22 21:03:01
인도 증시,"매경이 전하는 세상의 지식 (매-세-지, 8월23일)",2023-08-23 07:01:00
인도 증시,"만찬만 즐긴 ‘절대 권력’…포럼은 딴사람에 미뤄, 브릭스에 무슨일",2023-08-24 06:15:54
인도 증시,“중국보다 인도가 낫네” 개미들 몰린 인도 투자 ETF,2023-08-24 11:50:57
인도 증시,미국 다음은 어디? 인도·베트남 펀드에 수천억 몰린다,2023-08-24 16:24:56
인도 증시,"중국펀드서 돈 뺀 중학개미들, 이 나라에는 3300억 부었다",2023-08-24 21:51:58
인도 증시,PB 100명에게 물어보니…“하반기도 美 투자” [데이터로 보는 세상],2023-08-25 22:00:00
인도 증시,‘脫중국’ 자금 어디로 갔나 봤더니… 최대 수혜는 인도·대만·멕시코 증시,2023-08-28 15:14:27
인도 증시,[김대영칼럼] 왜 국가가 실패하는가,2023-08-29 17:23:23
인도 증시,"'구원투수' 아이폰15 나온다…월가 ""애플 주식 미리 줍줍해놔야""",2023-08-29 17:37:11
인도 증시,“아이폰15 걱정할 시간에 애플 주식 사라”...월가 전문가는 ‘줍줍’ 추천,2023-08-29 21:35:37
인도 증시,‘차이나 펀드런’ 인도·베트남 펀드로…중국 증시 부진이 가져온 나비 효과,2023-09-01 11:57:24
인도 증시,외국인 16조원 팔아치운 中증시…韓개미도 등돌렸다,2023-09-01 17:45:24
인도 증시,한달새 16조원 중국 탈출작전…중학개미도 7년만에 ‘팔자’ 변심,2023-09-01 21:22:16
인도 증시,“모창가수 때문에 원조 몸값 떨어진 셈”…다이아 가격 40% 낮춘 까닭은,2023-09-04 11:30:59
인도 증시,‘미국과 거리두기’ 사우디 친중 노선에…중국 대기업들 줄줄이 사우디 行,2023-09-05 15:48:50
인도 증시,"美 41%, 中 -28% … 3년 수익률 '극과 극'",2023-09-06 17:42:57
인도 증시,미국펀드 3년간 41% 수익낼때 여기는 무려 83%…대체 어디길래,2023-09-06 22:18:43
인도 증시,"경제규모는 영국, 인구는 중국 제쳐…한국도 ‘이 나라’ 꽉 잡는다",2023-09-08 21:57:35
인도 증시,"‘팔지 말 걸, 살 걸’ 테슬라 주가 10% 급등...차이나리스크는 여전",2023-09-12 13:22:23
인도 증시,자산시장 우상향 이끌던 순풍 멈춰…사모투자로 눈 돌려라,2023-09-13 17:54:02
인도 증시,EU ‘전기차보조금 조사’ 공세에…중국 “적나라한 보호무역” 반발,2023-09-14 14:24:32
인도 증시,"중국서 빠진 투자금, 인도·베트남에 몰린다 [신화!머니?]",2023-09-18 08:45:09
인도 증시,골드만삭스 “테슬라 가격인하에 타격”…월가서도 주가 전망 엇갈리네,2023-09-19 09:09:18
인도 증시,"""車 가격 내려 수익성 나빠질 것"" 골드만삭스, 테슬라 전망치 하향",2023-09-19 17:49:40
인도 증시,"슈퍼리치 절반 ""가치株보다 성장株 … 2차전지 더 담겠다""",2023-09-19 17:53:12
인도 증시,유가 다시 100달러 시대가 올까요? YES or NO [스페셜리포트],2023-09-19 21:00:00
인도 증시,100억이상 자산가들 톱픽 또 이거야?…“광풍 아니고 오를만 했다”,2023-09-19 22:02:26
인도 증시,매파 FOMC 전망에 뉴욕증시 하락 [월가월부],2023-09-20 07:00:00
인도 증시,D램값 반등세 … 삼성전자 주가 바닥론 '솔솔' [MBN GOLD 증시기상도],2023-09-21 16:00:18
인도 증시,역동·효율 중시하는 신한證 인도시장 'MZ원정대' 파견,2023-09-21 17:54:43
인도 증시,펀드매니저도 주목한 투자로 인생을 바꿀 ‘3가지 업종’ [자이앤트TV],2023-09-24 10:00:00
인도 증시,"""유가 100弗 넘는다""… 뜨거운 에너지ETF",2023-09-24 17:35:43
인도 증시,‘리튬 부국’ 아르헨티나에 뭉칫돈 몰린다는데… 美증시서 ETF·개별종목 투자 가능,2023-09-26 14:09:38
인도 증시,JP모건 다이먼 CEO “연준 기준금리 7% 갈 수도”...3대지수 뚝 [월가월부],2023-09-27 07:07:12
인도 증시,“이젠 진짜 던져야 하나”…악재 3연타에 휘청이는 전기차,2023-09-28 06:50:45
인도 증시,美셧다운 우려 속 다우 0.2%↓[월가월부],2023-09-28 06:55:47
인도 증시,"‘굿바이 차이나’ 日미쓰비시자동차…투자자들, 강한 매수세로 환영",2023-09-28 11:21:04
인도 증시,“1억 생각보다 금방 모읍니다”…. 지금부터 투자할 종목은? [코리아 인사이트],2023-10-02 14:40:57
인도 증시,전세계 증시 먹구름에도 인도 펀드 '나홀로 맑음',2023-10-05 17:38:20
인도 증시,중동 무력충돌이 미국 금리인상 막나...힘받는 연준 ‘11월 금리 동결론’,2023-10-10 10:17:36
인도 증시,중동發 에너지값 급등 … 금리 동결론에 美증시는 차분,2023-10-10 17:32:10
인도 증시,"외국인, 中 제외 아시아서 발 뺐다…최근 한달 간 22조원 순매도",2023-10-11 17:28:47
인도 증시,머스크 광고 늘리나...이번 주 테슬라·넷플릭스 실적 발표 관전 포인트는 ?,2023-10-16 15:41:04
인도 증시,"딥서치, 웨이커와 다이렉트 인덱싱 등 글로벌 지수 공동 사업 계약 체결",2023-10-17 09:00:50
인도 증시,‘롤러코스터 주가’ 루시드...이번엔 왜 떨어진거야?,2023-10-18 10:01:37
인도 증시,미래에셋생명 | 변액보험 꾸준한 성과 주목 [Market clips],2023-10-20 15:18:51
인도 증시,[미래에셋생명] 변액보험 꾸준한 성과 주목,2023-10-25 16:20:54
인도 증시,연말·내년 국내외 주식비중 늘리겠다는 슈퍼리치들 증시 지지부진하지만 “연말엔 오를 것” 우세,2023-10-26 14:39:05
인도 증시,“역대급 엔저? 오히려 좋아”…올해 수익률 20% 곧 넘긴다는데,2023-10-29 14:26:36
인도 증시,엔저 호황이 밀어올린 日펀드 잘나가네,2023-10-29 17:27:59
인도 증시,최근 한달 … 한국만 유독 낙폭 컸다,2023-10-30 17:38:11
인도 증시,"“한국개미로 태어난 죄, 인도개미 부럽다”…증시낙폭 비교해보니",2023-10-30 21:57:06
인도 증시,"신흥국 증시 희비…베트남 ‘휘청’, 인도 ‘선방’",2023-11-01 16:20:08
인도 증시,희비 엇갈린 신흥국 증시 … 베트남 '휘청' 인도 '선방',2023-11-01 17:20:23
인도 증시,"‘급등락 대명사’ 니콜라, 부진한 실적에도 주가 10% 뛴 이유는?",2023-11-03 10:52:05
인도 증시,"군인공제회, 해외주식 위탁운용사 4곳 선정",2023-11-03 15:45:12
인도 증시,“중국에 참을 만큼 참았다”…대탈출 나선 중학개미들 무슨 일,2023-11-06 15:48:36
인도 증시,"개인·기관 ""더는 못참아"" 차이나 엑소더스 가속화",2023-11-06 17:38:57
인도 증시,"시작은 짝퉁, 끝은 창대하리라?…애플 긴장하게 만든 중국폰의 정체 [박민기의 월드버스]",2023-11-08 16:00:00
인도 증시,연준 맞서는 글로벌IB “내년 금리 인하…中 주식 말고 美주식 사라”,2023-11-14 14:53:14
인도 증시,끝난 줄 알았던 테슬라 6%대 급등 왜?,2023-11-15 16:49:13
인도 증시,"도이치뱅크, 보잉 목표가·매수의견 상향…“항공기 납품량 증가 호재”",2023-11-21 10:07:17
인도 증시,美1년 기대인플레 상승...유가 OPEC+회의 연기에 하락 [월가월부],2023-11-23 07:00:00
인도 증시,CJ대한통운 인도법인 ‘CJ다슬’ 인도 증시 상장 추진,2023-11-23 14:49:10
인도 증시,美·中 패권전쟁 수혜 …'넥스트 차이나'에 투자기회 있다,2023-11-23 16:15:16
인도 증시,CJ대한통운 인도법인 현지 증시에 상장 추진,2023-11-23 17:17:26
인도 증시,‘차이나리스크’ 속 세금 폭탄 4분기 연속 매출 감소…애플 주가 어디로,2023-11-27 14:22:34
인도 증시,'5弗 셔츠'로 美점령 中기업 … 뉴욕증시 노크,2023-11-28 17:19:34
인도 증시,"청바지 10000원, 티셔츠 6000원…전세계 정복한 ‘이 기업’ 어디",2023-11-28 20:20:15
인도 증시,피델리티 “경기침체 발생 확률 60%…내년 이것에 투자해야 대박”,2023-11-30 14:30:34
인도 증시,"리오프닝 1년차 지지부진한 중국 증시, 부동산·미중관계 변화로 하락세 진정되나",2023-11-30 14:54:45
인도 증시,인플레 하락 신호에 다우지수 연중 최고치 [월가월부],2023-12-01 07:29:27
인도 증시,"‘챗GPT 잡아라’ 메타·IBM, AI연맹 결성…뉴욕증시 반응은 ‘글쎄’ [자이앤트 스톡커]",2023-12-06 15:12:04
인도 증시,원유 ETF·ETN에 투자한 개미들 눈물,2023-12-07 17:19:33
인도 증시,경기 바닥 찍었나… 주춤하던 유럽증시 ‘꿈틀’,2023-12-10 15:00:33
인도 증시,유럽 경기 바닥찍었나 … 관련주 꿈틀,2023-12-10 17:44:10
인도 증시,중국 대안 투자처는,2023-12-15 11:19:53
인도 증시,글로벌 패션뷰티 강자 급부상한 쿠팡...K패션 해외진출 ‘날개’ 역할 기대,2023.12.19 15:54
인도 증시,190개국에 명품 판로 확보한 쿠팡 … K패션도 날개 달았다,2023.12.19 17:20
인도 증시,한일 경제협력 복원 … 이스라엘·하마스 '피의 전쟁' [매경 선정 국내외 10대 뉴스],2023.12.19 17:38
인도 증시,쿠팡 명품 의류 플랫폼 ‘파페치’ 인수...주가는 하락,2023.12.19 18:33
인도 증시,중국 경제가 위태로운 5가지 이유···성장 엔진 식어가고 자본은 ‘엑소더스’,2023.12.20 21:00
인도 증시,인도 5대 대표그룹에 투자할 수 있는 펀드 나왔다,2023.12.21 13:42
인도 증시,‘카레개미’ 나오나…고속성장 이 나라 직접투자 가능하다는데,2023.12.26 15:29
인도 증시,고성장 인도 '직투' 가능한 유망株 있었네,2023.12.26 17:27
인도 증시,"미래에셋, ‘TIGER 인도니프티50 ETF’ 순자산 2000억원 돌파",2023.12.28 10:44
인도 증시,TIGER 인도니프티50 순자산 2천억 돌파,2023.12.28 17:37
인도 증시,새해에도 테슬라 주식 사야 하나…인도 공장 최종 협상 앞두고 캐시 우드는 ‘매수’,2023.12.29 14:34
인도 증시,비관론 나오는 테슬라 산 돈나무 언니,2023.12.29 17:44
인도 증시,올해 134% 뛴 ‘이 종목’… “오히려 지금이 기회” 더 오른다는데,2023.12.29 20:14
인도 증시,중국 ‘손절’한 美투자자 다 여기 모였네…작년에만 35% 뛴 이 상품,2024.01.01 14:20
인도 증시,"""美 인접국 효과 셌네"" 멕시코 ETF 35% 껑충",2024.01.01 17:08
인도 증시,"JP모건, 테슬라 비중 축소 유지...“목표주가 135달러”",2024.01.04 11:08
인도 증시,'넥스트 차이나' 인도증시 … 유망 '직투' 종목은,2024.01.04 16:02
인도 증시,"미래에셋, 인도법인ETF 순자산 1조 돌파",2024.01.04 17:50
인도 증시,[단독] 중국 탈출한 뭉칫돈 다 ‘이 나라’로…한국서도 직접투자 곧 된다는데,2024.01.04 19:45
인도 증시,엇갈린 코스피·코스닥 흐름…美 고용지표 발표 앞두고 관망세 커져 [이종화의 장보GO],2024.01.05 17:49
인도 증시,"‘인도에 진심’ 미래운용, 인도법인ETF 순자산 1조 돌파",2024-01-07 09:00:00
인도 증시,포스트 차이나 열풍 신흥국 4총사 '날개',2024-01-07 17:16:56
인도 증시,인도는 알겠는데 ‘신흥국 네마리 용’ 또 어디?…발빠른 투자자 몰린다,2024-01-08 00:13:40
인도 증시,"""세계경제 올해 침체 초입…인도는 그래도 달린다""",2024-01-08 17:35:17
인도 증시,"‘737맥스 너는 뭐가 문제니’ 세계 최대 항공기 제조사 보잉, 주가 또 휘청",2024-01-09 16:37:05
인도 증시,"산업 현장 출신·전공자 맹활약, 하위권의 반란…‘퀀텀 점프’ 쏟아져 [2023년 베스트 애널리스트]",2024-01-10 21:00:00
인도 증시,“손정의 회장이 ‘백지 수표’ 주던데요”…‘전설’의 한국인 사업가 근황 [신기자 톡톡],2024-01-11 08:00:00
인도 증시,세계 1위 전기차 회사를 일군 작은 거인 왕촨푸 BYD 회장[지식人 지식in],2024-01-15 08:00:00
인도 증시,"‘월가 황제’ 다이먼, 中 투자 경계론…“걱정해야 할 것”",2024-01-18 15:42:06
인도 증시,"월가 황제 다이먼의 경고 ""中투자자 걱정해야 할 것""",2024-01-18 17:41:57
인도 증시,"“궁금하다, 금값 언제까지 오를까”…스위스 은행 파격 전망 “올해 2250달러 간다”",2024-01-23 11:30:20
인도 증시,"인도, 홍콩 제치고 세계 4위…중국은 370조 증시 부양책 ‘만지작’",2024-01-23 14:44:37
인도 증시,“삼전 왜 사? 도쿄일렉트론 가야지”…조선통신사 개미 웃음보 터졌다,2024-01-23 16:07:19
인도 증시,"역대급 랠리…개미들 ""日반도체ETF, 너는 나의 봄""",2024-01-23 17:34:34
인도 증시,2차전지·반도체 실적부진에 … 힘 못쓰는 韓증시,2024-01-23 17:47:27
인도 증시,M7이 이끄는 美증시·엔저 덕보는 日증시 … 연일 최고치 활활,2024-01-23 17:47:33
인도 증시,中서 뺀돈 日·인도行… 갈수록 '코스피 패싱',2024-01-23 17:49:25
인도 증시,중국과 ‘세트메뉴 취급’ 코스피…인도·일본에만 글로벌자금 몰린다,2024-01-23 19:53:25
인도 증시,‘위대한 7인’ 이끄는 美증시…묶여있는 8000조 풀리면 美친 증시 된다,2024-01-23 21:18:20
인도 증시,“어디까지 오르나?”...美 다우지수·S&P 500 연일 최고치 경신,2024-01-24 07:00:00
인도 증시,"매경이 전하는 세상의 지식(매-세-지, 1월 24일)",2024-01-24 07:01:00
인도 증시,"고성장 인도 시장 투자해볼까, 역사적 고가…中 대체 시장으로 주목",2024-01-25 15:19:23
인도 증시,"사모펀드도 中 투자비중 축소, 또 축소···",2024-01-29 10:34:50
인도 증시,“50% 웃돈 줘도 여전히 싸”…저평가 기업 ‘줍줍’해 3배 차익 노린다,2024-02-04 19:53:43
인도 증시,"KIC, 2023년 수익률 11.6% 달성",2024-02-05 16:33:01
인도 증시,"MZ세대 열광하는 패션 브랜드, IPO로 글로벌 시장 조준",2024-02-05 16:51:36
인도 증시,"“머스크 ‘값질’ 짜증나, 더이상 안산다”…테슬라 주가 하락 일으킨 기업",2024-02-06 09:54:56
인도 증시,중국인들 “중국은 쓰레기다!”…미국 대사관 달려가 ‘하소연’ 무슨 일,2024-02-06 10:40:18
인도 증시,“중국 덕분에 초대박”…단 하루만에 몸값 ‘37조원’이나 뛰었다고? [홍키자의 빅테크],2024-02-06 12:00:00
인도 증시,"테슬라, 독일 리스크에 머스크 마약설까지…먹구름 ‘잔뜩’ [오늘, 이 종목]",2024-02-06 17:37:15
인도 증시,“출근길 증권앱 열었는데 휴~”…금리인하 기대꺾여도 미국증시 쑥 [월가월부],2024-02-07 07:20:23
인도 증시,"[재테크 ①] 투자 방향 | 5대 은행 대표 PB가 분석한 투자 트렌드, 금리 인하 시기 중요…채권·금 투자할 만",2024-02-07 10:02:50
인도 증시,[필동정담] GDP 대만 2배인데 시총 왜?,2024-02-07 17:09:29
인도 증시,한국 GDP 대만의 2배인데 시총은 비슷…K주식 저평가 분명한 이유 있다 [필동정담],2024-02-08 14:33:39
인도 증시,연초부터 심상치 않다…‘청룡의 해’ 하이브리드 투자 [스페셜리포트],2024-02-10 21:00:00
인도 증시,"“인도에 주목하라”...삼성운용, ‘KODEX 인도Nifty50’ 순자산 2000억 돌파",2024-02-13 14:50:10
인도 증시,"미래에셋, ‘TIGER 인도니프티50레버리지 ETF’ 순자산 500억원 돌파",2024-02-13 15:23:18
인도 증시,밸류업 올라탄 투자자…이달 단타 늘었다,2024-02-13 17:26:08
인도 증시,키움운용 ‘인도 니프티50 ETF’ 순자산 2000억원 돌파,2024-02-14 10:27:16
인도 증시,"‘국가 테마주’ 인도만 있나, ‘핫’한 일본·멕시코 ETF 사볼까",2024-02-14 16:36:46
인도 증시,"시총 4조달러 넘은 인도증시, ETF에도 '뭉칫돈'",2024-02-14 17:11:25
인도 증시,'AI 열풍'에 자사주 소각까지 … 한미반도체에 관심 쏠렸다 [빅데이터로 본 재테크],2024-02-15 16:13:00
인도 증시,TSMC 효과에 대만 가권지수 사상최고치,2024-02-15 16:39:17
인도 증시,"패션기업, 잡는 자가 이긴다 | 글로벌 스타트업 관심 1순위는 패션!",2024-02-19 16:02:34
인도 증시,최고치 향하는 日증시…“PBR개혁 비결은 도쿄거래소의 영향력”,2024-02-19 19:59:32
인도 증시,美 빅테크 7개 기업 시총 합치니 ‘아찔’…국가로 치면 “일본도 우습네”,2024-02-20 08:29:37
인도 증시,"현대차, 인도법인 연내 현지 상장 추진…씨티•JP•HSBC 주관사 선정",2024-02-20 17:33:26
인도 증시,“물타기 해두면 나중에 떡상”…서학개미 ‘최애’는 여전히 테슬라,2024-02-20 22:00:46
인도 증시,"“일학개미 되는건 늦었다? 그럼 여긴 어때”…세계 시총4위 일본, 6위는",2024-02-21 16:05:26
인도 증시,연초부터 심상치 않다…‘청룡의 해’ 하이브리드 투자 [스페셜리포트],2024-02-21 17:06:22
인도 증시,증시 30여년만에 정상 올랐는데...‘정상국가’로 돌아갈 타이밍 잰다니 무슨 일 [매일 돈이 보이는 습관 M+],2024-02-22 06:00:00
인도 증시,새정부 출범 임박에 … 인도네시아 증시 들썩,2024-02-22 17:32:58
인도 증시,세계 4위 전락한 일본·25년만에 뒤진 한국…양국의 공통점은? [한중일 톺아보기],2024-02-23 16:00:00
인도 증시,"“중국 나가, 인도 어서와”...세계 증시 자금 ‘머니 무브’",2024-02-25 15:31:46
인도 증시,당근도 채찍도 없는 '밸류업'대책 … 이래서 증시저평가 해소되겠나 [사설],2024-02-26 17:11:52
인도 증시,"[MK히든챔피언] ""이스라엘·동남아서 '흙 속 진주' 찾을 것""",2024-02-27 17:15:02
인도 증시,"주요국 2월 증시 들여다보니…중·일 8%, 한·미 5% 올라",2024-02-28 16:40:50
인도 증시,'과속 스캔들' 2월 증시…中·日 상승률 8%,2024-02-28 17:19:14
인도 증시,"3개월 수익률 35%…인도 ETF, 지금이라도?",2024-02-28 21:00:00
인도 증시,홍준기 삼일회계법인 부대표 “해외 IPO 눈돌리는 기업 늘었다”,2024-02-29 14:43:31
인도 증시,"증시 저평가에 …""해외 IPO 추진 늘었다""",2024-02-29 17:31:45
인도 증시,"[IB명가에 듣는다] ""韓기업 해외상장때 국내 투자자 참여 추진""",2024-03-03 17:13:14
인도 증시,2월 외국인 자금 유입 역대 최고··· “자금 유입 계속될 것”,2024-03-04 16:15:35
인도 증시,[매경포럼] 지지율 세계 1위 지도자의 성공비결,2024-03-04 17:28:40
인도 증시,금값 역대 최고에 비트코인은 기록 갱신 ‘눈앞’…美 반도체주도 랠리 [월가월부],2024-03-05 07:00:00
인도 증시,금값 사상 최고치 비트코인 1억 눈앞,2024-03-05 17:59:56
인도 증시,중학개미 늘었지만 … 웃는 건 일학개미네,2024-03-05 18:00:23
인도 증시,비트코인 ‘꿈의 1억’ 턱밑까지…‘김치 프리미엄’도 5%대 급증,2024-03-05 18:57:29
인도 증시,중국펀드 넣은 김과장 ‘울상’…일본펀드 넣은 박대리 “제가 밥 살게요”,2024-03-05 22:21:45
인도 증시,경제성장 7% 인도에 투자해볼까 [MONEY톡],2024-03-09 21:00:00
인도 증시,'천장 뚫린' 금·비트코인 … 연일 사상최고치 [꼭 알아야 할 최신뉴스],2024-03-14 16:07:28
인도 증시,"""인도 전기차 시장 열린다 … 테슬라 승리""",2024-03-17 17:44:58
인도 증시,“여기 오면 세금 6분의1로 깎아줍니다”…전기차 전쟁터 된 ‘이 나라’,2024-03-17 20:05:19
인도 증시,"“80% 떨어진 엔씨소프트, 반등 어려워”…증권가 픽은 ‘이 종목’ [오늘, 이 종목]",2024-03-27 14:21:14
인도 증시,“위험해도 안전해도 다 오른다”…이런 재테크는 처음이라는데 ‘무슨 일’ [뉴스 쉽게보기],2024-03-29 06:00:00
인도 증시,"삼성운용, ‘KODEX 인도니프티50’ 순자산 3000억 돌파",2024-03-29 14:54:25
인도 증시,밸류업·8만전자에도…코스피 성적표 '최하위',2024-03-29 17:59:25
인도 증시,[단독] 코스피 성적표 주요국 ‘꼴찌’...8만전자에도 개미들 11조 팔아치워,2024-03-29 18:28:39
인도 증시,“햄버거개미·카레개미 다 비켜”…돈 몰리는 ‘이 나라’ 펀드 수익률 1위,2024-03-31 11:19:24
인도 증시,“인도 러시 여전하네”...1년간 3000억 자금 끌어모은 ETF는 ‘이것’,2024-03-31 13:00:00
인도 증시,베트남 펀드 수익률 '깜짝'… 美·印도 추월,2024-03-31 17:35:41
인도 증시,“상속·배당 세제 개편하면 코스피 4천 가능”,2024-04-01 11:21:48
인도 증시,"[AI 반도체 ②] 엔비디아는 2000년의 시스코인가? 추가 상승 vs 버블 붕괴, 팽팽한 대립",2024-04-02 14:59:46
인도 증시,AI가 재편한 美증시 …'위대한7' 가고 '놀라운4' 왔다,2024-04-02 17:50:09
인도 증시,에브리싱 랠리…이런 적은 없었다,2024-04-02 21:00:00
인도 증시,포브스 세계 억만장자 역대 최다…1위는 여전히 이 남자,2024-04-03 16:21:58
인도 증시,인도펀드 급성장 … 순자산 2조 넘었다,2024-04-03 17:35:54
인도 증시,‘정뚝떨’ 테슬라…다시 ‘정들 일’ 없나 [스페셜리포트],2024-04-03 21:00:00
인도 증시,미래·삼성 양보 없는 ‘ETF 1위 싸움’ [맞수맞짱],2024-04-04 21:00:00
인도 증시,순자산 벌써 2조 돌파…인도 펀드 질주 ‘이유 있네’,2024-04-06 13:00:00
인도 증시,美주식·코스닥…개미 바구니에 담긴 ETF,2024-04-08 17:48:48
인도 증시,"“떨어지는 코스닥, 개미가 집중매수”...일주일간 뭘 많이 샀나 보니",2024-04-08 21:08:59
인도 증시,"해외로 진출하고, 혁신상품 내놓고 … 국내외 악재에도 성과 올렸다",2024-04-10 16:14:00
인도 증시,"미래에셋인도중소형포커스증권자투자신탁, '기회의 땅' 인도 중소형株에 집중 투자",2024-04-10 16:19:11
인도 증시,‘정뚝떨’ 테슬라…다시 ‘정들 일’ 없나 [스페셜리포트],2024-04-10 16:30:46
인도 증시,"“당장 여기로 옮겨야돼”…미국보다 대세, 수익률 장난아니라는데",2024-04-11 16:07:02
인도 증시,"日주식형 펀드 대약진…""미국보다 좋네""",2024-04-11 17:47:08
인도 증시,에브리싱 랠리 이어질까 [MONEY톡],2024-04-11 21:00:00
인도 증시,자산시장 요동…금값 2500弗·유가 130弗까지 뛸수도,2024-04-14 17:40:26
인도 증시,원자재 상승에 인플레 공포 고개드나...금리인하 더 늦춰질듯,2024-04-15 00:29:53
인도 증시,"확전막은 美, 잠잠한 시장 이스라엘 반격에 달렸다",2024-04-15 18:00:19
인도 증시,"테슬라, 실적 부진 극복 카드로…전 세계 ‘대량 해고’",2024-04-16 15:56:50
인도 증시,"대기업들 ‘중국 털어내기’ …머스크의 인도 방문, 올해 40% 급락한 테슬라 돌파구 될까 ?",2024-04-17 15:09:29
인도 증시,파월 입에 또 후퇴한 美 금리인하 기대감…코스피 두달 만에 2580대 마감 [이종화의 장보GO],2024-04-17 18:28:18
인도 증시,이젠 금리인하 시점 내년 3월설까지…고금리 민감 기술주 대거 하락 [월가월부],2024-04-18 07:00:00
인도 증시,"금, 지금이라도 사야될까 … 자산배분펀드로 투자해볼만 [지갑을 불려드립니다]",2024-04-18 16:02:45
인도 증시,기업 연금담당자들 “DC·IRP 연 목표수익 6~8%”,2024-04-19 14:52:21
인도 증시,150달러 무너진 테슬라…韓 2차전지株 '비명',2024-04-19 17:20:30
인도 증시,“150층마저 무너졌다”...지하실 뚫고 내려가자 한국주식도 비명,2024-04-19 20:52:13
인도 증시,"테슬라 시총, 엑슨모빌에 역전당했다 …머스크, 실적 발표 앞두고 비상 대응",2024-04-21 14:11:57
인도 증시,변동성 커진 美증시…M7 실적발표 분수령 되나,2024-04-21 17:54:00
인도 증시,"""하락은 줍줍 기회""… 펀드로 몰린 개미들",2024-04-22 17:56:52
인도 증시,"“하락은 줍줍 기회”...석달간 돈 빼던 개미들, 1600억 뭉칫돈 입금",2024-04-22 21:37:19
인도 증시,"“저번엔 울리더니 이번엔”…실적 폭망에도 방긋 웃는 테슬람, 왜?",2024-04-24 21:00:04
인도 증시,테슬라 얼마나 올랐길래 “오늘만 같아라”…美 국채경매 부진에 뉴욕증시는 혼조 [월가월부],2024-04-25 07:00:00
인도 증시,"이란 vs 이스라엘 갈등·인플레 쇼크 이중고, 엔비디아 시총 하룻밤에 약 300조원 증발",2024-04-25 15:23:40
인도 증시,"코스피, 달러 강세 및 미국채 10년물 금리 반등에 약세…LG생건 어닝 서프라이즈 [이종화의 장보GO]",2024-04-25 17:38:35
인도 증시,김치·햄버거·스시·쌀국수 다 넘어졌는데…‘카레’만 나홀로 질주,2024-04-28 16:46:20
인도 증시,내수로 버텼다…인도 펀드 나홀로 '질주',2024-04-28 17:29:41
인도 증시,테슬라 15% 급등에 전기차 ‘환호’…중국서 혁신기술 내놓는다는데 [월가월부],2024-04-30 07:00:00
인도 증시,블록버스터 영화 사라진 디즈니···매출 부진에 주가 10% 급락,2024-05-08 10:50:30
인도 증시,“가격 경쟁에 살아남기 힘드네”…중국기업에 밀려 힘 못쓰는 테슬라,2024-05-08 11:30:56
인도 증시,"“서학개미 어떡해” 월가 큰 손, 엔비디아 팔고 이 주식 샀다",2024-05-08 15:08:09
인도 증시,"변동장서 선전 … 인도펀드는 길게, 중국은 짧게 담아볼만",2024-05-08 16:01:20
인도 증시,"""거품낀 AI株 팔았다"" 월가의 전설 아르헨 줍줍",2024-05-08 17:49:03
인도 증시,"""수요 탄탄한 美클라우드·인도 헬스케어 … 지금이 투자 적기""",2024-05-08 17:56:13
인도 증시,"“서학개미 어쩌나”…월가 전설, 엔비디아 팔고 ‘이 주식’ 샀다",2024-05-08 23:46:07
인도 증시,"""위험자산 늘려라 … 올해 투자 황금비율 주식 60% 채권 33%""",2024-05-09 17:55:24
인도 증시,“과장님이 찍어줬는데” 김 대리 눈물…지난달엔 혼자 잘나가더니 그새 뚝,2024-05-10 15:00:20
인도 증시,모디노믹스 주춤할라…인도펀드 '미끌',2024-05-10 17:58:33
인도 증시,‘페널티’ 없는 ‘세련된 방식’? 김빠진 증시 밸류업…무엇이 문제인가,2024-05-13 21:00:00
인도 증시,4월CPI 둔화에 뉴욕증시 역대 최고 [월가월부],2024-05-16 07:00:00
인도 증시,"K불닭의 힘…삼양식품 시총, 농심 첫 추월",2024-05-17 17:52:15
인도 증시,“34만원짜리가 ‘쩜상’갔다”…이 종목 실적도 화끈하네,2024-05-18 05:55:41
인도 증시,“고마워요 중국” 사상 최고가에 도전하는 금값,2024-05-18 10:05:15
인도 증시,“고급 와규 너무 싸다” 외국인 관광객 신났는데...일본인 “돈없어 맥도날드 간다”,2024-05-19 11:52:00
인도 증시,금감원장 “가업승계 기업 세제혜택·좀비기업 퇴출로 한국증시 레벨업”,2024-05-19 12:00:00
인도 증시,금리인하 기대에 '에브리웨어 랠리'… 주요 14개국 증시 최고가,2024-05-19 17:27:16
인도 증시,28일부터 미국증시 결제주기 하루 줄어든다,2024-05-21 14:07:46
인도 증시,韓 배당 성향 26%…대만 절반 수준,2024-05-21 21:00:00
인도 증시,S&P500·나스닥 고점 경신...테슬라 6.6%↑ [월가월부],2024-05-22 07:00:00
인도 증시,"테슬라, 전기 트레일러 ‘세미’ 생산 확대…6% ‘껑충’ [오늘, 이 종목]",2024-05-22 14:59:36
인도 증시,해외펀드 4조 vs 국내펀드 842억…“돈 싸들고 월가 랠리 올라탔다”,2024-05-27 16:27:48
인도 증시,국내펀드 800억 늘 때…해외펀드 4조 몰렸다,2024-05-27 18:00:18
인도 증시,"“젊은 신흥강국 인도 투자 및 진출 전략은?” 삼일PwC, 세미나",2024-05-29 14:35:35
인도 증시,중국 다음으로 뜬다더니…외국인 투자자 ‘이 곳’에서 돈 빼냈다,2024-05-31 10:51:28
인도 증시,외국인 印증시서 썰물,2024-06-02 17:05:08
인도 증시,“좋은기업 많지만 너무 비싸다”…외국인 썰물처럼 빠져나간 ‘이 나라’,2024-06-02 20:44:20
인도 증시,"브라질에 위로받는 한국증시…5월 수익률, 꼴찌에서 두번째",2024-06-03 15:01:02
인도 증시,5월 죽쑨 국내주식형 펀드 주요국 중 최하위권 성적,2024-06-03 17:51:18
인도 증시,"잘나가던 인도 증시, 총선 변수에 8% 뚝",2024-06-04 17:39:01
인도 증시,출구조사 예측 빗나간 印 총선 개표 모디 이끄는 집권당 단독과반 실패,2024-06-04 23:08:05
인도 증시,모디 힘겨운 3연임에도 인도 증시 미래 '맑음',2024-06-06 17:17:20
인도 증시,"“예상밖 총선 결과에도 끄떡없다고?”…한때 출렁 니프티50지수, 전망은",2024-06-07 07:16:33
인도 증시,"달리는 현대차그룹, 시총 3위 등극하나",2024-06-11 17:53:00
인도 증시,‘갓현대’ 무서운 질주…3위 LG 턱밑 추격,2024-06-11 21:13:25
인도 증시,"미국주식, 지금이라도 살까?…""중장기 투자처로 매력"" [지갑을 불려드립니다]",2024-06-13 16:02:55
인도 증시,올해 상장된 ETF 78%가 해외주식형,2024-06-13 17:44:04
인도 증시,"현대차 때문에 인도 증시 난리났다…4조원 넘게 지분매각, 사상최대 IPO 추진",2024.06.16 11:48
인도 증시,“세계 3대 시장 꽉 잡는다” 질주하는 ‘갓현대’…현지 최대 IPO 눈앞,2024.06.16 15:01
인도 증시,현대차 인도서 4조원 IPO 자금조달·현지화 '두토끼',2024.06.16 17:53
인도 증시,"“현대차, 인도 증시 IPO 성공하면 시총 10.6조 상승” [오늘, 이 종목]",2024.06.17 15:18
인도 증시,“인도서 대형호재 터졌다”...사상 최고가 질주한 ‘이 종목’,2024.06.17 16:46
인도 증시,"뒤섞인 中 경제지표에 증시 혼조세…현대차, 인도법인 IPO에 신고가 [이종화의 장보GO]",2024.06.17 17:30
인도 증시,印법인 상장 본궤도 현대차 사상 최고가,2024.06.17 17:56
인도 증시,'인도판 배민' 투자 3배 대박낸 박현주,2024.06.17 18:01
인도 증시,[단독] “이 남자 부럽네”...‘인도판 배민’ 440억 베팅해 3배 대박,2024.06.17 18:29
인도 증시,"현대차, 인도 증시 흔들더니…기대감 타고 ‘52주 신고가’",2024.06.18 10:26
인도 증시,“일주일만에 1100억 뭉칫돈 몰렸다”…신흥국 경제 주름잡는 ‘이곳’ 어디길래,2024.06.18 14:55
인도 증시,질주하는 코끼리...인도 시총 5조弗 돌파 ‘세계 5위’,2024.06.18 16:14
인도 증시,23만원 뚫은 SK하이닉스에 코스피 동반 상승…현대차 사상 최고가 경신 [이종화의 장보GO],2024.06.18 17:30
인도 증시,"""코끼리 올라타자"" 인도펀드 1100억 뭉칫돈",2024.06.18 17:47
인도 증시,재용이형 ‘엄지 척’한 이 회사…오후에도 초고수 1픽 [주식 초고수는 지금],2024.06.19 14:50
인도 증시,로베코 “금리 하락기엔 아시아 주목해야···과거 닷컴 버블 때도 성과 뛰어나”,2024.06.19 14:53
인도 증시,“두달새 14% 올랐다”...홍해 사태 길어져 상승세 이어간다는 ‘이 종목’,2024.06.19 15:38
인도 증시,뉴스에 팔아라? 루마니아 K9 수출 알려지자 방산주 일제히 하락,2024.06.20 15:09
인도 증시,커지는 HBM 시장 … 반도체 실적 눈높이 '쑥쑥' [MBN GOLD 증시기상도],2024.06.20 16:04
인도 증시,"日·中펀드서 짐싼 개미들, 인도로",2024.06.24 17:55
인도 증시,국민연금 굿잡. 그런데 [김선걸 칼럼],2024-06-24 21:00:00
인도 증시,"“중국·일본 이제 못 믿겠다”…개미들, 2400억 싸들고 ‘이 나라’ 갔다",2024-06-24 22:59:51
인도 증시,엔비디아 주가 들쭉날쭉 … 기술주 고점 논란 점화 [MBN GOLD 증시기상도],2024-06-27 16:04:33
인도 증시,끝 안 보이는 '킹달러' 현대차그룹주 주목을 [MB GOLD 시황저격],2024-06-27 16:04:37
인도 증시,"매력 잃은 韓증시, 세혜택 실종땐 큰손 '주식 이민' 부채질",2024-06-28 17:58:00
인도 증시,‘국장 탈출은 지능순’이라는 말도 있는데…금투세 시행땐 ‘엑소더스’ 불가피,2024-06-28 23:36:49
인도 증시,개미들 “국장 탈출은 지능순” 외칠때…22조 쓸어담은 외국인,2024-06-30 17:17:44
인도 증시,정치적 불확실성 극복한 인도·극우 득세 우려되는 유럽···정치 이벤트에 해외펀드 수익률 갈렸다,2024-06-30 17:19:24
인도 증시,외국인 韓주식 23조 살때 … 개미는 해외로,2024-06-30 17:25:41
인도 증시,잘나가는 美·인도 펀드 … 브라질 '뒷걸음',2024-07-01 17:55:30
인도 증시,전기차 둔화에도…현대차 신고가 이유는?,2024-07-01 21:00:00
인도 증시,"“부럽다 미국·인도”...볼때마다 한숨 코스피, 그나마 브라질에 위안받네",2024-07-01 23:06:44
인도 증시,"테슬라 장중 6% 급등...5개월 만에 최고치 [오늘, 이 종목]",2024-07-02 17:04:34
인도 증시,“테슬라의 시간 돌아오나”…2분기 인도량 회복세에 주가 10% 급등,2024-07-03 06:13:53
인도 증시,"일론 머스크 “테슬라 공매도 파멸할 것, 그게 빌 게이츠라도 마찬가지” [월가월부]",2024-07-03 07:10:02
인도 증시,"“현대차, 5조 대박 난다”...‘이 나라’서 사상 최대규모 상장 준비",2024-07-03 10:48:42
인도 증시,파월 한마디에 다시 ‘테슬라의 시간’...10% 넘게 급등,2024-07-03 11:29:20
인도 증시,‘인도의 시간’이 왔다,2024-07-03 15:27:55
인도 증시,"[Part Ⅲ] 인도 증시 올라타기 | 시가총액 5조달러 돌파, 수익률도 1위 개인 직접 투자는 안돼 다양한 ETF 노려라",2024-07-03 16:46:04
인도 증시,다시 시동 건 테슬라…2차전지株 '반짝',2024-07-03 17:57:11
인도 증시,"현대차 인도법인, 印 증시 사상 최대 IPO '예약'",2024-07-03 17:57:23
인도 증시,"“놀라운 반전, 역시 형이야”…예상 뛰어넘은 실적에 주가 모터 달았다",2024-07-03 19:18:36
인도 증시,‘페이팔 마피아’는 트럼프 편(?)…울페리서치 “11월 선거에서 공화당 3관왕 점친다면 테슬라 사라”,2024-07-04 15:32:47
인도 증시,"""주주한테 곳간 푼다"" … 현대글로비스 '밸류업' 기대 만발 [빅데이터로 본 재테크]",2024-07-04 16:07:36
인도 증시,“역시 HBM” 반년새 6배 오른 테크윙...52주 신고가 또 경신,2024-07-04 16:14:17
인도 증시,"테크윙, HBM 덕에 올들어 주가 6배 껑충",2024-07-04 17:41:16
인도 증시,‘니프티50 달리는데’ 테슬라는 투자 급브레이크…인도 공장 건설 무기한 연기 [자이앤트 스톡커],2024-07-05 15:07:05
인도 증시,테슬라 주가 부활에 ETF 수익률도 1위,2024-07-05 17:46:26
인도 증시,“테슬람의 기도를 들어주셨군요”…주가 부활하자 ETF 수익률도 1위,2024-07-05 19:27:37
인도 증시,中 전기차 공습… 지리차 2년 내 韓 고급 전기차 진출,2024-07-07 21:41:28
인도 증시,“역시 갓현대야”...밸류업·IPO·실적 호재 달고 주가 40만원 도전,2024-07-08 07:56:44
인도 증시,‘12만전자’까지 가나…상위 1% 큰손 매수 바구니 최상단에 [주식 초고수는 지금],2024-07-08 10:33:17
인도 증시,‘선거의 해’ 맞아 혼란 빠진 세계증시···“초당적 지지·고립주의 섹터 주목하라”,2024-07-11 15:43:19
인도 증시,세계 각국 선거의 해 … 중립테마株 찾아라,2024-07-11 17:10:20
인도 증시,BCG “주식 활황에 글로벌 금융 자산 늘어나”,2024-07-12 10:31:21
인도 증시,"“밈 주식 경계”vs“더 오른다”…‘서학개미 원픽’ 테슬라, 엇갈린 주가 전망",2024-07-13 22:18:38
인도 증시,코스피 날자 국내주식형 펀드 '훨훨',2024-07-15 17:23:57
인도 증시,"‘미국M7 잊어라…이젠 아시아 슈퍼8’ UBS, 삼성전자 25% 더 오를 듯",2024-07-16 16:23:44
인도 증시,"애플 또 최고치 경신…목표가 상향 봇물 [오늘, 이 종목]",2024-07-16 17:01:25
인도 증시,"“슈퍼사이클 온다, 하반기 주도주는 나”…한달새 30% 급등한 ‘이 종목’",2024-07-17 21:28:04
인도 증시,"""하반기 美테크주식·우량채·금 섞어라""",2024-07-18 16:10:39
인도 증시,인도 코인거래소에서 2억 달러 훔친 북한[매일코인],2024-07-19 10:47:59
인도 증시,MS 먹통에 세계 공항 멈췄다,2024-07-19 20:39:53
인도 증시,한국전 ‘혈맹국’…양국 대사관 열어 뿌듯 [피플],2024-07-20 21:00:00
인도 증시,‘시계제로’ 빠진 미국펀드 ··· 1/4은 주간 수익률 마이너스,2024-07-23 14:37:54
인도 증시,트럼프發 격랑에…美 기술주 펀드 요동,2024-07-23 17:53:53
인도 증시,'3중전회' 약발에 中펀드 반등 기대 커진다,2024-07-24 17:21:20
인도 증시,"현대차, 역대 사상 최대 분기실적에도 장 초반 주가 7% 급락 [특징주]",2024-07-26 10:16:53
인도 증시,"""코끼리 잘나가네"" 인도펀드 1조 몰려",2024-07-29 17:58:04
인도 증시,"“코스피? 난 코끼리야”...국장보다 상승률 5배, 개미들 1조 뭉칫돈",2024-07-29 21:26:40
인도 증시,“트럼프 당선 확신하면 이것 사라”...횡보장서 ‘랠리 예측’ 나오는 이유,2024-07-30 16:30:31
인도 증시,"[Electric Car ②전기차 주식 향방] 월가 “디트로이트 3사, 빨리 중국 떠나라” 테슬라·현대차·기아 반사효과 기대",2024-07-30 17:31:22
인도 증시,"""바닥 아래 바닥 있다"" 속절없는 中펀드",2024-07-30 17:55:52
인도 증시,"""트럼프 재선 땐 불확실성 커져…안전자산 금 사라""",2024-07-30 18:01:40
인도 증시,연내 인도증시 입성 … 4조 수혈로 제2 도약,2024-07-30 18:07:42
인도 증시,“잠깐 좋다 말았네”...반짝 뛴만큼 더 추락한 ‘이 나라’ 증시,2024-07-30 21:52:04
인도 증시,안전자산 선호에 금값 최고치 경신 국제유가는 급락,2024-08-02 18:08:41
인도 증시,“수출로 한국경제 떠받쳤는데 어떡하나”…미국경기 둔화에 타격 불가피,2024-08-05 06:48:52
인도 증시,"“K라면, 유럽인 입맛도 홀린다”…이 회사 장바구니에 ‘줍줍’ [주식 초고수는 지금]",2024-08-05 10:39:35
인도 증시,"""금리 인하 온다"" 리츠株 폭락장속 선방",2024-08-05 17:49:08
인도 증시,도시화로 신흥부자 1억명 늘어나는 인도 '달리는 코끼리'는 아직 배고프다,2024-08-07 16:50:19
인도 증시,"""복제약 매출 더 뛴다"" … 알테오젠, 코스닥 대장주 넘보나 [빅데이터로 본 재테크]",2024-08-08 16:29:59
인도 증시,"기업 연금담당자 3명중 1명 ""실적배당 상품 투자 늘려야""",2024-08-11 17:38:42
인도 증시,엔비디아 4% 급등...중동전쟁 불안에 유가 4%↑ [월가월부],2024-08-13 06:03:02
인도 증시,"NH아문디운용, 인도 대형주 펀드 수익률 100% 돌파",2024-08-13 09:59:14
인도 증시,증시 부진에도 ‘MSCI 한국지수’ 축소 막았다…LS일렉트릭 편입되고 SK아이이테크놀로지 빠져,2024-08-13 15:31:10
인도 증시,테슬라의 눈물…저가형 사이버트럭 흥행 실패에 판매 중단,2024-08-13 17:24:26
인도 증시,중동 지정학 우려에 국제유가 급등…‘정체중’ 코스피는 강보합 마감 [이종화의 장보GO],2024-08-13 17:56:02
인도 증시,"미래에셋, ‘TIGER 인도니프티50 ETF’ 순자산 6000억원 돌파",2024-08-16 09:09:42
인도 증시,“누가 당선되든 이득” 美 대선에 동남아 뜬다···투자상품 수익률도 고공행진,2024-08-19 15:46:00
인도 증시,美中 무역분쟁 반사이익 인니·베트남 투자매력 쑥,2024-08-19 18:05:10
인도 증시,금괴 한덩이 가격 100만달러 첫 돌파,2024-08-20 17:59:59
인도 증시,"“우리 아이 돌반지 아직 안 팔았지?”…전세계에서 찾는 이것, 가격이 무려",2024-08-20 20:57:47
인도 증시,이번엔 테슬라 전기트럭 화재...‘500도 화염’ 고속도로 16시간 폐쇄 ‘발칵’,2024-08-23 07:54:39
인도 증시,수주 풍년에 방산·철도·조선 ETF '각광',2024-08-25 17:21:29
인도 증시,‘철·조·방’이 가을증시 이끈다…수주 풍년에 수익률도 쑥쑥,2024-08-26 07:33:25
인도 증시,AI 거품론?…‘엔비디아’ 실적 발표전 반도체주 줄줄이 하락,2024-08-27 11:07:50
인도 증시,"“매출 100조 위해 기회의 땅 인도 노린다”…LG전자, 현지 IPO 가능성 첫 시사",2024-08-27 16:12:16
인도 증시,엔비디아 실적에 전세계 주목...다우는 또 사상최고 [월가월부],2024-08-28 07:00:00
인도 증시,[뉴욕증시]나스닥 0.16%상승 마감...엔비디아 실적 촉각,2024-08-28 09:21:25
인도 증시,"“묻고 더블로 가”…엔비디아 실적 맹신 서학개미, 레버리지 풀베팅",2024-08-28 19:40:56
인도 증시,"김과장, 아침부터 앱 열더니 “악!”…나스닥 곤두박질 대체 왜 [월가월부]",2024-09-04 06:00:00
인도 증시,[뉴욕증시] 경기 둔화 우려 재점화…3대 지수 일제히 급락,2024-09-04 08:40:34
인도 증시,1년만에 1조원 늘었다···쑥쑥 크는 인도 펀드,2024-09-04 15:09:21
인도 증시,“누가 이겨도 축포 쏜다”…美 대선 혼전양상에도 걱정없는 K방산,2024-09-04 15:59:23
인도 증시,'침체 그림자'에 떠는 美 … 18일 FOMC까지 널뛰기장 이어질듯,2024-09-04 18:01:24
인도 증시,인도펀드에 1년새 '1조 뭉칫돈',2024-09-04 18:07:56
인도 증시,서학개미 피곤해서 못해먹겠네…야밤에 덮친 침체 공포에 계좌잔고 우수수,2024-09-04 19:40:02
인도 증시,한국 경제 ‘새 엔진’ 방산…압도적 가성비·적기 납품에 고속 성장,2024-09-05 21:00:00
인도 증시,“경기침체 우려에도 오르는 주식 따로 있네”...버핏도 샀다는 ‘이 종목’,2024-09-06 10:36:51
인도 증시,韓증시 짐싼 개미 … 거래대금 100조 증발,2024-09-06 17:55:25
인도 증시,"“누가 국장해요” “G20서 꼴찌래요”…짐싼다는 개미들, 어디로 가길래",2024-09-06 20:46:52
인도 증시,"방산 기업 경쟁력 들여다보니…‘자주포’ 한화, ‘미사일’ LIG넥스원",2024-09-09 08:52:56
인도 증시,한투운용 “업종 잘 선택해야 인도 투자에서 10배 성과 가능”,2024-09-09 13:48:56
인도 증시,"""고성장 인도 올라타자"" 더 다양해진 ETF",2024-09-09 18:01:57
인도 증시,“어딜봐도 중국보다 매력적이네”…올해 신고가 44번 쓴 이 나라,2024-09-09 20:10:17
인도 증시,다우지수 1.2% 상승...저가매수에 뉴욕증시 반등 [월가월부],2024-09-10 07:00:00
인도 증시,[세계지식포럼] 블랙스톤 존 그레이 사장 “美경제 연착륙할 것···과감히 투자할 때”,2024-09-10 14:21:15
인도 증시,"미래에셋, ‘TIGER 인도니프티50 ETF’ 순자산 7000억원 넘었다",2024-09-12 10:10:39
인도 증시,"이복현 금감원장 “두산, 많이 바뀐 형태로 증권신고서 제출해야 할 것”",2024-09-12 15:28:42
인도 증시,"""더는 못 버텨"" 中펀드서 반년새 1조 탈출",2024-09-12 18:04:46
인도 증시,"“뭘 해도 이건 하지마”…학을 뗀 중학개미들, 수익률 얼마나 처참하길래",2024-09-12 20:43:20
인도 증시,"‘기회의 땅’ 아직 널렸다는데…21세기판 골드러시 하고 싶다면, 이 회사 입사하세요 [떴다 상사맨]",2024-09-16 13:00:00
인도 증시,S&P500 장중 신기록…FOMC 하루 앞두고 긴장감 팽팽[월가월부],2024-09-18 05:34:46
인도 증시,"발표직후 환호하던 시장 … 파월 회견뒤 ""빅컷 할만큼 안좋나""",2024-09-19 18:03:25
인도 증시,"수익률 앗 뜨거! ‘핫’하게 떠오른 인도 증시, 인도 소비재·대기업 테마 ETF 투자해볼까",2024-09-23 17:47:46
인도 증시,"野의원 ""금투세 토론은 역할극"" 발언에 … 한동훈 ""국민기만""",2024-09-23 18:03:55
인도 증시,민주당 의원 “금투세 토론은 역할극” 발언에 1400만 개미들 발칵…지도부 결국 사과 지시,2024-09-23 20:06:46
인도 증시,당신 지갑 속의 금투세 [김선걸 칼럼],2024-09-23 21:00:00
인도 증시,美증시 3대 지수 모두 상승…테슬라 5% 급등[월가월부],2024-09-24 06:04:42
인도 증시,‘큰형님’ 실적 호재에 해리스 지지율까지… 최근 급등하는 이 업종은,2024-09-24 16:34:10
인도 증시,美中 금리 인하 기대에 코스피 상승 마감…‘땡큐 테슬라’ 2차전지株 일제히 반등 [이종화의 장보GO],2024-09-24 17:30:00
인도 증시,테슬라 형님 치고 나가자 2차전지주 찌릿,2024-09-24 18:04:02
인도 증시,현대차 인도법인 당국서 IPO 승인받아,2024-09-25 14:51:24
인도 증시,"현대차 인도법인, 당국서 IPO 승인 받아",2024-09-25 17:55:05
인도 증시,[뉴욕증시] 경기 지표 발표 앞두고 관망세 뚜렷…3대 지수 혼조 마감,2024-09-26 09:20:48
인도 증시,美 빅컷 훈풍에 바이오주 질주 이어질듯 [MBN GOLD 증시기상도],2024-09-26 16:03:48
인도 증시,[뉴욕증시] 미국증시 또 주요지수 일제히 상승...경기 연착륙 자신감,2024-09-27 09:11:26
인도 증시,글로벌 소비 살아나나···소비재 ETF에 찾아온 훈풍,2024-09-27 15:46:16
인도 증시,ACE 인도 액티브 투자 ETF에 개인투자자 순매수세,2024-09-30 10:53:15
인도 증시,상의 “지배구조 규제보다 세제 혜택 등으로 밸류업해야”,2024-10-01 15:22:05
인도 증시,중동불안에 유가 5%↑…뉴욕증시 하락 [월가월부],2024-10-04 07:00:00
인도 증시,[뉴욕 증시]국제유가 급등…뉴욕증시 3대 지수 모두 하락,2024-10-04 09:31:13
인도 증시,9월 판매 부진에도 현대·기아 반등…뉴욕증시에선 전기차 관련주 우수수↓,2024-10-04 16:29:33
인도 증시,22일 인도법인 IPO … 정의선 글로벌전략 힘 받는다,2024-10-06 17:44:37
인도 증시,“인도 1위는 나야 나”…역대 최대 IPO 준비하는 현대차,2024-10-06 21:09:08
인도 증시,신흥국 자금 블랙홀 된 中…과열 주의보,2024-10-07 17:53:38
인도 증시,“한국증시 돈 빼서 다 어디로 갔나 봤더니”…신흥국 자금 블랙홀 된 이 나라,2024-10-07 22:02:38
인도 증시,"불안한 시장…브렌트유 80달러 돌파, 美국채 10년물 금리 4% 넘어",2024-10-08 10:56:37
인도 증시,"韓, 세계 3대채권지수 편입…증시 밸류업도 속도내야 [사설]",2024-10-09 16:50:19
인도 증시,현대차 인도법인 공모가 3만원대…14~17일 청약접수,2024-10-09 17:46:03
인도 증시,다우·S&P500 또 최고점...중동 불안 소강 상태[월가월부],2024-10-10 07:00:00
인도 증시,현대차 인도법인 상장땐 동반진출 부품기업 주목 [MBN GOLD 시황저격],2024-10-10 16:05:49
인도 증시,“돈나무 누나가 주가 10배 뛴댔는데”…테슬라 급브레이크에 서학개미 멀미,2024-10-13 14:56:38
인도 증시,'넥스트 차이나' 인도…액티브·패시브 ETF로 골라 투자,2024-10-13 16:01:38
인도 증시,반등하던 2차전지株 … 테슬라 리스크 엄습,2024-10-13 17:18:27
인도 증시,3분기 어닝 시즌…조선·기계·운송 보라,2024-10-14 21:00:00
인도 증시,[뉴욕증시] 신기록 어디까지?…주요 지수 최고치 경신하며 상승 마감,2024-10-15 09:50:55
인도 증시,눈물의 K증시…7대 고질병 [스페셜리포트],2024-10-15 21:00:00
인도 증시,반도체주 급락에 뉴욕증시 랠리 중단 [월가월부],2024-10-16 07:00:00
인도 증시,[뉴욕증시] ASML ‘실적 쇼크’로 급랭…반도체주 ‘털썩’,2024-10-16 09:03:40
인도 증시,"AI트레이더의 선택 …""엔비디아·테슬라 싹 팔래""",2024-10-17 17:51:38
인도 증시,“엔비디아·테슬라 아직도 들고 있어?”…당장 처분하라는 그의 정체는,2024-10-17 19:45:03
인도 증시,[뉴욕증시] 견고한 경제 vs 인플레이션 반등…방향 잃은 투심,2024-10-18 09:21:15
인도 증시,"현대차 인도, IPO 최종 청약 2.4배...흥행 성공",2024-10-18 15:39:10
인도 증시,"현대차 인도법인, 청약 흥행 … 33억달러 조달",2024-10-18 17:22:52
인도 증시,"현대차, 인도 맞춤형 SUV·전기차로 '씽씽'",2024-10-20 17:52:53
인도 증시,“인도 SUV·전기차 한국차로 물들인다”…현대차의 이유있는 자신감,2024-10-21 00:37:21
인도 증시,현대차 인도 상장 앞두고 부품사들 여전히 저평가…“수혜 여력 충분”,2024-10-21 16:44:01
인도 증시,"인도 함께간 현대차 부품주, 쌀때 사볼까",2024-10-21 17:53:51
인도 증시,주력 산업 동력 잃었는데…정치권은 금투세도 오락가락,2024-10-22 10:17:30
인도 증시,"현대차그룹 정의선 회장, 인도 모디 총리 면담…“신뢰의 파트너 될 것”",2024-10-22 10:42:48
인도 증시,"현대차, 인도 증권거래소 상장…4.5조 규모 IPO 성공",2024-10-22 14:52:15
인도 증시,“4조5천억 조달했지만” 현대차 인도증시 상장 첫날 주가 ‘주르륵’,2024-10-22 15:10:35
인도 증시,"현대차 인도증시 사상 최대 IPO, 현지화 새 이정표 세웠다 [사설]",2024-10-22 17:40:19
인도 증시,실탄 4.5조 확보 … 현지화·전동화로 세계 3위 車시장 잡는다,2024-10-22 17:41:59
인도 증시,현대차는 ‘인도에 진심’…정의선 회장 “글로벌 車시장 거점으로”,2024-10-22 17:44:18
인도 증시,"현대차, 인도증시 올라타다",2024-10-22 17:48:39
인도 증시,"탈중국화 시대, 현대차 미래곳간…장재훈 사장, 포텐셜 인도서 ‘포텐’ 터트리겠다",2024-10-22 18:48:18
인도 증시,"30년 일하고 눈도장 찍더니…현대차, 인도 증시서 상장 최고 기록 썼다",2024-10-22 21:16:28
인도 증시,“현대차 타봤어?” 인구 14억 시장이 들썩…증시서도 대히트 친 이 회장님,2024-10-23 05:39:36
인도 증시,"매경이 전하는 세상의 지식(매-세-지, 10월 23일)",2024-10-23 07:01:00
인도 증시,"“현대차, 업황 악화 속 ‘인도 상장’ 주가 구세주 우뚝”",2024-10-23 08:22:13
인도 증시,테슬라 3분기 실적 서프라이즈…시간 외 거래 12%↑,2024-10-24 16:06:32
인도 증시,고질병 고쳐야 K증시 반전...K증시 고전 면할까 [MONEY톡],2024-10-24 21:00:00
인도 증시,"현대자동차 | 현대차 인도법인, 상장 투명성·사회공헌 강화 ‘앞장’",2024-10-25 12:28:55
인도 증시,현대차 목표가 줄하향…“주주환원은 기대”,2024-10-25 16:35:26
인도 증시,미래에셋 IRP 高手들 9개월새 수익률 27%,2024-10-27 17:42:35
인도 증시,미래에셋 IRP 상위 1% 수익률 보니…빅테크 ETF·인도펀드 담았네,2024-10-27 22:01:33
인도 증시,"삼성자산운용, ‘KODEX 인도 ETF 투자’ 가이드북 발간",2024-10-28 10:39:42
인도 증시,‘증시 살리는 대통령이 최고’ 인도보다 수익률 높은 이 나라…아르헨티나 역대급 상승 랠리,2024-10-30 16:17:49
인도 증시,인도보다 투자 수익률 높은 이 나라…‘괴짜 대통령’ 효과에 증시 사상 최고랠리 중,2024-10-30 16:46:47
인도 증시,밀레이 개혁 효과 아르헨 지수 '더블',2024-10-30 17:43:12
인도 증시,"美 대선 이후 투자 지형도...누가 돼도 오를 종목, 어디? [스페셜리포트]",2024-11-01 13:20:02
인도 증시,[뉴욕증시] 美 대선 불확실성에 시장도 경계…일제히 하락 마감,2024-11-05 09:01:49
인도 증시,"[뉴욕증시] 대선 변수 일단락에 일제히 상승…엔비디아, 시총 1위 안착",2024-11-06 09:06:27
인도 증시,[뉴욕증시] ‘스타 탄생’에 테슬라 15% 급등…3대 지수 사상 최고치,2024-11-07 08:58:43
인도 증시,‘트럼프 랠리’에 나홀로 주가 떨어진 애플…미국 7대 빅테크 사장님들의 정치 감각은?,2024-11-07 14:31:32
인도 증시,"[뉴욕증시] 파월, 트럼프 랠리에 훈풍 불어 넣어…강세 마감",2024-11-08 08:51:46
인도 증시,돈도 사람도 脫대한민국,2024-11-10 17:52:06
인도 증시,"[단독] “이러다 한국 망한다”…사람도 돈도 미국으로 대탈출, 무슨 일",2024-11-10 18:01:26
인도 증시,韓 ‘슈퍼리치’ 미국으로 떠나는 이유...상속세 폭탄에,2024-11-11 14:53:08
인도 증시,'트럼프 스톰' 두려워 말라 … 美정책 수혜株에 길 있다,2024-11-18 16:16:06
인도 증시,인도증시 단기 조정인가…투자자금 '썰물',2024-11-19 17:46:40
인도 증시,"“주식이민 가야 하나”…내년 가장 매력적인 증시, 역시 여기라는데",2024-11-20 14:12:40
인도 증시,"“음식 덜 익혀도 빠르면 장땡”…‘13분 컷’ 배달서비스, 이 나라 휩쓸었다는데 [박민기의 월드버스]",2024-11-20 16:00:00
인도 증시,"[이은아칼럼] 돈도 떠나고, 인재도 떠나면",2024-11-20 17:32:31
인도 증시,희비 갈린 그룹주 ETF…현대차·SK만 순항,2024-11-20 18:00:38
인도 증시,"“5대 그룹이라고 다 같은 줄 아나”…표정 엇갈린 펀드 투자자들, 대체 왜",2024-11-20 19:48:17
인도 증시,"“부자도, 인재도, 돈도 떠난다”...한국 미래세대가 어떻게 여길까 [이은아 칼럼]",2024-11-21 13:00:00
인도 증시,"인도 2위 재벌, 하루 만에 시총 23% 날려...인도 주식시장 살얼음판",2024-11-22 17:01:47
인도 증시,"AI, 아직도 과열 아니다 … 테슬라·엔비디아 비중 늘려볼만",2024-11-22 17:30:33
인도 증시,"“계속 보유해야 할까요?”…갓비디아·갓슬라 외친 서학개미들, 앞으로 전략은",2024-11-22 21:21:14
인도 증시,벼랑 끝 ‘국장’ 살아날까…너도나도 ‘밸류업 모범생’ 되겠다는 기업들,2024-11-25 11:27:12
인도 증시,[뉴욕증시] 월가 출신 재무장관 지명 효과로 강세…엔비디아·테슬라는 4% 급락,2024-11-26 09:13:54
인도 증시,"미래에셋, 인도 증권사 셰어칸 5700억에 인수 마무리",2024-11-26 16:36:30
인도 증시,"미래에셋, 인도 쉐어칸證 5700억에 인수완료",2024-11-26 17:56:19
인도 증시,[뉴욕증시] 관세 폭탄 엄포에도 시장은 무덤덤…엔비디아 소폭 반등,2024-11-27 09:16:52
인도 증시,[뉴욕증시] “돈 쓸데 많아”…연휴 앞둔 차익 실현에 ‘우수수’,2024-11-28 09:20:59
인도 증시,[Part III ②금융상품] 경제 불안정기 달러 예금 유리 금리인하·안전자산 선호기 땐 ‘금’에 주목,2024-11-28 17:55:14
인도 증시,주식형펀드도 ETF도 '美 우선주의',2024-12-01 17:22:32
인도 증시,로베코운용 “한국 반도체 저평가···미국보다 亞 증시 주목해야”,2024-12-03 14:24:17
인도 증시,현대차 이어 LG도 인도서 IPO하는 이유는,2024-12-05 18:21:19
인도 증시,LG전자 인도법인 현지서 IPO 돌입,2024-12-06 23:42:17
인도 증시,‘내각 붕괴’ 프랑스도 올랐는데…韓증시 계엄 충격에 12월 나홀로 마이너스,2024-12-07 12:22:13
인도 증시,“내년 시장 변동성 속 중국 증시 밸류에이션 주목”,2024-12-10 10:40:28
인도 증시,"ETF 라이벌전, 10년 만의 권토중래냐 3위 수성이냐 [맞수맞짱]",2024-12-11 21:00:00
인도 증시,[뉴욕증시] FOMC 앞두고 관망세…브로드컴은 11% 급등,2024.12.17 09:12
인도 증시,“말뿐인 박스피 탈출 그만”···코스피 5000 가려면 이것 꼭 필요하다는데 [나기자의 데이터로 세상읽기],2024.12.17 12:00
인도 증시,8년전 데자뷔 … 韓 탄핵정국·美 트럼프시대,2024.12.18 17:18
인도 증시,"[뉴욕증시] 신중해진 파월에 시장은 울상…M7, 줄줄이 급락",2024.12.19 09:18
인도 증시,車기자협회 선정 ‘2024 자동차인’ 산업부문 혁신상…르노코리아 사장,2024.12.19 19:01
인도 증시,"[뉴욕증시] 연준發 충격 지속, 주요 지수 보합…마이크론 16% 폭락",2024.12.20 09:13
인도 증시,‘뉴 애브노멀 시대’ 이끄는 베스트 자산컨설턴트 14人 [BOOK in BOOK],2024.12.20 15:22
인도 증시,‘미장 액티브’ ETF 전성시대…‘타임폴리오’ 약진 [스페셜리포트],2024.12.23 21:00
인도 증시,[뉴욕증시] 반도체주 일제히 산타 랠리…TSMC 5.15%↑,2024.12.24 09:06
인도 증시,"올해 주식형 펀드는 미국이 압도···인도, 일본도 순유입",2024.12.25 15:12
인도 증시,해외 주식형펀드 美완승 올해 11조6000억원 몰려,2024.12.25 17:06
인도 증시,"매경이 전하는 세상의 지식 (매-세-지, 12월 26일)",2024.12.26 07:00
인도 증시,日 닛케이지수 4만 돌파…개인투자자가 끌어 올려,2024.12.27 16:22
인도 증시,안되는 건 없다 대한민국을 다시 꿈꾸게 한 주역들,2024.12.27 17:09
인도 증시,K푸드 주식 삼총사 투자 입맛 돋우네,2024.12.27 17:13
인도 증시,日닛케이지수 4만 탈환,2024.12.27 17:58
인도 증시,“과자·아이스크림도 한국이 최고”…한류에 강달러 타고 뜨는 K푸드 3총사,2024.12.28 06:03
인도 증시,한달새 5조 베팅했는데···테슬라 급락 왜?,2024.12.28 11:50
인도 증시,‘올해 왜 이래…’ ··· 제주항공 비극 겹친 K항공·여행주 주가 어디로,2024.12.29 14:28
인도 증시,“여행·항공株 어쩌나”…연말 덮친 탄핵·항공 참사에 투자심리 추락 위기,2024.12.29 22:32
인도 증시,2차전지 지고 금융·바이오株 뜨고…코스피 시총 톱10 격변 [2024 주식시장 결산],2024-12-31 10:52:37
인도 증시,올해 주식형펀드 수익률 마이너스는 브라질과 한국뿐,2024-12-31 15:39:17
인도 증시,“한국·브라질 빼고 다 올랐다”…2024년 전세계 주식형 편드 성적표 보니,2025-01-01 07:02:05
인도 증시,"현대차·기아, 조지아주 공장 상반기 준공 … 다차종 전기차로 美 공략",2025-01-02 15:59:06
인도 증시,전통의 강자 면모 ‘미래·삼성’...채권서는 명가 타이틀 지킨 ‘KB’,2025-01-02 17:20:06
인도 증시,새해 첫날 외국인 픽은 방산주…국장 개미들 뭐 담았나 보니,2025-01-03 10:42:02
인도 증시,서학개미 한 달간 1조원 샀는데···테슬라 400달러 붕괴,2025-01-03 15:52:26
인도 증시,현대차 '크레타 EV' 출시…인도 전기차시장 공략,2025-01-03 18:02:06
인도 증시,"세계 주식형 펀드, 韓·브라질만 ‘피눈물’",2025-01-04 13:00:00
인도 증시,쉼 없이 달리는 조선주… HD현대 3형제 연일 최고가 경신,2025-01-06 16:20:55
인도 증시,"""中위협 적극 대응 … 가격경쟁력 따라잡겠다""",2025-01-09 17:36:22
인도 증시,글로벌 아시아펀드 재시동 … “韓 시장도 매력적”,2025-01-13 15:42:06
인도 증시,‘고환율 수혜’ 실리콘투·화승엔터…KT ‘찜’,2025-01-16 21:00:00
인도 증시,"중국폰에 밀려난 아이폰…‘시총1위’ 애플, M7 중 최악의 낙폭 기록",2025-01-17 16:59:17
인도 증시,기아 시로스 출격 …'인도 국민차' 명함에 도전장,2025-01-17 17:35:49
인도 증시,"기아, 14억 인구 공략할 선봉장 내놨다…‘작지만 강한’ SUV, 스펙은?",2025-01-17 23:13:49
인도 증시,강세장·AI혁명…을사년 ETF 투자 키워드는 에브리싱 '미국',2025-01-19 16:12:16
인도 증시,[뉴욕증시] 트럼프 관세 속도 조절에 일제히 상승...양자컴 관련주 폭등,2025-01-22 15:17:23
인도 증시,"“한국 증시, 갈수록 힘빠지네”…이 지수에서 무더기로 퇴출 될 판이라는데",2025-01-22 19:53:16
인도 증시,"“인도인들, 요즘 이 차만 보면 엄지 척”…철저한 현지화로 잘 달리는 현대차",2025-01-28 09:58:51
인도 증시,추풍낙엽 인도증시 …저가매수나선 개미,2025-01-30 17:29:14
인도 증시,"“역시 간 큰 개미들이네”…트럼프에 한 방 맞은 인도 증시, 한국 투자자는 줍줍",2025-01-31 06:03:53
인도 증시,[트럼프 2기] 투자 생존 전략 | 공격형 ‘AI·에너지·조선주’ 수비형 금·채권 분산투자 유망,2025-02-03 17:20:03
인도 증시,美·中 관세전쟁 수혜국은 ‘인도’... 인도증시 투자는 니프티 아닌 ‘이것’,2025-02-06 16:02:56
인도 증시,서학개미 덕분에 웃었다…‘1조클럽’ 증권사 실적 살펴보니,2025-02-07 14:56:08
인도 증시,"MSCI, 한국 지수에서 11개 종목 편출… 현대차 인도법인은 신규 편입",2025-02-12 15:23:08
인도 증시,MSCI한국지수 11종목 '아웃',2025-02-12 17:33:31
인도 증시,[IB명가에게 듣는다]“사모펀드 간 M&A 거래 늘것…IB 경쟁 더 치열해질 전망”,2025-02-13 16:45:45
인도 증시,"[IB명가에 듣는다] ""IPO 침체로 사모시장서 자금조달 수요 쑥""",2025-02-13 17:52:07
인도 증시,[월가월부] 관세 전쟁 속 커지는 ‘LNG’ 주목도···천연가스 관련주 ‘들썩’,2025-02-16 15:08:59
인도 증시,미국산 LNG 수입 확대에 … 가스株 '들썩',2025-02-16 17:22:31
인도 증시,"“미국이 수출 끊으면 막막”…트럼프 관세전쟁 핵심은 LNG, 관련株 들썩",2025-02-16 23:24:23
인도 증시,천연가스 가격 살아나니 탄소배출권ETF도 줄줄이 상승,2025-02-17 16:05:13
인도 증시,韓 증시 무너져도 솟아날 구멍 있다 K온리 주식에 주목하라!,2025-02-18 17:18:59
인도 증시,인도서 2조 조달하는 LG전자,2025-02-18 17:53:26
인도 증시,막 내린 ‘대기업 중복상장’ 불패 신화,2025-02-18 21:00:00
인도 증시,[PartⅢ ① 투자 전략은] 교역량 감소·공급망 재편 불가피 첨단산업 주목…섹터별 영향 살펴야,2025-02-28 11:21:54
인도 증시,연초 신규 ETF 수익률 국내주식형 ‘완승’…‘해외’ 테마 잡은 운용사들 발등에 불,2025-03-02 15:32:40
인도 증시,‘행동주의’ 자본 시장 파수꾼인가 먹튀인가,2025-03-06 21:00:00
인도 증시,"“이게 대체 얼마야”...800조원 쏘겠다는 중국, 승부 걸었다는 이 분야",2025-03-11 14:50:29
인도 증시,“트럼프 관세 제대로 美쳤네”…美 경기 침체 우려에 글로벌 증시 줄폭락,2025-03-11 18:53:19
인도 증시,獨 방산랠리 이어 받아 K방산주 ‘들썩’,2025-03-13 16:14:52
인도 증시,‘황제의 길’ 활짝 연 ‘와우 포인트’ [‘韓 커머스 황제’ 쿠팡],2025-03-13 21:00:00
인도 증시,"미래에셋증권, 연결 자기자본 12조 돌파…글로벌 톱티어 IB 시동",2025-03-14 15:09:26
인도 증시,테슬라 한물갔나…비야디로 쏠리는 돈,2025-03-18 21:00:00
인도 증시,"매경이 전하는 세상의 지식 (매-세-지, 3월 24일)",2025-03-24 07:00:00
인도 증시,중장기적 비중 확대 꼽히는 인도 증시...“구조적 성장 기대”,2025-03-24 16:04:58
인도 증시,다시 웃는 인도 증시 … 외국인 자금 '밀물',2025-03-24 17:37:57
인도 증시,"""상호관세 막자"" 디지털세 폐지 언급한 英",2025-03-25 17:56:47
인도 증시,중국이 돌아왔다 중국판 M7 약진에 글로벌 자금 몰려,2025-03-25 17:56:59
인도 증시,투자 매력 떨어진 동남아…자금 중국 증시로 몰린다,2025-03-26 15:44:48
인도 증시,“위고비보다 더 효과 좋다고?”...비만치료제 전쟁서 앞서가는 이 기업,2025-03-26 16:26:04
인도 증시,위고비보다 효과 좋네…일라이릴리 주가 쑥,2025-03-26 17:49:41
인도 증시,스팀 글로벌 1위 찍은 이 게임사 ‘사자’ [주식 초고수는 지금],2025-03-28 14:24:18
인도 증시,기습 유증 후폭풍에 맞서나...논란의 한화그룹 [스페셜리포트],2025-03-31 21:00:00
인도 증시,[뉴욕증시] 상호관세 D-2 혼조 마감…엔비디아 1.18↓,2025-04-01 08:42:51
인도 증시,올해 해외펀드 수익률 1위는 ‘브라질’…헤알화 반등·저평가 매력에 올라,2025-04-01 15:27:35
인도 증시,美증시는 꽁꽁 얼었지만...트럼프의 원픽 ‘이 테마’는 갈까 [홍키자의 빅테크],2025-04-01 16:24:37
인도 증시,"""트럼프 관세로 세계 GDP 0.6% 줄어들것""",2025-04-01 17:58:46
인도 증시,“트럼프 뽑았다가 이게 무슨 고생”…1분기 美증시 2년만에 최악,2025-04-01 22:42:01
인도 증시,"“오늘보다 내일이 더 무섭다”...시작부터 살벌한 관세전쟁, 美증시 떨고있니 [월가월부]",2025-04-03 06:36:27
인도 증시,[뉴욕증시]상호관세 부과에 불확실성 해소…나스닥 0.87%·테슬라 5.33↑,2025-04-03 08:42:14
인도 증시,"“대통령 변덕, 진짜 못 살겠다”...예상 뛰어넘는 관세 폭격에 비트코인 폭락 [매일코인]",2025-04-03 09:01:14
인도 증시,“최악의 시나리오 현실화”…트럼프 관세 폭탄에 코스피 ‘와르르’,2025-04-03 09:03:29
인도 증시,[속보]원·달러 환율 4.4원 오른 1471.0원 출발,2025-04-03 09:16:19
인도 증시,관세 쇼크에 한·중·일 ETF 시간 외 하락…금값은 상승,2025-04-03 10:45:26
인도 증시,‘탈중국’도 소용없었네…아시아 전역 관세 폭탄에 애플 주가 폭락,2025-04-03 14:35:49
인도 증시,"테슬라, 인도량 감소에도 ‘머스크 컴백’ 루머에 5.33%↑",2025-04-03 21:51:11
인도 증시,관세 쇼크에 나스닥 4% 폭락.. 애플 9% 아마존 7% 하락,2025-04-04 02:45:15
인도 증시,"관세폭탄에 전세계 증시 초토화됐는데…트럼프 “수술 끝났다, 시장 호황 누릴 것”",2025-04-04 05:58:52
인도 증시,"‘웬수’ 같은 대통령 때문에 피눈물...또 다시 곡소리난 미국증시, 해방의 날 맞아?",2025-04-05 05:21:42
인도 증시,글로벌 증시 패닉셀에 금값도 3% 급락…“금 팔아 마진콜 대응”,2025-04-05 06:15:57
인도 증시,글로벌 증시 폭락하자 금값까지 급락…원유도 4년만 최저,2025-04-06 14:37:43
인도 증시,사상 최고가 달리던 금값마저 '뚝',2025-04-06 17:40:49
인도 증시,"“대통령 탓하기만도 뭐하네”...눈물 흘리는 빅테크들, 바겐세일인가 거품해소인가 [더테크웨이브]",2025-04-07 15:04:47
인도 증시,"안전자산 금값까지 하락 …""믿을건 현금뿐""",2025-04-07 18:00:53
인도 증시,"“금이고 뭐고 지금은 현찰이 최고”...트럼프에 떠는 시장, 금값마저 내려",2025-04-07 20:12:34
인도 증시,굿바이 ‘매그7’ 헬로우 ‘테리픽10’,2025-04-07 21:00:00
인도 증시,“고점서 ELS 상품 쏟아내더니”…테슬라·엔비디아 추락에 원금손실 공포,2025-04-07 22:44:06
인도 증시,"삼성운용, KODEX 인도Nifty미드캡100 ETF 신규 상장",2025-04-08 14:15:44
인도 증시,"애플, 시가총액 2위로 밀렸다… 관세 우려에 직격탄",2025-04-09 16:19:40
인도 증시,"관세 직격탄…애플, MS에 시총1위 내줘",2025-04-09 17:57:23
인도 증시,"“300만원 넘보는 아이폰, 손님 다 쫓아낼 판 ”…애플, 결국 시총 1위 내줬다",2025-04-09 23:15:51
인도 증시,트럼프 “석유산업 지키겠다” 외쳤지만…관세 폭탄에 석유주 줄하락,2025-04-13 13:06:28
인도 증시,[뉴욕증시] 미·중 힘겨루기에 약보합 …다우 0.38%↓,2025-04-16 08:45:27
인도 증시,“밀리면 죽는다” 선혈 낭자한 무역전쟁…항공기·대두·반도체까지 전선 확대,2025-04-16 22:38:11
인도 증시,"“우리도 이런 경험은 처음”...공포에 빠진 시장, 더 자극한 파월의 입 [★★글로벌]",2025-04-17 10:41:42
인도 증시,트럼프 맞선 시진핑의 강력한 ‘패’,2025-04-18 14:15:36
인도 증시,"올해도 불뿜는 조선株 랠리…“아직 한 발 남았다” 주가 폭발 기대되는 이곳 [K주식, 이걸 사? 말아?]",2025-04-18 17:30:00
인도 증시,관세발 폭락장에 다들 울 때 인도는 웃었다,2025-04-20 17:42:06
인도 증시,"금값 천장 뚫을때, 개미 4백억 팔아치웠다",2025-04-20 17:46:20
인도 증시,"“심장 그만 떨리고 싶다”…金 400억원어치 팔아치운 개미들, 이유는?",2025-04-20 19:55:57
인도 증시,"올해 1분기 글로벌 IPO 시장, 지난해보다 건수 3% 조달 금액 20% 증가",2025-04-22 10:27:21
인도 증시,金 '신고가'·구리는 '미끌'… 엇갈린 원자재,2025-04-22 17:42:30
인도 증시,"LG전자, 인도 법인 상장 보류 증시 위축에 ""시장 보고 결정""",2025-04-23 17:54:53
인도 증시,안전자산 겸 투기자산으로...‘트럼프+중앙은행 사재기+ETF’가 바꾼 金의 이중 정체성 [★★글로벌],2025-04-24 10:26:23
인도 증시,비틀대는 美증시 속 돋보이는 한국 증시 [MBN GOLD 시황저격],2025-04-24 16:10:40
인도 증시,“트럼프 2기 美우량 성장주·배당주·국채 선별 접근해야”,2025-04-25 18:00:26
인도 증시,"초고수, “오를만큼 올랐다”…삼성중공업 매도[주식 초고수는 지금]",2025-04-28 11:29:55
인도 증시,[‘오락가락’ 트럼프 관세 전쟁 PartⅠ] ① 트럼프 관세는 도대체 몇%?,2025-04-28 17:51:02
인도 증시,[뉴욕증시] 중국 외 교역국 협상 기대…다우 0.75%↑,2025-04-30 08:57:38
인도 증시,"장기 투자 문화 조성? 배당소득세 완화부터 [6·3 조기 대선, 이 정책은 꼭 !]",2025-05-01 21:00:00
인도 증시,"국가 비트코인 보유량 반년 새 12% 감소…독일·우크라 매각, 엘살바도르·부탄 적극 매수",2025-05-03 18:12:00
인도 증시,"“중국 없으면 손해가 막심”...1조원 이상 추가비용 발생한 애플, 시총 1등 내줬다",2025-05-04 14:37:32
인도 증시,관세 비용 쇼크에 애플·MS 시총 또다시 역전,2025-05-04 17:44:50
인도 증시,"두산에너빌리티, 체코 원전 제동에 주춤하자 초고수들은 ‘줍줍’[주식 초고수는 지금]",2025-05-07 14:51:40
인도 증시,"다양하게, 오랫동안, 반복해서…“투자 격변기일수록 기본으로 돌아가라”",2025-05-08 19:23:40
인도 증시,“다윗이 골리앗 이겨”…中전투기 佛라팔 격추소식에 청두항공 주가 50% 폭등,2025-05-11 13:29:00
인도 증시,변동성 장세에도 美투자가 답…“자녀 계좌로도 매달 KODEX S&P500 매수”,2025-05-12 15:55:26
인도 증시,"""AI 패권 쥔 美, 변동장서 매력 여전""",2025-05-12 17:56:17
인도 증시,"LG전자 인도법인, 1분기 사상 최대 실적",2025-05-15 17:13:37
인도 증시,[뉴욕증시] 소비둔화 우려 속 혼조 마감…아마존·메타 2%↓,2025-05-16 08:58:29
인도 증시,中 증시 주목하는 여의도...관련 금융상품 줄줄이 등장,2025-05-18 13:00:00
인도 증시,빅테크 계속 달릴까···무역협상 진전이 관건,2025-05-18 14:51:06
인도 증시,관세협상 속 美 경기선행지수 주목,2025-05-18 17:18:31
인도 증시,"""관세 휴전하자 해운주 떴다"" … HMM 순항",2025-05-20 17:50:09
인도 증시,"“한숨 돌렸다”…전세계 공포 떨게한 관세전쟁, 휴전 소식에 가장 웃은 종목은",2025-05-20 23:07:49
인도 증시,"EU와 관세협상 진전없자 트럼프 ""내달 50% 관세""",2025-05-23 23:23:17
인도 증시,[나현준의 데이터로 세상읽기] 박스피 탈출할 황소 기업들 키우려면 인재수혈·주주환원… 선순환 만들어야,2025-05-25 17:04:17
인도 증시,美 관세불안 여전 … 中펀드로 돈 몰린다,2025-05-26 17:45:11
인도 증시,세달만에 6500억 몰렸다…“대륙의 기술력 믿는다” 대세가 된 中테크주,2025-05-26 19:15:06
인도 증시,"""달러패권 약화될때 …中·인도 투자해야""",2025-05-29 18:02:34
인도 증시,"""더 이상 美빅테크 중심 투자 아니다… 자금,글로벌 분산 필요""",2025-06-01 16:04:54
인도 증시,"보호주의 때…美 증시, 신흥국에 뒤졌다",2025-06-04 21:00:00
인도 증시,“지금이 바로 기회”…조선株 주춤하자 큰손들 줍줍 나섰다[주식 초고수는 지금],2025-06-09 11:26:33
인도 증시,MSCI 신흥국지수 3년來 최고치 돌파…주요국 중 한국이 상승세 최고,2025-06-10 16:48:26
인도 증시,"뉴욕 증시, 이스라엘·이란 확전에 급랭",2025.06.14 09:11
인도 증시,李 대통령 콕 집은 ‘배당 성향 35%’,2025.06.17 21:00
인도 증시,이스라엘-이란 전쟁 확대 우려에 뉴욕증시 하락 [월가월부],2025.06.18 05:59
인도 증시,"볕드는 신흥국 주식 ""하반기 20% 더 뛴다""",2025.06.18 17:43
인도 증시,"“이제 미국은 좀 시들하죠”…호황 끝나가는 선진국 주식시장, 대세는 신흥국?",2025.06.18 22:56
인도 증시,SK하이닉스 신고가 랠리 … 반도체 소부장株 기지개 [MBN GOLD 증시기상도],2025.06.19 16:10
인도 증시,"""밸류업 위해 상법 개정부터"" vs ""주주소송 남발땐 성장 멈춰""",2025.06.19 17:56
인도 증시,"美·유럽 거물펀드, 1000조원 운용 큰손 …'투자의 신' 집결",2025.06.22 18:01
인도 증시,"""호르무즈 봉쇄땐 유가 130弗""… 세계경제 시계제로",2025.06.22 18:04
인도 증시,원화값 하루새 18원 급락,2025.06.23 17:52
인도 증시,‘사실상 전쟁’ 상태에…증시·원유·비트코인 출렁인다,2025.06.23 22:54
인도 증시,"미래에셋운용, ‘TIGER ETF’ 70조 달성…글로벌 ETF 220조 돌파 눈앞",2025.06.26 10:21
인도 증시,美에만 몰빵…당신의 ETF 안녕한가요,2025.06.27 13:23
인도 증시,배당 투자 시대 도래...배당성향·주당배당금 등 챙기세요 [MONEY톡],2025.06.28 21:00
인도 증시,홍콩 IPO 돈몰려 8배 급증 '나스닥 퇴짜' 쉬인도 노크,2025.06.30 18:04
인도 증시,외인 수급 지속…지·금·조·방·원 대세 [투자자 전략],2025.06.30 21:00
인도 증시,"中 대어들 미국 대신 ‘이 나라’ 간다…홍콩 IPO 시장, 상반기에만 18조원",2025.06.30 23:40
인도 증시,‘플라잉 택시’가 뭐길래…미국서 관련주 급등,2025.07.01 15:43
인도 증시,"[Part 8] 코스피 5000시대 열리나, 지배구조 개선해 3000 안착부터 노린다",2025.07.01 16:32
인도 증시,현실로 다가온 '플라잉 택시' 중동서 비행 성공에 관련주↑,2025.07.01 17:49
인도 증시,"“사장님이 대통령이랑 싸워요”…갈등 폭발한 트럼프·머스크, 테슬라 주주만 울상[월가월부]",2025-07-02 06:01:11
인도 증시,[뉴욕증시] 미·베트남 무역 합의에 뉴욕증시 ‘활짝’…테슬라 4.97% 올라,2025-07-03 08:55:16
인도 증시,엔비디아 시총 4조 달러 ‘터치’...뉴욕증시 사상 최고치 경신,2025-07-10 05:41:48
인도 증시,어떤 반도체든 ‘플랫폼 기반 설계’ 명성 [천억클럽],2025-07-11 21:00:00
인도 증시,美 증시 너무 올랐다 싶으면?...전 세계로 나눠 투자할 것 [MONEY톡],2025-07-12 21:00:00
인도 증시,1년간 두 자릿수 하락한 현대차·기아…‘상승 사이클’ 다시 찾아올까,2025-07-15 16:09:22
인도 증시,법정관리 극복하고 알짜 강소기업 반열 [IPO 기업 대해부],2025-07-16 21:00:00
인도 증시,"로베코운용, “韓 조·방·원·전, 中 펫·애니 유망 투자처”",2025-07-17 14:04:25
인도 증시,글로벌 AI주권 지키기 K그리드·반도체 주목 [MBN GOLD 시황저격],2025-07-17 15:59:30
인도 증시,“미국 주식은 고평가 됐습니다”…부의 이동 ‘이 지역’으로 넘어온다는데,2025-07-20 11:09:32
인도 증시,제조강국 초석은 공작기계…2032년 매출 4조,2025-07-20 17:50:41
인도 증시,“비행기 부품도 정밀하게 깎아요”…세계 3위 찍은 국산 공작기계의 기술력,2025-07-21 08:15:08
인도 증시,"“한화, ‘방산’이 끌고 ‘건설’이 밀어주는 실적”…목표가↑",2025-07-23 08:03:50
인도 증시,K금융도 떴다…세계 CFA협회 요직에 첫 한국인,2025-07-24 17:57:59
인도 증시,알파벳 호실적에 뉴욕 증시 ‘방긋’...테슬라는 8% 넘게 폭락 [월가월부],2025-07-25 06:19:16
인도 증시,"세계 누비는 K시리즈, 이번엔 금융이다…세계 CFA협회 첫 한국인 ‘거버너’",2025-07-25 08:14:21
인도 증시,"“3년만에 주가 15배 올랐다”…코인보다 짜릿한 수익낸 ‘이곳’[K주식, 이걸 사? 말아?]",2025-07-25 17:30:00
인도 증시,"매경이 전하는 세상의 지식 (매-세-지, 8월 2일)",2025-08-02 07:00:00
인도 증시,누더기 분리과세…멀어지는 ‘오천피’,2025-08-04 21:00:00
인도 증시,"K기업 해외상장 비결? ""글로벌 자본을 동력으로 남다른 성장 스토리를 써라""",2025-08-06 16:00:26
인도 증시,"[Part Ⅱ] 원화 스테이블코인, 법제화 시동… 주목받는 플랫폼 기업",2025-08-06 16:30:41
인도 증시,"현대차 印법인, 신공장으로 실적반전 노려",2025-08-06 17:36:26
인도 증시,실적과 관세 이중고… 인도증시 속절없는 추락,2025-08-07 16:14:47
인도 증시,관세·실적부진 이중고 … 인도 증시 '털썩',2025-08-07 18:03:19
인도 증시,"“통 큰 결정 내리더니”…애플, ‘관세 면제’ 기대감에 주가 5개월만에 최고",2025-08-09 06:37:45
인도 증시,"""하반기 경기 살아난다""… 中증시 '하이킥'",2025-08-10 17:35:24
인도 증시,한번 오르면 무섭게 간다는 중국증시…하반기 경기 기대감에 ‘하이킥’,2025-08-10 21:13:09
인도 증시,400조 빚더미 결국 감당 못했다…중국 부동산 위기 상징 ‘헝다’ 상장폐지,2025-08-13 11:42:38
인도 증시,스피릿항공 존속 불확실성에…유나이티드·델타항공 급등,2025-08-13 14:36:05
인도 증시,"‘90배 수익 비법’ 진짜라고?...족집게 투자 조언, 10조 규모 산업이 됐다 [박민기의 월드버스]",2025-08-13 16:00:00
인도 증시,내주 한·미 정상회담 조선·대북株 '분수령' [MBN GOLD 시황저격],2025-08-21 16:07:06
인도 증시,[뉴욕증시] 잭슨홀 경계·월마트 실적 쇼크에 하락 마감…S&P 5일 연속↓,2025-08-22 08:43:36
인도 증시,중학개미 바라보며… [편집장 레터],2025-08-22 13:48:37
인도 증시,[뉴욕증시] 금리 인하 경계감에 3대 지수 하락…엔비디아 1.02%↑·인텔 1%↓,2025-08-26 08:52:57
인도 증시,‘기술 굴기·공급 개혁’ 정책 수혜 누구 [중국 투자 가이드],2025-08-26 21:00:00
인도 증시,8월증시 상승률 1등 베트남 코스피는 차익실현에 꼴찌,2025-08-31 18:06:08
인도 증시,"“또 최고가 경신, 지금 살까? 말까?”…전문가가 본 ‘금 투자’ 전망은",2025-09-03 15:39:51
인도 증시,"“박스피에 수익 올릴 방법, 이것밖에 더 있나”…화장품주에 몰리는 단타개미",2025-09-04 21:11:15
인도 증시,진짜 ‘에스콰이어’의 삶은 이렇습니다...율촌 M&A 차세대 에이스 5인방의 조언,2025-09-07 13:00:00
인도 증시,"""인도 개미투자자 1억명 넘어 … 주가 20년간 S&P의 1.5배 올라""",2025-09-08 17:59:20
인도 증시,"“미국주식 많이 올랐다고 하지만, 여기에 비하면”…1억명 불개미 자랑하는 인도증시",2025-09-08 19:08:12
인도 증시,"“40%도 못 찍은 건 처음”…테슬라 미국 시장 점유율, 8년 만에 최저",2025-09-09 09:46:22
인도 증시,달러 단기 저점은 언제···미·중 정상회담이 분수령 [매일 돈이 보이는 습관 M+],2025-09-11 06:00:00
인도 증시,인도 펀드 탈출 러시…올해 2614억원 유출 [데이터로 보는 세상],2025-09-12 21:00:00
인도 증시,나홀로 박스권 인도 증시 … 내수 진작책 통할까,2025-09-14 17:23:43
인도 증시,"“우리는 뚫었는데, 너희는 갇혀있니?”...나홀로 박스권 인도증시, 내수 진작 통할까",2025-09-14 20:02:58
인도 증시,"“올해 금값, 진짜 역대급으로 올랐네”…1979년 오일쇼크 이후 최대폭 상승이라는데",2025-09-16 10:22:16
인도 증시,[특징주] 러시아 원유 시설 공격받자 국제유가 상승…정유株도 급등,2025-09-17 10:24:25
인도 증시,"""한국 사는 내내 '한강의 기적' 저력 실감했죠""",2025-09-18 17:39:42
인도 증시,"“한강의 기적, 살아보니 실감…한국인들 저력 느껴”",2025-09-18 18:13:12
인도 증시,“관세 50%도 타격인데”...H-1B 수수료 인상에 인도 IT주 급락,2025-09-22 15:02:55
인도 증시,"""中·인도계 직원들 출국말라"" 월가도 실리콘밸리도 멘붕",2025-09-22 18:01:47
인도 증시,이번엔 다르다…굿바이 ‘박스피’ [전인미답 고지 넘보는 코스피],2025-09-22 21:00:00
인도 증시,[뉴욕증시] 엔비디아·오픈AI발 ‘훈풍’에 美 3대 지수 ‘최고치’…애플 4%↑,2025-09-23 08:53:36
인도 증시,14억 인도 TV 시장 장악한 삼성...‘K가전’으로 증시 입성 노리는 LG,2025-09-26 10:56:23
인도 증시,"LG전자, 인도법인 지분 15% 처분 결의…내달 중 상장 마무리",2025-09-30 11:00:08
인도 증시,LG전자 인도법인 상장 '초읽기',2025-09-30 17:55:23
인도 증시,"LG전자 인도법인, 14일 현지증시 상장…최대 1.8조 실탄 확보 나선다",2025-10-01 10:35:25
인도 증시,美공무원 해고폭풍 몰아치나…물가·고용지표 발표도 올스톱,2025-10-01 18:00:52
인도 증시,"뜨거운 월가소식·내집마련 전략…떴다, 돈 되는 정보",2025-10-02 16:08:22
인도 증시,美 연방정부 셧다운도 안 통한다...뉴욕증시 연일 최고치 마감 [월가월부],2025-10-03 06:55:50
인도 증시,AI훈풍 덕에 美증시 5일째 최고가 행진…‘어닝 서프라이즈’ 테슬라는 5%대 급락,2025-10-03 12:54:39
인도 증시,역대 최대 실적에도 테슬라 주가는 '우울',2025-10-03 16:01:12
인도 증시,“전기차 슈퍼카 기술적으로 어려워”…명품車 페라리 주가 급락,2025-10-10 11:12:12
인도 증시,원화값 속절없는 추락…외환시장 아수라장인데 반등도 어려워,2025-10-10 22:14:01
인도 증시,LG전자 '사라' vs LG생건 '글쎄',2025-10-12 16:52:48
인도 증시,"“위기 속 가전·전장이 선방했다”...LG전자, 3분기 영업이익 6889억원",2025-10-13 10:09:11
인도 증시,"LG전자, ‘14억 인구 대국’ 인도 증시 입성...1조8천억원 실탄 장착해",2025-10-14 14:30:40
인도 증시,"조주완 ""인도는 글로벌 사우스 전략 거점""",2025-10-14 17:12:14
인도 증시,"10월 한미일 자산 대장주 수익률, 삼전 1위",2025-10-17 17:31:49
인도 증시,한미일 수익률 1위 종목이 한국이라고?…엔비디아·비트코인 다 제껴,2025-10-18 06:30:16
인도 증시,관세협상·테슬라 실적 기다리는 코스피,2025-10-19 17:38:06
인도 증시,‘삼전’ 뛸 때 숨죽여야 했던 LG전자...드디어 ‘9만 전자’로 장마감,2025-10-20 18:46:50
인도 증시,모든 자산 가격이 뛴다...‘에브리씽 랠리’,2025-10-21 21:00:00
인도 증시,12년만에 최대 낙폭 …'블랙 골드데이',2025-10-22 17:49:13
인도 증시,"미·중 무역 갈등 쉽사리 해결 안되나, 실망감에 뉴욕증시 하락 마감 [월가월부]",2025-10-23 07:21:04
인도 증시,"뉴욕증시, 테슬라 실적 실망·버블 경계 속 약세…AI·반도체 동반 하락",2025-10-23 09:01:32
인도 증시,전기차 3년만에 성장세…상승가도 달린 로봇株 [MBN GOLD 증시기상도],2025-10-23 16:11:57
인도 증시,"“주식 이야기, 눈치 좀 보고 해라”...역대급 불장에도 개미 계좌는 ‘마이너스’",2025-10-24 06:06:29
인도 증시,[뉴욕증시] 트럼프-시진핑 회담 확정에 상승 마감…나스닥 0.89%↑,2025-10-24 08:59:58
인도 증시,뉴욕증시 훈풍에도 코스피 4000선 내줬다…코스닥도 하락 출발,2025-10-28 09:17:02
인도 증시,‘시총 5조달러’ 벽 넘어선 엔비디아…젠슨 황 “AI 버블 아니다”,2025-10-30 06:58:14
인도 증시,엔비디아 시총 5조달러 돌파···“세계경제 3위 독일 GDP도 넘어” [뉴욕증시 특징주],2025-10-30 08:44:51
인도 증시,시진핑 “파도 높을수록 한배 타야”…트럼프 떠난 APEC서 미국 직격,2025-10-31 18:34:35
인도 증시,美 증시 낙관론에 제동…월가 CEO “10~15% 조정 불가피”,2025-11-05 10:43:59
인도 증시,"한국서 돈 뺀 외국인들, 어디 갔나 봤더니...日로 이탈",2025-11-10 16:57:00
인도 증시,“중국에서 동성애 광고를 해?”…거센 압박에 ‘게이 앱’ 잇달아 삭제한 애플,2025-11-11 10:15:43
인도 증시,뉴노멀 된 불확실성 … 충격 피하려만 말고 맷집 키워 나아가라,2025-11-12 16:17:59
인도 증시,내수 호황에 '증시 체온'도 상승 … 인도 니프티50 반등 신호 켜졌다 [해외주식 원포인트 레슨],2025-11-13 16:10:44
인도 증시,MSCI 선진국지수 편입되면… 불붙은 ‘국장’에 대규모 자금유입 기대,2025-11-13 17:43:05
인도 증시,위고비 곧 특허만료 … 비만치료제 저가전쟁,2025-11-13 18:02:06
인도 증시,“지갑도 뚱뚱해야 비만약 먹을수 있나요”…저가전쟁 이미 시작됐다는데,2025-11-14 06:01:30
인도 증시,"""글로벌자금, 韓 대기업 비핵심사업 관심""",2025-11-17 17:28:24
인도 증시,"韓운용사 ETF, 미국·인도서도 잘나가네",2025-11-17 17:51:43
인도 증시,“남편이 펀드매니저라고?”…역대급 불장에 성과급 기대되네,2025-11-18 05:54:38
인도 증시,"‘포스트 차이나’ 전략의 현실화, 한국 기업 인도를 바꾼다",2025-11-19 16:46:53
인도 증시,IPO 탈한국…뉴노멀 된 해외상장,2025-11-28 17:59:44
인도 증시,"“조건이 너무 까다로워서”…상장 원하는 기업, 해외거래소 간다",2025-11-28 18:27:08
인도 증시,증시 불장에…3분기 운용사 순익 2배 넘게 ‘쑥’,2025-12-01 14:15:51
인도 증시,항공기 부품의 대명사…MRO 수요 ‘쭉’ [미장 보석주],2025-12-05 21:00:00
인도 증시,"로베코운용 “내년 아시아 시장 주목…韓, 밸류업 효과 가속”",2025.12.10 17:36
인도 증시,‘칼바람’이 분다…2026 재계 인사 들여다보니,2025.12.10 21:00
인도 증시,금리 인하·파월 발언에 급등… S&P500 장중 사상 최고 [뉴욕증시],2025.12.11 08:59
인도 증시,‘왕년의 휴대폰 명가’ 노키아의 변신 [경영전략노트],2025.12.11 21:00
인도 증시,전기차 부진에도 웃는 테슬라…‘로보택시 카드’로 주가 최고가 경신,2025.12.17 15:19
인도 증시,증권가 휩쓴 ‘여풍’…‘위풍당당’ 90년대생 세대교체 주도,2025.12.19 21:00
인도 증시,이노스페이스 ‘한빛-나노’ 발사 실패에…우주항공주 일제히 폭락 [특징주],2025.12.23 14:21
인도 증시,"또 널뛰는 금값…카리브해 갈등에 최고치, 내년엔 5000달러?",2025.12.24 10:43
