keyword,title,date
금값,세계경제 덮치는 차이나리스크,2019-01-03
금값,주식 물타기·버티기·안전자산(금·달러·채권·메자닌)에 피신?‘폭망’ 개미투자자를 위한 2019 新투자법,2019-01-04
금값,"뉴욕증시, 미중 무역협상 타결 기대감에 상승…다우 1.09%↑",2019-01-09
금값,국제유가 9거래일 연속 오름세…WTI 0.4%↑,2019-01-11
금값,"뉴욕증시, 미중 무역갈등 완화와 비둘기 연준 기대감에 상승…다우 0.51%↑",2019-01-11
금값,국제유가 열흘 만에 `WTI 1.9% 하락`…국제금값 강보합권,2019-01-12
금값,"[Finance] 금보다 비싼 금속‘팔라듐’들여다보니
美 팔라듐 ETF, 6개월 만에 수익률 ‘40%’",2019-01-14
금값,"국제유가, 중국 경기부양 기대에 급등…WTI 3.2%↑",2019-01-16
금값,金·원유·럭셔리…틈새펀드 `짭짤`,2019-01-18
금값,대기오염 줄이는 `팔라듐` 금보다 비싸,2019-01-18
금값,"국제유가, 성장둔화 우려 속 하락…WTI 2.3%↓",2019-01-23
금값,"경기둔화·미국 통화정책 여파…금, 8개월 만에 최고가",2019-01-30
금값,"""美달러 더이상 못믿어""…금 사재기 나선 각국 중앙銀",2019-01-31
금값,각국 중앙은행 작년 651t 금 매수…47년 만에 최대,2019-02-01
금값,"국제유가, 경기 우려로 하락…WTI 1.3%↓",2019-02-05
금값,불확실성 커진 황금돼지해 채권·금 투자로 ‘쌈짓돈’ 지킬까,2019-02-07
금값,"국제유가, 무역협상 불확실성 속 반등 …WTI 0.2%↑",2019-02-09
금값,"국제유가, 美지표 부진에 나흘 만에 하락",2019-03-02
금값,稅혜택·金강세에 KRX금시장 4.5배 커져,2019-03-04
금값,한국은행 금 매입 6년째 `0` 이유가?,2019-03-09
금값,"국제유가, 산유국 정정불안 속 강세…WTI 0.5%↑",2019-04-13
금값,"뉴욕증시, 중국지표 호조에도 헬스케어주 급락에 하락 마감…다우 0.01%↓",2019-04-18
금값,무역전쟁發 글로벌자산 요동…금·엔화에 비트코인까지 급등,2019-05-14
금값,[TOPIC]화폐개혁 루머에 불안심리 확산-달러·채권·골드…“소나기 피하자” 머니무브,2019-05-27
금값,비트코인 천만원 시대 가즈아? 美 승인 조짐·페북 가세…훈풍 불자 급반등,2019-05-27
금값,봉준호 트로피금값만 1000만 원 이상? “금 50돈으로 제작”,2019-06-04
금값,인컴·채권ETF·金…`피난처 펀드`가 뜬다,2019-06-05
금값,원자재 희비…金·銀 `활짝` 원유·가스 `울상`,2019-06-09
금값,美 금리인하 기대감…금펀드 수익률 `高高`,2019-06-10
금값,금값 13개월래 최고…6일간 5%올라 1341弗,2019-06-10
금값,금값 3년만에 최고…펀드 수익률도 `고공행진`,2019-06-11
금값,금 사재기 한다는데…,2019-06-17
금값,뉴욕증시 급등…유가는 4% `껑충`,2019-06-19
금값,20대 해외주식 투자 붐…가장 선호한 주식은 애플,2019-06-20
금값,"`인내심` 버린 파월, 금리인하 강력 시사…연내 2회 내릴듯",2019-06-20
금값,"국제유가, 美·이란 일촉즉발 위기에 급등",2019-06-21
금값,금값 6년새 최고…금ETF도 반짝반짝,2019-06-23
금값,워런 버핏은 왜 비트코인에 독설을 퍼붓나?,2019-06-25
금값,美국채금리 2% 밑으로…금값은 6년만에 최고치,2019-06-26
금값,"매경이 전하는 세상의 지식(매-세-지, 6월 27일)",2019-06-27
금값,정기예금·골드바·달러…안전자산으로 돈 몰린다,2019-06-28
금값,시장금리 인하기 재테크 비법-당분간 달러 강세…맞춤형 상품 노려볼 만,2019-06-28
금값,`일장춘몽` 끝나나…金ETF 잇단 약세,2019-07-02
금값,금값 1400달러 붕괴에 금ETF·ETN손실…전망은,2019-07-02
금값,美中 `휴전`에도 경기비관론 확산…美 국채금리 2%선 붕괴,2019-07-03
금값,金마저 추월…원자재시장 뒤흔든 팔라듐,2019-07-07
금값,[증권사 추천상품] `커버드콜` 金투자…환헤지로 안전판,2019-07-08
금값,"국제유가, 美 휘발유 재고 증가 여파…WTI 1.5%↓",2019-07-18
금값,`안전자산` 금값 사상 최고치,2019-07-18
금값,하락장서 주목받는 `귀금속·美국채·VIX`,2019-07-25
금값,눈길가는 안전자산 투자…달러보다 금,2019-07-28
금값,金 이어 이젠 銀도 뛴다,2019-07-28
금값,저금리 시대 재테크 新 풍속도… 저축은행 고금리 상품·부동산 사모펀드 인기,2019-07-30
금값,화이트리스트 제외된 날…천장찍은 金값,2019-08-04
금값,"뉴욕증시, 미·중 무역전쟁 확전 양상에 급락…다우 2.90%↓",2019-08-06
금값,"""주식은 떨어지는 칼날인데"" 채권·달러만 찾는 자산가들",2019-08-06
금값,[포토] 금값 6년來 최고,2019-08-07
금값,글로벌 불확실성 커지자…금·채권에 돈 몰린다,2019-08-08
금값,`R의 공포` 엄습…금값 1500弗 치솟고 美국채 연일 급등,2019-08-08
금값,[재테크 풍향계] 요즘 뜨는 `금테크` 투자 해? 말어?,2019-08-08
금값,"뉴욕증시, 미국 금리·위안화 환율 움직임에 혼조 마감…다우, 0.09%↓",2019-08-08
금값,"[핫이슈] 청와대, 조국 교수를 법무장관 내정하는 개각 임박",2019-08-08
금값,무역전쟁에 국제유가는 하락하고 금값은 6년 만에 최고가,2019-08-08
금값,미국發 환율전쟁…대공황 탈출부터 중국 무역전쟁 도구까지,2019-08-09
금값,[Money & Riches] 그야말로 `황금시대`…金 지금 사도 될까요?,2019-08-16
금값,금값된 금펀드…3개월 수익률 20% 돌파,2019-08-16
금값,국제유가 사흘만에 반등…WTI 0.7%↑,2019-08-17
금값,[US REPORT] 對中 관세폭탄 한발 물러선 트럼프-美 성장률 둔화 조짐…추가 금리인하 임박,2019-08-19
금값,"[증권사 추천상품] 대신증권, 金선물 박스권서 변동땐 일정 수익",2019-08-20
금값,[안갯속 증시 투자전략] 불안한 증시 피난처? 금·부동산펀드 주목해보세요,2019-08-20
금값,리스크 잡는 ‘안전 재테크’,2019-08-23
금값,안전 재테크 | 은행 예적금-안정적으로 2~3%대 수익률 추구 금·은·비트코인 투자 피난처 각광,2019-08-23
금값,"[무엇이든 물어보세요, 매코미] 장단기 금리차 역전이 뭔가요? 경기침체 신호…‘케첩 버블’ 막을 정책 절실",2019-08-26
금값,"""트럼프 독주에 美불확실성 커져""…기축통화 달러지위 위협",2019-08-26
금값,트럼프 한마디에…요동치는 금융시장,2019-08-26
금값,"`김영철의 파워FM` 정현두 ""금값 30%↑, KRX금시장 구입 세금 無""",2019-08-29
금값,불안한 금융시장에서 주식처럼 사고파는 안전한 `KRX금시장` 급부상,2019-08-29
금값,"금 투자, 지금도 늦지 않았나요? 추가상승 기대되나 몰빵은 피해야",2019-08-29
금값,천연자원 해외펀드 전성시대,2019-09-08
금값,주식보다 채권·리츠에 관심둘만…안전자산은 달러 대신 金,2019-09-15
금값,주식은 배당주로 확실하게… 금은 가격 상승 여전히 기대-추석 이후 투자법,2019-09-18
금값,제로금리의 공습…예금해도 이자 못받는 시대,2019-09-30
금값,"고공행진하는 금값, KRX거래소 통하면 소액거래·절세 가능… 대안 찾아 은·니켈 등에도 투자수요 몰려",2019-10-01
금값,‘제2의 게놈’으로 각광받는 마이크로바이옴-당뇨·아토피·치매 치료제…해답은 ‘황금똥’,2019-10-07
금값,국제유가 `이란 유조선 폭발`에 강세…WTI 2.2%↑,2019-10-12
금값,[기고] 구명복은 좌석 밑에 있습니다,2019-10-23
금값,괴산절임배추 `가격 동결`.. 사전 예약 기간 선착순 할인까지,2019-10-23
금값,충남도 `새조개 대량 완전양식` 나선다,2019-10-28
금값,"`기생충` 장혜진, `동백꽃 필 무렵`서도 열연 ""CCTV? 영장 가져와""",2019-11-07
금값,"""불황때 더 빛나는 안전자산, 金·달러·엔화 ETF 관심을""",2019-11-07
금값,"[株머니 주요산업 증시기상도] 철강, 가격 하락에 `울상`…車, 전기차 기저효과 기대",2019-11-15
금값,"뉴욕증시, 미·중 1단계 무역 합의 막바지 단계 도달 기대감에 상승 마감…다우 0.80%↑",2019-11-16
금값,"뉴욕증시, 미중 무역협상 타결 기대 꺾이며 하락마감…다우 0.20%↓",2019-11-22
금값,美국채 천장 찍었나…3개월새 7% 손실,2019-11-26
금값,"2019 재테크 손익계산서| 대전지역 아파트 상승률 1위, 주식은 국내보다 해외펀드 강세",2019-11-28
금값,애물단지된 金펀드…석달새 수익률 9% `뚝`,2019-12-01
금값,[저자와의 대화] (7) 이하경 롯데손해보험 대체투자부문장| 국제 통화질서에 모순 쌓이며 달러화 위기 도래,2019-12-03
금값,[톡톡 이상품] 아시아종묘 / 미인풋고추,2019-12-03
금값,"‘맛남의 광장’, 장수 한우-사과 살리기에 나섰다 [M+TV인사이드]",2019-12-20
금값,코스피 1900 붕괴·바이오주 급락 등 올해 증시 10대 뉴스는,2019-12-25
금값,중동 리스크 최고조 국제유가·금값 급등,2020-01-03
금값,미국·이란 일촉즉발 위기에 ‘금값’ 올라…유가도 상승,2020-01-04
금값,`위험자산` 굳혔는데 이란 때문에…고민커진 투자자들,2020-01-05
금값,"잘나가던 세계 증시 `주춤`, 유가·金·채권 일제히 급등",2020-01-05
금값,중동불안 vs 삼성전자 실적…연초 증시 가른다,2020-01-05
금값,"중동發 유가·금값 급등…""사태 악화땐 세계증시 7~10% 하락""",2020-01-06
금값,금값 넘은 팔라듐…수익률도 신바람,2020-01-06
금값,"미중 무역갈등 봉합 가능성…""해외 위험자산 늘려볼만""",2020-01-06
금값,中부양책 훈풍 타고…원자재펀드 `훨훨`,2020-01-06
금값,"이란 ""핵동결 파기""…트럼프 ""압도적 반격""",2020-01-06
금값,금값 9거래일 연속 상승…중동 위기에 안잔자산 투자매력 ↑,2020-01-07
금값,"뉴욕증시, 중동 불안에도 반등…다우 0.24%↑",2020-01-07
금값,"""믿을 건 金·油""…미중 갈등 저무나 했더니 이란발 리스크에 연일 최고가",2020-01-07
금값,"중동발 지정학 리스크, 글로벌 금융시장 연일 강타",2020-01-07
금값,"매경이 전하는 세상의 지식(매-세-지, 1월 7일)",2020-01-07
금값,"이란 공격에 아시아증시 급등락…트럼프 ""괜찮다"" 트윗후 낙폭줄어",2020-01-08
금값,"뉴욕증시, 미국·이란 갈등 긴장에 하락 마감…다우 0.42%↓",2020-01-08
금값,"""군사력 대신"" 트럼프 말에 글로벌증시 일제히 올랐다",2020-01-09
금값,"코스피, 중동 불안감 완화에 1%대 급등…2180선 회복",2020-01-09
금값,중동 불안감 완화에 코스피 1%대 급등…하루 만에 낙폭 회복,2020-01-09
금값,국제유가 나흘째 약세…작년 7월 이후 최대 낙폭,2020-01-11
금값,국제유가 `미·이란 군사충동 우려`에 나흘째 약세…WTI 0.9%↓,2020-01-11
금값,뛰는 금값에 고려아연 `방긋`…사상 첫 年매출 7조원 도전,2020-01-19
금값,매경이코노미 선정 ‘담대한 예측’ 20選,2020-01-20
금값,"설 맞아 `금값`된 수입산 생강, 무, 삼겹살, 명태…대체할 메뉴는?",2020-01-22
금값,글로벌 실물 금융시장도 출렁,2020-01-24
금값,국제유가 `우한 폐렴`에 사흘째 급락세…WTI 2.5%↓,2020-01-25
금값,우한폐렴 공포 번지는 세계경제…日증시·국제유가 2%대 급락,2020-01-27
금값,中 우한폐렴 사망 100명 넘어…확진 4515명,2020-01-28
금값,우한폐렴에 금값 급등…마스크·제약株 훨훨,2020-01-28
금값,"시진핑 ""우한폐렴은 악마…반드시 승리""",2020-01-28
금값,국내 시총 54조 증발…불안한 외인 5200억 매도,2020-01-28
금값,"매경이 전하는 세상의 지식(매-세-지, 1월 28일)",2020-01-28
금값,"국제유가, 5주 연속 하락…WTI 1.2%↓",2020-02-08
금값,OPEC 추가감산 전망 속 국제유가 급등…WTI 2.5% 상승,2020-02-13
금값,"[Money & Riches] 고공행진 금값, 수익도 `반짝반짝`",2020-02-14
금값,"코로나에 금·팔라듐 웃고, 구리·원유 `울상`",2020-02-14
금값,금·팔라듐 `핫` 구리·원유 `헉`…코로나에 희비 엇갈린 원자재,2020-02-14
금값,[재테크풍향계] `위험자산 회피` 금값 치솟으며 부각하는 금테크,2020-02-19
금값,"치솟는 금값, 1600弗 돌파…7년만에 최고",2020-02-19
금값,코로나19 생존 재테크-金·달러·초분산 EMP로 ‘머니무브’ 脫중국 수혜 부품주·암호화폐 ‘들썩’,2020-02-21
금값,안전자산이라던 엔화의 `굴욕`…코로나 충격에 맥없이 추락,2020-02-21
금값,코스피·원화값 급락,2020-02-21
금값,확진·사망 늘수록 韓증시 뚝뚝…하루새 시가총액 64조 증발,2020-02-24
금값,코로나19 공포에 안전자산 선호심리↑…금가격 고공행진,2020-02-24
금값,伊 5%↓美 3.5%↓…세계증시 코로나 쇼크,2020-02-25
금값,"금, 달러 투자 수익률 쑥, 탈(脫)중국 부품주 눈길-코로나19에 뜨는 투자법",2020-02-27
금값,"골드만삭스 ""코로나19에 금값 1800달러에 달할 것""",2020-02-27
금값,[원포인트 투자 레슨] 원자재값 1분기 기점으로…금값 내리고 유가는 오를듯,2020-02-28
금값,"국제유가, 코로나19 공포확산에 또 하락…금값도 동반하락",2020-02-29
금값,"美 다우지수 연일 1000P 빠지자…파월, 이례적 등장 ""적절한 조치""",2020-03-01
금값,원자재를 읽으면 돈이 보인다 코로나19로 가격 요동… 정형화된 흐름 활용해야,2020-03-03
금값,초저금리 시대…다시 고개드는 `金테크`,2020-03-04
금값,"`궁금한 이야기 Y` 금값이 돼버린 마스크, 익명 채팅방의 비밀은?",2020-03-06
금값,[Money & Riches] 코로나 공포 증시 덮쳤지만…반등 노리는 알짜株 골라볼까,2020-03-06
금값,‘코로나19’ 마스크 브로커 “연봉을 하루에 벌 수 있으니까…”(궁금한 이야기 Y),2020-03-06
금값,유가 30% 대폭락…글로벌증시 `블랙먼데이`,2020-03-09
금값,"비트코인, 역배열(데드크로스) 전환 후 급락",2020-03-09
금값,코로나19 공포에 돈 몰리는 안전자산-MMF(머니마켓펀드)에 30조 뭉칫돈…金·달러 여전한 인기,2020-03-09
금값,안전자산에 몰리는 돈…금값 8년만에 1700弗 돌파,2020-03-09
금값,"[종합] ""2008년 이후 최대 폭락"" 뉴욕증시, 코로나19·유가공포에 다우 7.79%↓",2020-03-10
금값,비트코인 하루새 30% 폭락…한달만에 1184만→670만원,2020-03-13
금값,"""일단 현금확보가 우선""…채권·금도 팔아",2020-03-13
금값,"코스피, 금융위기때 `반토막`…코로나發 하락속도 더 빨라",2020-03-13
금값,[사설] 코로나 패닉 잠재울 압도적 대책 내놔라,2020-03-14
금값,"""팬데믹發 금융쇼크…안전자산 `금` 중장기 투자로 유효""",2020-03-17
금값,바이러스가 모든 것을 흔들었다,2020-03-17
금값,유가 결국 20달러대로…금값도 하락,2020-03-17
금값,안전자산 金마저…5일새 10% `뚝`,2020-03-17
금값,쏟아지는 증시 부양책…길게 보고 분할매수 전략 펼쳐야,2020-03-17
금값,[안전자산 투자] 주식 외에도 대안 많다…안전벨트 매고 달려라,2020-03-17
금값,Bacteria & Virus - 인류의 역사는 세균과 바이러스와의 전쟁이다,2020-03-19
금값,"전 세계가 달러만 찾는다…""Cash is king""",2020-03-19
금값,韓美 통화스왑 훈풍…주가·원화값 급반등,2020-03-20
금값,코로나 이후 경제·투자 패러다임 전환 예고한 세계 최대 헤지펀드 수장 레이 달리오,2020-03-21
금값,"국제유가, 또 급락…WTI·브렌트유 2주간 40% 떨어져",2020-03-21
금값,패닉 확산 막은 파월의 `무제한 양적완화`…美국채값·유가 반등,2020-03-24
금값,美 `2조달러 경기부양` 마침내 합의,2020-03-25
금값,글로벌 주식·원유·금값 동반 상승,2020-03-25
금값,금·원유값 바닥?…원자재펀드 1조 뭉칫돈,2020-03-26
금값,금값·유가 `뚝`…원자재펀드 눈길,2020-03-26
금값,"국제유가, 또 폭락…18년만에 최저치",2020-03-31
금값,불안을 먹고 큽니다… 악재 뚫고 주목받는 투자 피난처는 역시 달러,2020-04-02
금값,코로나19에 金 찾는 투자자들…수요 급증으로 연일 최고가,2020-04-08
금값,경제 위기·제로금리 시대에 돈 굴리는 방법,2020-04-08
금값,천장 뚫은 금값···사상 최고치 갈아치웠다,2020-04-12
금값,천장뚫린 금값…사상최고치 또 갈아치웠다,2020-04-12
금값,"""금, 무조건 바구니에 담아라""…투자 전문가 `만장일치 추천`",2020-04-13
금값,주식·채권·달러·금…철저히 분산해야 나중에 웃는다,2020-04-13
금값,[39금] 삼성전기·삼화콘텐서 MLCC 주목 / 동학개미운동 정체? / 코로나 RNA 지도 관련주 / IT종목 추천 / 유가 / 금값 / 최임화의 39금 증권방송 / 매일경제TV,2020-04-16
금값,천정부지 금값에도…내 금펀드는 왜 이러지,2020-04-19
금값,[종합] News Briefing,2020-04-20
금값,`꿩 대신 닭`? 비싸진 금 대신 은 담아볼까,2020-04-20
금값,뛰는 금 걷는 은…이젠 銀 담을 때?,2020-04-20
금값,`금테크` 고민? 수수료부터 따져야…홈쇼핑보다 KRX금시장 유리,2020-04-23
금값,미친 변동성엔 결국 金…KRX금시장 거래량 2배로,2020-04-27
금값,"레버리지 WTI원유 선물 ETN 초비상, 전모는? WTI 급락이 불러온 나비효과… 금값은 ‘펄펄’",2020-04-29
금값,"""미국인 죽더라도 경제재개""…트럼프 밀어붙이자 유가 20%↑",2020-05-06
금값,때아닌 인플레 걱정에…금·비트코인 `훨훨`,2020-05-11
금값,"""1700달러 돌파한 金, 길게 본다면 담아라""",2020-05-14
금값,"""美中갈등에 박스피 장기화…현금 늘려야""",2020-05-18
금값,[코로나 이후 투자 전략] Part Ⅲ ➋ 대체투자 | 금·美 국채·상장리츠 등 안전자산 부각,2020-05-26
금값,[코로나 이후 투자 전략] Part Ⅲ ➌ 달러화 자산 | 달러화 향후에도 상대적 강세 이어갈 듯,2020-05-26
금값,"`안전자산` 금 전성시대 회귀?…BoA ""내년 금값 3천弗 갈것""",2020-05-27
금값,[생생 재테크] 코로나 폭락장이 낳은 `주린이`…계좌개설땐 증권사혜택 꼭 체크,2020-05-27
금값,한은發 `마이너스 성장` 공포…채권·금값 오르고 주가·원화값 하락,2020-05-28
금값,"[신간] 포스트 코로나 시대, 재테크 긴급 진단",2020-06-03
금값,인플레 헤지에 `딱`…금·비트코인도 쓸어담는다,2020-06-07
금값,"국제유가, 감산 훈풍 지속에 상승 마감…WTI 1.7%↑",2020-06-11
금값,"국제유가, 코로나19 재확산 우려에 폭락…WTI 8.2%↓",2020-06-12
금값,코로나 재확산 우려…美증시·유가 충격,2020-06-12
금값,반복되는 급등패턴 (암호화폐),2020-06-17
금값,"골드만삭스 ""금값 1년내 2000弗 갈것""",2020-06-22
금값,"경남공지환126, 좋은 성분을 한알에 담아 출시",2020-06-23
금값,"`금값` 1등급 한우 40% 할인·랍스타 한 마리에 9900원 `폭탄 세일`…마트 3사, 하루 앞선 25일부터 `동행세일` 시작",2020-06-24
금값,큰손들 양도세 피하려면…달러·금 `분산투자` 고려할만,2020-06-25
금값,"""똥도 예술일 수 있다"" 대법원 선고 당일, 조영남 씨 책 출간",2020-06-25
금값,"치솟는 금값, 金 사야하나",2020-06-27
금값,"주식시장이냐 안전자산이냐, 유동성 장세 속 ‘위기 끝나지 않았다’ 분석 많아",2020-07-01
금값,[39금] 5G 시대 진정한 수혜주는?…금값 오른다? 주식시장은,2020-07-04
금값,"진짜 금값된 금, 국내 금값 사상 첫 7만원 찍었다",2020-07-14
금값,新골드러시 시대…금값 7만원 돌파,2020-07-14
금값,철광석값 상승 어디까지…올 28% 급등,2020-07-16
금값,석달 수익률 12% 金펀드 `금빛 질주`,2020-07-19
금값,"""나스닥, 지금 들어가도 될까요""…""美 대형 성장주 더 오를겁니다""",2020-07-20
금값,"銀 보기를 황금같이…은값, 6년만에 최고치",2020-07-22
금값,코로나發 골드러시 금값 1890弗로 껑충…사상 최고가 초읽기,2020-07-24
금값,"“역시, 믿을 건 ‘금’”…미·중 갈등 속 9년 만에 ‘사상 최고가’",2020-07-25
금값,팬데믹 골드러시…금값 2000달러 눈앞 최고가 행진,2020-07-26
금값,금값이 `금값` 됐네…2000달러 시대 눈앞,2020-07-26
금값,"금값 4일째 상승, 역대 최고가…1g당 7만7460원",2020-07-27
금값,"금값 연일 최고가 행진에도…시장선 ""더 간다""",2020-07-27
금값,"황금개미의 선택…稅혜택은 KRX금시장, 소액땐 골드뱅킹",2020-07-27
금값,트럼프 리스크에 신뢰 잃은 美…`달러패권` 흔들린다,2020-07-27
금값,"불확실성의 시대에 `금 캐기` 나선 개미들, 미국 금 채굴회사 주식까지 매수",2020-07-28
금값,금값 역대 최고가 경신…8만원 돌파,2020-07-28
금값,"""금 캐러간다"" 채굴업체 주가도 상승",2020-07-28
금값,"안전자산 金·銀, 실물지표 구리·철광석도…불안한 동반 급등",2020-07-28
금값,"""금값 2000弗 넘을것"" ""매도 쏟아지면 급락 가능성""",2020-07-28
금값,金·銀 가격 랠리 어디까지 이어질까?,2020-07-29
금값,연일 사상 최고가 경신에 금 목표가격 속속 조정,2020-07-29
금값,"황제株에만 3조 올인… 머니무브도 ‘플렉스’, 성장주·강남 아파트 몰려… 자산도 빈익빈 부익부",2020-07-29
금값,"골드만 ""골드만 믿는다""…금 목표가 2300달러로",2020-07-29
금값,"국제금값, 또 사상 최고가 행진",2020-07-30
금값,"코로나에 망가진 美성장엔진…파월 ""가능한 모든수단 동원""",2020-07-30
금값,"`천정부지` 국제금값, 이틀만에 다시 최고가 경신",2020-08-01
금값,金 온스당 2천弗 돌파…`골드러시` 더 간다,2020-08-02
금값,현대경제연구원 “금값 더 오를 수도…부정적 영향 최소화해야”,2020-08-02
금값,"NH투자증권, 유튜브 금 투자세미나 개최",2020-08-03
금값,금·은 가격 급등 ‘지금 들어가도 될까’ 金 2100달러(국제 금가격)까지 간다…銀 투자도 ‘유망’,2020-08-03
금값,"사상 처음으로 2000달러 돌파한 금…""3000달러도 간다""",2020-08-05
금값,최근 금이 더욱 빛나는 이유 - 8월 금융시장 브리프,2020-08-05
금값,`금=안전자산` 맞나…위태로운 고공행진,2020-08-05
금값,韓 금펀드 놔두고…美 금ETF 쓸어담는 개미들,2020-08-06
금값,`금괴` 쓸어담은 美 ETF…日중앙은행보다 더 가져,2020-08-06
금값,한국에도 금ETF 많은데…왜 미국 금ETF에 돈 몰릴까,2020-08-06
금값,"국제 금값, 5거래일 연속 사상 최고가",2020-08-07
금값,금 가격 뛰자 은도 껑충…지금 사도 될까,2020-08-10
금값,"국제금값, 미·중 갈등 부상에 다시 상승…0.6%↑",2020-08-11
금값,‘투수 20명 등판’ 기록적 혈투서 도드라진 ‘소방수’ 정우람의 가치 [MK시선],2020-08-12
금값,金 보다 귀한 목재…연일 최고가 경신에 이건산업 `함박웃음`,2020-08-12
금값,"금값 급락에 국내선 ""이참에 사자""",2020-08-12
금값,금값 너무 달렸나…닷새만에 2000달러 아래로 추락,2020-08-12
금값,금값 폭락…국내 거래량은 사상최대,2020-08-12
금값,"美국채 떠난 글로벌자금 ""위험자산 베팅""",2020-08-13
금값,금값 상승 이유 있다.,2020-08-13
금값,올해 급등한 금…2100달러까지 가나? 이제라도 금 투자? 은 투자도 눈길,2020-08-14
금값,기록적 폭우에 불티나게 팔린 겨울과일,2020-08-16
금값,투자 대가들의 톱픽은 금·기술주,2020-08-19
금값,"한국금거래소, 금값 상승·거래량 증가로 상반기 어닝서프라이즈",2020-08-20
금값,[Money & Riches] 버핏도 달리오도 뛰어들었다…`인플레 파이터` 金의 귀환,2020-08-21
금값,"[원자재] ""金, 2200달러까지 간다""…환금성 좋은 국내외 ETF에 투자를",2020-08-24
금값,"[포스트코로나 주식투자] 업종별 주가 들썩들썩…달리는 말에 계속 탈까, 쉬었던 말로 갈아탈까",2020-08-24
금값,"주식 강세장 속 안전자산도 동반 상승, 이미 많이 오른 금·은 투자 어떻게 할까",2020-08-27
금값,"中 건설은행, 테스트용 디지털 위안화 월렛 출시 外",2020-08-31
금값,투자성적 金메달 따고 싶다면…지금 당장 金투자 공부하세요,2020-09-02
금값,"[2020 서울머니쇼] 투자 고수들의 조언…""재테크를 리셋하라""",2020-09-02
금값,"""글로벌기업 3분기엔 실적 회복…단기 조정땐 추가매수""",2020-09-03
금값,"[2020 서울 머니쇼] ""일본 제외한 아시아 증시 상승 가능성""",2020-09-03
금값,"""금값, 2200달러 돌파도 가능하다""",2020-09-04
금값,금쪽같은 내 시간? 이제는 `금`을 활용할 때!,2020-09-07
금값,[영&리치] 금쪽같은 내 시간? 이제는 `금`을 활용할 때!,2020-09-08
금값,`나스닥 고래` 손정의發 충격파…과열 美증시에 `조정의 그림자`,2020-09-09
금값,美증시 폭락 예견됐나…유동성장 종료 신호 있었다,2020-09-09
금값,[영&리치] 역시 믿을건 금? 금테크 가즈아~,2020-09-13
금값,"""달러가 최고""…돈 다시 안전자산으로",2020-09-24
금값,안전자산에 쏠리는 투자자들…P2P·비트코인은 `No`,2020-09-27
금값,추석 휴장기간 해외 증시선 무슨 일이...트럼프 확진소식에 증시 출렁,2020-10-04
금값,지지부진한 금펀드…다시 빛 볼까,2020-10-11
금값,[Science in Biz] 아이언맨 심장 뛰게한 `팔라듐`…이젠 지구를 살린다,2020-10-15
금값,원자재펀드 희비…농산물 `맑음` 원유 `먹구름`,2020-10-18
금값,`닥터 코퍼`의 귀환…中경제 되살아나자 가격 뜀박질,2020-10-21
금값,금값 상승세 잦아들자 보석株 다시 `반짝반짝`,2020-10-25
금값,"3000달러 간다던 금값…레피니티브 ""내년엔 1900달러 밑"" 티파니·제이에스티나 주가는 올라",2020-10-25
금값,"""오를 때 팔자"" 각국 중앙은행의 금 `고점 매도`…10년만에 첫 순매도세",2020-10-30
금값,최근 한달간 비트코인 28% 급등,2020-11-02
금값,박빙 美대선에 원자재 꿈틀…투자 타이밍 잡기 눈치게임,2020-11-03
금값,코로나19 시대에 대세로 떠오른 재테크 트렌드 3,2020-11-03
금값,"""바이든 기업규제, 상원이 막을것""…美 화끈한 `대선랠리` 기대감",2020-11-06
금값,달러 지고 신흥국펀드 뜨고…재테크 판 바뀐다,2020-11-06
금값,"금괴추적, 고가 슈퍼카 위치분석…""고액탈세자 잡아라"" 국세청 특명",2020-11-15
금값,"모건스탠리 ""달러 팔아 주식 사라…내년 금값↓·S&P500 더 오른다""",2020-11-17
금값,[클릭! 해외증시 이 종목] 버핏도 담은 `배릭골드` 3분기 매출 32% 급증,2020-11-17
금값,"JP모건 애널리스트 ""투자자, 인플레이션 헤지 수단으로 금 대신 BTC 선택 증가"" 外",2020-11-20
금값,"`금보다 코인` 김치코인 별명 얻었던 비트코인…월가 재평가에 전문가 ""내년 6만달러 갈것""",2020-11-22
금값,[포토] 하락하는 금값,2020-11-25
금값,국제유가 3월이후 최고…금값은 4개월만에 최저,2020-11-25
금값,[Editor`s Letter] 팬데믹에도 빛난 CEO들,2020-11-27
금값,"`경기회복 기대감` 국제 금값, 온스당 1800달러선 붕괴...7월초 이후 최저",2020-11-28
금값,안전자산 대명사 금·달러 지금 투자?,2020-11-30
금값,"2020 재테크 성적표 | 초고가 기록 갈아치운 주식·부동산, 내년에도 유동성 장세 이어질까?",2020-12-01
금값,금값 1700달러대 주춤…이젠 `金 줍줍` 타이밍?,2020-12-02
금값,"떨어지는 금값…증권가에서는 ""그래도 금 비중 확대""",2020-12-02
금값,거시경제서 버블 징후 찾는 법-유동성 확대에도 실물경제는 무덤덤 ‘질 나쁜’ 대출 증가…최고의 경계 신호,2020-12-18
금값,[Mobile World] 코로나 위기 뚫고 더 강해진 기업들,2020-12-23
금값,"""자산의 10%는 금을 보유하세요…언제나 옳습니다""",2020-12-25
금값,"다시 돌아온 ‘가즈아’ 비트코인 열풍, 2021년 가격 상승 기대된다지만…",2021-01-05
금값,새해 서학개미 투자 기대되는 ETF 총정리 ‘월천대사의 꿈’ 美 증시 고배당 상장지수펀드로?,2021-01-05
금값,"""증시 변동성 확대 가능성…연초 수익실현 후 조정場 노려볼 만""",2021-01-06
금값,자산시장 폭발…월街 경고한 인플레 진짜 올까,2021-01-11
금값,"`볼빨간 신선놀음` 서장훈 ""4MC 입맛 충족시 순금 3돈 금도끼 드릴 것""",2021-01-14
금값,"`볼빨간 신선놀음` 서장훈X김종국X성시경X하하, 새로운 `쿡방` 먹힐까?(종합)",2021-01-14
금값,"[자이앤트레터] 월가 억만장자의 경고 ""현 상승장은 미래의 행복 끌어다 쓴 것""",2021-01-21
금값,"""로듐 가격 폭발, 원인은 수요와 공급의 화학 반응""",2021-01-22
금값,"`컬투쇼` 홍석천, 4억 손해에도 복귀 꿈꾸는 `천생 이태원 황태자`(종합)",2021-01-22
금값,마스크 마스크 마스크…코로나 1년 당신이 영웅입니다 [+사진],2021-01-23
금값,"""부르는게 값?"" 빌라 묻지마 투자땐 `물딱지` 맞는다",2021-01-28
금값,"""반도체·車·철강·화학株 주목하라""…전문가 증시 전망",2021-02-01
금값,미국개미 `銀사재기`에도 국내 관련주는 미적지근,2021-02-02
금값,"`에그`머니나 금값된 계란…""졸지에 고급 음식 반열에 올랐다""",2021-02-03
금값,[BOOK] 신 대공황 | 포스트 코로나…부의 흐름이 바뀐다,2021-02-04
금값,`100만원↑` 중고 오토바이 배달폭증에 금값…최고 인기모델은,2021-02-04
금값,"[Big Picture] ""돈 풀 줄만 알지 관리할 줄 몰라""…神이 내준 숙제 외면한 죄",2021-02-11
금값,상처투성이 세상에서 나를 지키는 단단한 마음 만들기,2021-02-15
금값,투자의 귀재 버핏 베팅한 그 종목은?,2021-02-17
금값,[포토] 금값된 농산물,2021-02-19
금값,비트코인 정말 1억원 갈까? [김세형 칼럼],2021-02-23
금값,산유국 증산폭 줄이니…유가 4.2% `껑충`,2021-03-05
금값,`돈 공장` 한국조폐공사도 비상경영체제 돌입,2021-03-08
금값,[클릭! 해외증시 이 종목] 金채굴 세계 1위 뉴몬트마이닝,2021-03-09
금값,"""집값도 폭등, 밥값도 급등"" 엥겔지수 20년만에 최고",2021-03-09
금값,원자재 슈퍼사이클 시작됐나...구리·원유·옥수수·커피 다 오른다,2021-03-11
금값,"약세 보이는 금…""실질금리 향방에 달렸다""",2021-03-12
금값,"""우리도 1억 드릴테니 입사 좀""…연봉인상 경쟁에 스타트업 비상",2021-03-22
금값,‘대세 김치’ 급부상한 파김치…마켓컬리 판매량 증가 1위,2021-03-23
금값,"""금값된 계란, 사기로 11억원 잃었어요""",2021-03-25
금값,다시 도는 美 경제 엔진…제조업 살아나고 고용도 회복,2021-04-02
금값,"한그릇 6만4천원 애플망고빙수, 1시간 줄서서 먹는다",2021-05-08
금값,초장기 제로금리·인플레이션…이젠 원자재 투자에 눈 돌릴 때,2021-05-12
금값,"""레이 달리오처럼…자산 8%는 金에 담아라""",2021-05-14
금값,원자재ETF에 투자했더니…美대형주 수익률의 두배,2021-05-17
금값,급등하는 금값에 거액 자산가들 남몰래 마포 간다,2021-05-19
금값,비트코인 폭락에…다시 金에 주목하는 월가,2021-05-19
금값,"조폐공사 찾는 부자들 ""金 사러 왔어요""",2021-05-19
금값,`장롱 속 돌반지 다시 빛보나` 인플레 타고 금 다시 조명,2021-05-20
금값,`100만원으로 금 투자 시작해 볼까` 가장 싼 곳은 어디?,2021-05-23
금값,금 코인 골드바…편의점서 金 잘 팔리는 까닭,2021-05-24
금값,"이미 반토막 났는데…""비트코인 아직 바닥 아니다""",2021-05-26
금값,"다시 오른 비트코인, 4800만원대 형성…이더리움 8%대 급등",2021-05-26
금값,인플레이션 시대 든든한 투자처 ‘금 통장’…구리 펀드는 어때요?,2021-06-02
금값,물가 오르자 金 펀드 빛나네…주식형보다 수익률 높아,2021-06-03
금값,"""코인보다 낫다""…전세계 큰손들 다시 금에 몰린다",2021-06-08
금값,인플레이션 본격화하나,2021-06-10
금값,사과·배까지 금값 되나…병해충까지 전국 확산 비상,2021-06-15
금값,2천원권 안쓰는 이유 아세요? 인터넷선 만오천원에 팔린답니다,2021-06-21
금값,"골드바 판매량 1년새 2배, 신탁도 껑충",2021-07-06
금값,안전자산 선호에 美국채·금 `꿈틀`,2021-07-09
금값,"""손대는 순간 패가망신 지름길?""...네 마녀의 날 알아야 급등락을 이해합니다 [투자썰록]",2021-07-10
금값,“불안하게 코인 왜 해요” 30대 영리치 거액 투자 몰렸다,2021-07-16
금값,"[보험 200% 활용법] 불확실성의 시대, 金보다 확실한 안전자산은 보험",2021-07-16
금값,변이 확산에 재봉쇄 공포…전세계 금융시장 `출렁`,2021-07-20
금값,델타변이 주식 원자재 코인 다 때렸다…금 가격도 떨어졌다,2021-07-20
금값,평창 금메달은 63만원이였는데…도쿄 금메달은 얼마일까,2021-07-30
금값,"신지 ""코요태 신곡, 전현무가 추천한 ‘바다새’ 리메이크”(‘TMI NEWS’)",2021-08-05
금값,"손흥민, 단독 모델료 1위…한 해 156억",2021-08-05
금값,"방탄소년단, 1년 광고료만 620억…몸값이 금값",2021-08-05
금값,`광고수입 156억` 손흥민...父 내건 특별한 촬영 조건은?,2021-08-05
금값,"美기술기업조차 ""코인보다 금""…팰런티어, 금괴 595억어치 샀다",2021-08-18
금값,"美연준, 수도꼭지 곧 잠근다는데…왜 긴축발작 없었나",2021-08-28
금값,비트코인 ETF 승인…‘10만달러설’ 현실로?,2021-10-26
금값,"Local Mania | 도산공원, 강남 한복판 민족의 선각자",2021-10-28
금값,"""한 건당 10만원 줄게""…`꿀 알바` 덫에 걸린 1020, ATM 서성이다 쇠고랑 찼다",2021-11-05
금값,"""주춤한 코스피 대신 금 투자해볼까""…석달 새 코스피 9%↓ 금값 9%↑",2021-11-12
금값,"""뽑을 사람이 없어서""…금값된 배춧값",2021-11-16
금값,인플레 불안에…金 5개월만에 최고가,2021-11-16
금값,인플레 우려에 金 인기…5개월만에 최고가,2021-11-16
금값,"""금 거래 매매 차익 비과세 혜택 정말이야?"" 이곳으로 몰려간다",2021-11-17
금값,"""김장은 원래 베풂과 나눔""…하이트진로, 복지기관에 김치 1만5000kg 전달",2021-11-22
금값,"""이러다 다시 국경봉쇄""…항공 여행주 급락에 아시아 증시 휘청",2021-11-26
금값,수퍼 변이 `누` 등장…아시아 증시 와르르,2021-11-26
금값,"""자산가들, 변이 불안 직감했나""…개인용 금고 시장 호황",2021-12-05
금값,인도 때 아닌 `웨딩 러시`…金 수입도 6년만에 최고,2021-12-16
금값,"ECB, 美·英과 다른길…""내년 금리인상 계획없다""",2021-12-17
금값,"""오후 2시에서야 첫 손님, 금 팔러 오는 사람들 뿐""…연말 더 침울한 종로 귀금속 거리 [르포]",2021-12-22
금값,‘컬투쇼’ 지소울 “골든에서 다시 활동명 바꾼 이유? 다들 ‘지소울’로 불러서”,2021-12-23
금값,코인에 밀리고 달러에 차여 금값 `뚝`…황금시대 저무나,2021-12-31
금값,코인에 밀리고 달러에 차여 금값 `뚝`…황금시대 저무나,2022-01-01
금값,한국 미국 일본 증시 동반 급락…금값은 껑충,2022-01-06
금값,‘금값’ 된 겨울딸기…각광받는 편의점 딸기 상품,2022-01-07
금값,"인플레에 놀란 가슴, 金으로 달랜다…현물자산 동반 강세",2022-01-20
금값,우크라이나 긴장 고조에 ‘금값’도 폭등…1년 4개월 만에 사상 최고,2022-02-15
금값,"우크라 전쟁 우려에 엇갈린 금·비트코인 가격...로이터 ""비트코인, 완전한 금 아니다""",2022-02-18
금값,"개미 잠 못 들때, 당신만은 룰루랄라…이것 투자했군요",2022-02-18
금값,"""주식에서 돈 빼자""…우크라 위기에 안전자산으로 `쩐의 이동`",2022-02-18
금값,"매경이 전하는 세상의 지식(메-세-지, 2월19일)",2022-02-18
금값,금값 고공행진 언제까지?…키움證 “당분간 상승세…2분기에나 하락 전환”,2022-02-21
금값,"""불안하게 코인 왜 해요""…2030 계좌 `러시` 다시 찾는 금테크",2022-02-23
금값,우크라 사태로 금값 급등...아이티센·엘컴텍 등 `금관련株`도 일제히 강세,2022-02-24
금값,"아시아 글로벌 금융시장 휘청…코스피·코스닥2%↓ [러, 우크라 침공]",2022-02-24
금값,"`디지털 금`이라더니…비트코인, 금값 치솟는데 급락 [러, 우크라 침공]",2022-02-24
금값,한국금거래소 덕에 아이티센 흑자전환…금값 따라 주가는 널뛰기,2022-02-25
금값,러시아-우크라 전쟁에 출렁이는 증시..그래도 오를 종목은 오른다,2022-02-27
금값,미 야간선물 2%대 하락…아시아 증시는 보합권,2022-02-28
금값,"""원전 주력"" 한마디에 두산중공업 10%↑ 마감…코스피, 2690선 회복",2022-02-28
금값,"""여보 금 거래 계좌 만들어야 겠어요""…우크라 사태에 금값 `반짝`",2022-03-01
금값,"우크라 침공에 국제유가 재급등…WTI, 8% 올라 100달러 돌파",2022-03-02
금값,"""갑작스런 전쟁에 금값 치솟았는데…지금 사면 물릴 수 있습니다"" [은행PB 긴급 설문]",2022-03-02
금값,[재테크 빙하기 내 자산 불리는 필살기] 지정학 위기·인플레·금리 인상 3중고… 투자자들 안전자산으로 ‘逆 머니무브’,2022-03-04
금값,[재테크 빙하기 내 자산 불리는 필살기] PartⅠ 금융 안전자산 ➊ 달러·금 | “당분간 쌓아두자”… 가격 강세 이어질 듯,2022-03-04
금값,"푸틴의 우크라 침공, 美 금리 인상…‘살얼음 장세’서 살아남는 법",2022-03-04
금값,"""여보 우리 돌반지 몇개야""…금값 상승에 몰려간 곳 어디길래",2022-03-06
금값,우크라 사태에 ‘진짜 금값’된 금값…투자는 어떻게?,2022-03-06
금값,우크라사태 장기화에…금값 2000달러 육박,2022-03-06
금값,전쟁이 부른 원자재 폭등…유가·금·곡물까지 공포의 ‘슈퍼 스파이크’,2022-03-06
금값,[포토] 금값 역대최고치 가나,2022-03-07
금값,"""역시 믿을건 금뿐인가""…1년 6개월 만에 온스당 2000달러 돌파",2022-03-07
금값,"삼성전자, 4개월만에 `6만전자`…시총 상위 10개 종목 줄줄이 하락세",2022-03-07
금값,"뉴욕증시, 우크라 사태·인플레 공포에 급락...나스닥 3.62%↓",2022-03-08
금값,국제 유가 급등에 코스피 사흘째 급락…2620선 후퇴,2022-03-08
금값,"뉴욕증시, 유가 폭락에 일제히 반등...나스닥 3.59%↑",2022-03-10
금값,금값된 계란…일주일간 계란 전품목 30% 싸게 판다는 이마트,2022-03-10
금값,"뉴욕증시, 물가·우크라 사태 협상 결렬에 하락…나스닥 0.95%↓",2022-03-11
금값,"급등락 ‘金’ 지금 투자해도 될까…급변하는 국제 정세는 호재, 변수는 금리",2022-03-11
금값,에너지(F)·우주항공(A)·식량(A)·원자력(N)·금(G)…올해 이끌 주도주로 ‘New FAANG’ 등장,2022-03-16
금값,"뉴욕증시, 국제유가 급등에 하락 마감…나스닥 1.32% ↓",2022-03-24
금값,꿀값이 금값 되겠네…원인 모를 꿀벌 실종 사태에 농가 시름,2022-03-24
금값,"불안한 정세에 돈 몰리는 안전자산...믿을 건 역시 달러, 금도 ‘금값’ 돼",2022-03-25
금값,"뉴욕증시, 지정학적 위기·긴축 우려에 혼조 마감…S&P500 0.51% ↑",2022-03-26
금값,"""매달 1~2개씩 산다""…중국 젊은이들이 푹 빠진 `황금콩`의 정체",2022-03-29
금값,"""이만한 안전자산 없네""…푸틴, 서방 제재에 `금`으로 버텨",2022-03-30
금값,"뉴욕증시, 러·우크라 평화 협상 기대에 상승…나스닥 1.84%↑",2022-03-30
금값,쥐똥금·황금콩...안전자산 노리는 MZ세대용 `金테크` 각광,2022-03-31
금값,"고된 산티아고 순례길, 이 음식 때문에라도 걸어봐야 한다 [워크 투 스페인]",2022-03-31
금값,최고가 다가서는 금값…금펀드 수익률도 `반짝`,2022-04-15
금값,[Consumer Journal] 담을까 말까 망설여졌던 장보기 달인 고민 덜겠네,2022-04-27
금값,"`나 혼자 산다` 키, 파테크 이어 명이테크…비닐하우스까지 준비",2022-04-29
금값,"월가 ""이 속도론 물가 못잡아""…다시 고개 든 자이언트스텝",2022-05-06
금값,빅스텝 시기엔 B2B가 답…석유시추·광섬유·첨단소재株 담아라 [매경 월가월부],2022-05-08
금값,"""빅스텝·전쟁 이기는 투자는…에너지·금융株 담아라""",2022-05-12
금값,`물가상승 피난처` 금…자산 8% 이상 넣어 위험 대비하라 [WEALTH],2022-05-13
금값,공기업 채권·실적 좋은 배당주…안전자산 피난처로 ‘딱’,2022-05-27
금값,"""금투자로 위험 분산하고, 고정금리 대출 갈아타라""",2022-05-31
금값,"실질금리 마이너스 시대…金투자하려는데, 어떤 방법이 좋을까",2022-06-08
금값,"""인플레, 드루와""…힘붙는 달러·금 ETF",2022-06-13
금값,엔데믹 시대…‘라이더’ 인기 쑥쑥 빠진다,2022-06-17
금값,고교 야구 `포수 풍년` 가장 마음 급한 팀은 롯데?,2022-06-29
금값,`고교 야구 포수 지각 변동` 어느 팀이 가장 타격 받을까,2022-07-05
금값,경기 침체 우려 엄습…고공행진하던 국제 유가 8~10% 급락,2022-07-06
금값,"`고교 야구 원 탑`이 된 포수, 어느 팀이 데려가나 벌써부터 시끌",2022-07-06
금값,롯데가 투수 패스하고 고교 야구 NO.1 포수 뽑는다고? 그게 가능해?,2022-07-13
금값,야경 보면서 한잔... 서울 호텔 칵테일 바 4곳,2022-07-18
금값,인플레에 강하다더니…넉달연속 떨어진 금값,2022-07-25
금값,"`슈링크플레이션` 덮친 식당가…""단골집도 계란찜 안줘요""",2022-08-07
금값,"고교 야구 NO,1 포수, 롯데는 1라운드에 지명할까 지나칠까",2022-08-18
금값,고교 야구 NO1.포수가 우타 거포? 이 또한 좋지 아니한가,2022-08-19
금값,KRX금현물ETF 반등세…한달새 5% 가까이 올라,2022-08-23
금값,발빠르게 금 사들인 자산가들…최근 수익률 주식보다 낫네 [WEALTH],2022-08-26
금값,금값에 품귀 현상마저…김장족 위해 절임배추 반값에 판다,2022-09-26
금값,편의점에서 금 산다…GS25·GS더프레시 5곳에 금 자판기 도입,2022-09-27
금값,"""그때 들어갈 걸""…달러 꼭지인줄 알았는데 매번 아니었다",2022-09-29
금값,젊은 포수의 성장세가 저조하다? 포수 출신 명장은 답을 내렸다,2022-09-30
금값,[‘고금리·고환율·고물가’ 3高 시대 투자법] 맥 못추는 금 비트코인…상승 모멘텀 안보여,2022-09-30
금값,"""은금보화로 불러야겠네""…은 수익률 금보다 더 높은 이유",2022-10-09
금값,"쌀빵, 쌀 공급과잉 해결사로 뜬다",2022-10-10
금값,달러에 밀려도 다시 `금값` 될 날 온다…10%는 담아두라는데,2022-10-14
금값,金 모으기 나선 각국 중앙은행…3분기 400t 매입하며 67년 이후 최대,2022-11-02
금값,일본은 왜 금리 못 올리는지 … 심층 경제분석 더 실었으면,2022-11-06
금값,최후의 안전자산 드디어 뜰까...금펀드 이제는 오를까,2022-11-09
금값,경기침체 깊어질 때 … 금의 가치 더 '반짝' [허서윤 기자의 틴재테크 첫걸음],2022-11-10
금값,"""킹달러 끝이 보인다"" … 안전자산 金 꿈틀대네",2022-11-17
금값,킹달러에 자존심 구긴 금…“내년은 골드러시의 해”,2022-11-17
금값,환투자 ‘킹달러’ 매력 여전하지만…대안 원한다면 여기에 [WEALTH],2022-11-18
금값,달러도 맛보고 주식도 맛보고 '자산 코스요리' 골고루 드세요,2022-11-18
금값,"역대 4번째 150억원대, 김광현 넘어 역대 최고 대우로 친정 복귀…FA 총액 277억원",2022-11-22
금값,롯데 포수 걱정 한 번에 지운 남자 유강남 “가을야구라는 행복 드리고 싶다” [MK인터뷰],2022-11-24
금값,킹달러 지고 金 뜬다 … 수익률 한달새 7%,2022-12-12
금값,킹달러 속도조절에 어깨펴는 金…수익률 한달새 7%,2022-12-12
금값,금값 뛰니 은값도 덩달아 ‘쑥’…“銀 ETF에 눈길 가네”,2022-12-19
금값,"""美달러 의존도 낮추자"" 중앙은행들 金 사재기",2022-12-30
금값,“달러가 왕 아니다”…돌변한 중앙은행들 金 사재기,2022-12-30
금값,'침체 오면 금은이 최고' 3개월새 20% 수익,2023-01-03
금값,돌아온 안전자산 金 …'R의 공포' 타고 반년새 최고,2023-01-04
금값,금값 6개월 만에 최고치 찍었다는데…“ETF 투자해볼까”,2023-01-09
금값,2023년 금이 돌아온다… 강달러에 맥 못 추다 안전자산 선호에 ‘반짝’,2023-01-10
금값,‘킹달러’ 숨죽이자 난리 난 金···금값 강세 비밀은,2023-01-13
금값,'금값'된 금,2023-01-25
금값,경기 힘들자…국제 금값 거침없이 오른다,2023-01-27
금값,올해 경제 어떻게 될까··· 전문가에게 물어봤더니,2023-01-27
금값,거침없는 금값 최고가 진격중,2023-01-27
금값,“요즘 금값 뛰는거 아시죠? 고수익 보장합니다”…속지 마세요,2023-01-31
금값,“아직도 金 안샀니?”…금값 고공행진에도 ‘강세’ 전망,2023-02-02
금값,세계 경기회복 타고 은값 석달새 24% 쑥,2023-02-03
금값,“부자 아빠도 별 수 없네”....투자 추천 2주만에 금값 폭락,2023-02-16
금값,금 투자했다 세금·수수료에 놀랐다고?…그렇다면 여기서 사세요 [신화!머니?],2023-02-17
금값,“제주 가려다 포기했어요”…줄어든 관광객에도 ‘금값’된 항공권,2023-02-26
금값,‘투잡’ 체코 마운드에 ‘금값’ 한국 타자들 고개 숙여…‘도쿄 대참사’ 당연했다 [WBC],2023-03-12
금값,금값 난방비 잡으니 매출 2배씩 성장…삼성·LG 히트펌프 드라이브,2023-03-13
금값,"""너도나도 美국채 사자""… 2년물 금리 36년來 최대 하락",2023-03-14
금값,"“급한 불 끄자”...30% 넘게 폭락한 CS, 70조원 빌린다",2023-03-16
금값,금융불안 실물확산 우려 … 유가 70弗 붕괴,2023-03-16
금값,결혼 예물 어쩌라고…치솟는 금값에 예비부부들 허탈,2023-03-21
금값,안전자산으로 돈몰려 금값 한때 2천弗 돌파,2023-03-21
금값,"“물값이 금값”…수도요금, 17년 만에 최대폭 상승",2023-03-22
금값,"엘컴텍, 금값 사상 최고치 돌파 전망에 강세 [오늘, 이 종목]",2023-03-23
금값,“쓰레기 구합니다”…금값 됐다는 이것의 정체는,2023-03-26
금값,친환경 아웃도어 인기에 폐페트병 '금값',2023-03-26
금값,美고용 꺾이자 'R의 공포' … 금값 사상 최고치 눈앞,2023-04-06
금값,“땅 파면 돈이 된다”...주변에 널려있는데 금값이라는 이것 [Books],2023-04-07
금값,초유의 美 전직대통령 기소…트럼프가 미국경제에 미치는 영향 [추적자 추기자],2023-04-08
금값,“진짜 침체 오나”...난리 난 金값,2023-04-09
금값,일주일만에 25억어치 팔렸다…사람들 몰려갔다는 이것,2023-04-09
금값,"'금값'된 골드바, 일주일새 25억 팔려",2023-04-09
금값,부활절 달걀 말고 ‘이것’ 떴다…美계란 ‘금값’ 1년새 2배 치솟아,2023-04-10
금값,버냉키도 모른다는 금값···사상 최고가 찍은 지금 투자해도 될까요? [매일 돈이 보이는 습관 M+],2023-04-13
금값,내 돈 불리고 지키는 꿀팁 … 머니쇼가 알려드려요,2023-04-14
금값,"적신호 셋 중 둘 켜졌다, 진짜 침체 오나…美 소비·고용 둔화에 힘 잃는 낙관론",2023-04-14
금값,사상 최고치 근접한 금값... 월가 “더 오를 수도”,2023-04-17
금값,“오죽하면 스마트폰 맡기고 15만원 빌릴까”…급전 수요 몰려간 이 곳,2023-04-18
금값,"이따위에 27억 쓰다니…‘세금낭비’ 욕먹던 황금박쥐, 137억 돈벼락",2023-04-19
금값,개미 ‘빚’으로 쌓은 ‘바벨탑’ 버틸 수 있을까 [‘나 홀로 상승’ 코스닥 아슬아슬 외줄 타기],2023-04-21
금값,희소성은 ‘금’·거래 방식은 ‘주식’ 닮아 [‘안전한 위험자산’ 비트코인],2023-05-04
금값,美경제 경착륙 공포 국제유가 70弗 붕괴,2023-05-04
금값,"中 ""믿을건 金뿐""… G2갈등 속 반년간 쓸어담았다",2023-05-08
금값,“보험 들어놔야겠다”...불안한 중국이 사재기 나선 이것은,2023-05-08
금값,"사상 최고치 경신한 금값, 美 연준 금리 인상 중단 뒤엔 대부분 떨어졌다",2023-05-09
금값,"""고물가·고금리 상당기간 지속 … 철저한 분산투자해야""",2023-05-11
금값,매니저의 HOT종목,2023-05-11
금값,워싱턴 블루스 “오늘 밤 다시 갈게” 美 부채 협상 밀당…파월 금리동결 시사에도 뉴욕증시 하락 [월가월부],2023-05-20
금값,"33년만에 … 한은, 영란은행 보관 金 104t 첫 실사",2023-06-06
금값,영란은행이 33년간 우리 금괴를?…맡겨둔 104t 처음 확인했다,2023-06-07
금값,"""금이 안전하지"" … 이런 명성 계속 유지할까 [최병일 박사의 말랑말랑 경제학]",2023-06-08
금값,[손현덕칼럼] 老兵 이창건,2023-06-27
금값,“중국 수요 살아난다” 기대감…WTI 3개월만에 80달러 돌파,2023-07-28
금값,"대형 호재에도…지지부진 코인 시장, 왜? [코린이를 위한 암호화폐 설명서] (30)",2023-08-04
금값,광어 6800마리가 물에 둥둥…폭염에 생선까지 금값 될라,2023-08-07
금값,"‘특종세상’ 고태산, 수십억 사업가→일용직 근로자가 된 사연 [MK★TV이슈]",2023-08-24
금값,1억짜리 위스키도 나왔다 … 편의점 추석선물 열전,2023-08-29
금값,억대 위스키부터 BMW까지 … 편의점 추석선물 열전,2023-08-29
금값,금 17조원어치 거래했는데 세금은 고작 2천억···다 어디갔지?,2023-10-02
금값,“몸값 5배 껑충 뛰었다”…128.8억 함평 황금박쥐상 둥지 옮긴다,2023-10-09
금값,"추락하던 금값, 다시 날개 다나",2023-10-10
금값,"고조되는 이-팔 전쟁 우려, 코인은 정말 위기에 강한가? 🤯[엠블록레터]",2023-10-11
금값,"“배추·소금 너무 비싸, 김치 못 담가”…포장김치 판매 늘었다",2023-10-12
금값,위기에 강했던 비트코인 … 중동 불안 반사효과 보나,2023-10-12
금값,이스라엘-하마스 전쟁으로 금값 6% 넘게 올라,2023-10-20
금값,다시 불붙은 ‘중동 화약고’···금 ETF ‘반짝’,2023-10-21
금값,"이스라엘, 가자 '전면침공' 준비 …'미국·이란 대리전' 조짐도",2023-10-22
금값,‘두 개의 전쟁’에 계속 오른다...5개월만에 2000달러 찍고 “금값됐네”,2023-10-22
금값,"이스라엘 ""가자지구 지상전 불가피""… 美, 사드 배치해 이란 견제",2023-10-22
금값,"""두개의 전쟁에 美대선까지 겹쳐 10년물 6% 불가능한 숫자 아냐""",2023-10-24
금값,“6%대 금리도 가능”…고금리 넘어 ‘초고금리’ 오나,2023-10-25
금값,“장 안 좋아서 뭐 사야할지 모르겠어요”…불확실성엔 역시 ‘이것’,2023-10-30
금값,금값 온스당 2천弗 돌파 세계 경제 '중동발 쇼크',2023-10-30
금값,“아기 돌반지까지 전쟁 후폭풍 맞았다”…금값 치솟았다는데,2023-10-30
금값,"매경이 전하는 세상의 지식(매-세-지, 10월 31일)",2023-10-31
금값,10월 수출 13개월 만에 플러스 전환…반도체 기대감에 코스피 상승 마감 [이종화의 장보GO],2023-11-01
금값,"아이언맨 심장 뛰게 한 ‘이것’…가격 65% 대폭락, 이유 뭐길래",2023-11-09
금값,‘범죄와의 전쟁’에 군인 3300명 투입…불법 채굴에 뿔란 남아공,2023-11-09
금값,"""전기차 질주에 내연차 찬밥"" 상승 날개 꺾인 원료 팔라듐",2023-11-09
금값,"‘한 돈’ 돌반지 40만원 웃돌아…가계 팍팍한데, 내다 팔아?",2023-11-18
금값,금값 고삐 풀렸다…사상 최고가 넘어 이 가격까지 ‘가즈아’,2023-11-23
금값,"“여보, 장롱에 꽁꽁 숨겨둔 ‘이것’ 팔까요?”…사상 최고가 임박했다는데, 金테크는",2023-11-25
금값,국제 금값 장중 한때 2010달러 돌파…6개월 만에 최고치,2023-11-27
금값,금값 6개월만에 최고 장중 2010달러 돌파,2023-11-27
금값,[포토] 금값 6개월 사이 최고,2023-11-29
금값,"""이르면 내년초"" 美 금리인하 깜빡이",2023-11-29
금값,금값 폭등하고 달러값 떨어지고 왜…내년초에 대체 무슨 일 있길래,2023-11-30
금값,"매경이 전하는 세상의 지식 (매-세-지, 11월 30일)",2023-11-30
금값,"""MZ가 인구 절반 … 35세 여성들이 좋아하는 부동산 골라라""",2023-12-01
금값,"비트코인, 금 올해 최고가 ···관련주도 급등[매일코인]",2023-12-04
금값,긴축종료 신호에…금·비트코인 고공행진,2023-12-04
금값,"약달러 타고 지붕 뚫은 금값 JP모건 ""내년 2300弗 돌파""",2023-12-04
금값,"코스피, 외인·기관 순매수에 소폭 상승…국제 금값·비트코인 동반 급등세 [이종화의 장보GO]",2023-12-04
금값,[포토] 금값 더 오르나,2023-12-04
금값,"글로벌 자산 ‘꿈틀’…금 2153弗 역대 최고, 비트코인도 4만弗 돌파",2023-12-04
금값,산타보다 파월이 낫네…미친듯이 오른 금값 더 간다고?,2023-12-04
금값,金가격 고공행진에...금ETF에도 뭉칫돈,2023-12-05
금값,천장 뚫린 金가격 금ETF에 뭉칫돈,2023-12-05
금값,[포토] 치솟는 금 가격,2023-12-05
금값,[포토] 치솟는 금값,2023-12-05
금값,금값 사상 최고인데 더 오른다?…산타 대신 찾아온 파월,2023-12-05
금값,"매경이 전하는 세상의 지식 (매-세-지, 12월 5일)",2023-12-05
금값,美10월 공장주문 -3.6%…침체 신호? [월가월부],2023-12-05
금값,[포토] 국제 금값 사상 최고치 경신,2023-12-05
금값,각국 중앙銀 금 매집…2300달러도 찍을까 [US REPORT],2023-12-08
금값,주식도 금도 미리 사둘걸…“내년 3차례 금리인하” 재테크 어떻게,2023-12-14
금값,‘금값’도 오르는데 ‘금광’이라니…‘38톤 잭팟’ 터졌다,2023-12-14
금값,연말 랠리에 불붙였다…파월 “금리인하 논의 선상”,2023-12-14
금값,알리바바·알파벳·바릭골드 그리고…,2024-01-02
금값,새해에도 전망 반짝이는 금 그 외 원자재는 중립 예상,2024-01-02
금값,"“우리동네 편의점, 금값이 천차만별이네”…금테크 투자 잘하려면?",2024-01-05
금값,"“사과 10개에 얼마라고?”…배·단감·계란, 설 앞두고 금값됐네",2024-01-10
금값,“비트코인 1억? 2.6억까지 간다”…‘디지털 금’으로 진격하는 가상화폐,2024-01-11
금값,美 비트코인ETF 승인 서학개미 투자 못한다,2024-01-11
금값,2024년 뜬다는 미국 주식은? [MONEY톡],2024-01-12
금값,"금값 된 딸기 2톤 감쪽같이 사라졌다…도난 미스터리, 김해 농가 ‘발동동’",2024-01-15
금값,금값 상승세 ··· 금 현물 ETF 잘 나가네,2024-01-16
금값,금값 오르자 금현물 ETF '콧노래',2024-01-16
금값,‘금값 딸기’ 밤새 사라져... 피해 농가 울상,2024-01-16
금값,"“우리 엄마 완전 반하셨어요”…‘꼬마’ ‘못난이’ 돌풍, 대체 무슨 일?",2024-01-16
금값,金채굴기업 투자까지 … 입지 넓히는 ETF,2024-01-18
금값,"유가는 널뛰기, 금값은 '뚝뚝'",2024-01-18
금값,"“금값 치솟는데”…한은 金보유량 104톤, 10년간 ‘제자리’ 이유가?",2024-01-19
금값,‘금값 딸기’ 400kg 훔친 범인 잡혔다…술집에 5만원씩 받고 팔아,2024-01-22
금값,"“궁금하다, 금값 언제까지 오를까”…스위스 은행 파격 전망 “올해 2250달러 간다”",2024-01-23
금값,"크립토 : NEW DREAM···비트코인, 10년 기다림 끝 제도권",2024-01-24
금값,‘금값 딸기’ 무제한 먹을 수 있다고?…이 뷔페 가격 도대체 얼마,2024-01-26
금값,서울 마지막 ‘금싸라기’에 100층 랜드마크 세워질까…안그래도 비싼 집값 ‘금값’ 되겠네 [부동산 이기자],2024-02-12
금값,사과·배·귤 대신 ‘이것’ 먹는다…수입과일 대세가 된 이유,2024-02-15
금값,금값 8만9000원 돌파…KRX 금시장 개설 후 천장 뚫었다,2024-03-04
금값,금값 역대 최고에 비트코인은 기록 갱신 ‘눈앞’…美 반도체주도 랠리 [월가월부],2024-03-05
금값,'삼중호재' 올라탄 금·비트코인 … 추가상승 전망 속 거품 경고도,2024-03-05
금값,금값 사상 최고치 비트코인 1억 눈앞,2024-03-05
금값,“아직 안 늦었어” 뛰어드는 야수의 심장들...금·코인 ‘경고음’도 심상치 않네,2024-03-05
금값,비트코인 ‘꿈의 1억’ 턱밑까지…‘김치 프리미엄’도 5%대 급증,2024-03-05
금값,"“사과값, 한국이 세계에서 1등”…1년만에 71% 폭등",2024-03-06
금값,“금이 최고야” 안전자산 선호 심리에 금값 사상 최고치,2024-03-09
금값,“금값 도대체 어디까지”…金펀드 수익률 1주일새 6% 넘었다는데,2024-03-10
금값,[매경시평] 총선 후 시급한 에너지 문제,2024-03-10
금값,금값 지금도 높은데…NH투자 “상승세 계속된다”,2024-03-11
금값,"""中 MZ세대가 사기 시작했다"" 금·채굴ETF 무서운 상승세",2024-03-11
금값,“촌스럽다구요? 요즘엔 이만한게 없죠”…청년들 ‘이것’ 사더니 난리났다는데,2024-03-12
금값,“비트코인·금 다 잡았다 좋아했는데”…향후 ‘동반 상승’ 전망은,2024-03-12
금값,‘최악은 피했다’ 美CPI 3.2% 시장예상 상회…엔비디아 7% 상승[월가월부],2024-03-13
금값,8일 연속 '골드랠리' 월가도 깜짝 놀랐다,2024-03-13
금값,“월가 전문가들도 깜놀”…8일 연속 ‘골드 랠리’ 어디까지 갈까,2024-03-14
금값,'천장 뚫린' 금·비트코인 … 연일 사상최고치 [꼭 알아야 할 최신뉴스],2024-03-14
금값,“금값 치솟는데 어디서 사야돼?”…실물 필요없는 소액투자법 4가지,2024-03-15
금값,절세 투자하려면 한국거래소 금 실시간 매매하려면 ETF,2024-03-15
금값,"국민과일 사과 금값되니…이 과일, 마트서 1등 자리 올랐다",2024-03-17
금값,금값 사상 최고가 행진…금ETF 수익률 급등,2024-03-19
금값,‘금’ 사상 최고치 돌파···증권가 “금값 더 오를 것”,2024-03-19
금값,긴축 끝…증시·금·코인 '에브리싱 랠리',2024-03-21
금값,“긴축 시대 끝났다”...증시·금·코인 ‘에브리싱 랠리’,2024-03-21
금값,"“금값이 금값했네”…장중 사상 최고치 돌파, 돌반지 사려면 얼마",2024-03-22
금값,"[매경경영지원본부 칼럼] 알고 대비해야 할 변수, 지정학!",2024-03-25
금값,망고 4개 1만원 풀자마자 ‘품절’…오징어·대파·오렌지도 오픈런 ‘예감’,2024-03-26
금값,다들 금값 쳐다볼때 진짜 고수는 ‘금광’ 캐며 웃는다…2배 더 오른 ‘이것’,2024-03-28
금값,"金채굴기업 ETF, 金보다 잘나가네",2024-03-28
금값,‘뛰는 금’ 위에 ‘나는 금채굴’…한 달 수익률이 코스피보다 무려,2024-03-28
금값,“위험해도 안전해도 다 오른다”…이런 재테크는 처음이라는데 ‘무슨 일’ [뉴스 쉽게보기],2024-03-29
금값,“100일만 더 기다리면 되나요”…7월에는 가격 내릴 거라는데,2024-03-31
금값,‘everything 랠리’는 계속될까… [편집장 레터],2024-03-31
금값,패스트푸드는 최저임금 2만7천원…햄버거도 금값 되나,2024-04-01
금값,"“아이 돌반지 지금 팔까요 말까요”…금 한돈 40만원 돌파, 얼마까지 갈까",2024-04-01
금값,"‘FOMO’ 부른 에브리싱 랠리, ‘GO’냐 ‘STOP’이냐",2024-04-02
금값,에브리싱 랠리…이런 적은 없었다,2024-04-02
금값,"[포토] 금값, 또 사상 최고치 경신",2024-04-03
금값,중동 리스크 커지자 원유 레버리지 들썩,2024-04-03
금값,[포토] 계속 상승하는 금가격,2024-04-03
금값,‘봄날에 너구리?’ 유가·금값 고공행진에 레버리지 매수세,2024-04-03
금값,[포토] 금값 사상최고치 경신,2024-04-03
금값,금값 첫 2300弗·유가 90弗 육박 중동 불안에 원자재 동반 상승,2024-04-04
금값,“사상 첫 금값 2300달러 돌파”…지금이라도 금테크 해? 말어?,2024-04-04
금값,[속보] 국제 금값 온스당 2300달러 첫 돌파,2024-04-04
금값,"호남의 ‘10년 애물단지’ 잭팟 터졌다…27억짜리가 150억, 무슨 일?",2024-04-05
금값,금값 첫 2300弗·유가 90弗 육박…이날 파월 연준 의장이 한 말은,2024-04-05
금값,“지금이라도 사야돼?”…‘금·은’에 유가까지 안오르는게 없네,2024-04-07
금값,"""지금이라도 사야돼?""… 불붙은 원자재株",2024-04-07
금값,각국 중앙은행 사재기에 … 금값 7일째 최고가,2024-04-09
금값,"“치솟는 금값, 오늘이 가장 싸다”...전세계가 ‘금 사재기’",2024-04-09
금값,에브리싱 랠리 이어질까 [MONEY톡],2024-04-11
금값,“요즘 코스트코 핫템이라는데”…한개당 273만원인데도 잘 팔리는 이유,2024-04-12
금값,"‘금값된 사과’에 한은 총재, 소신 발언…“불편한 진실이지만, 수입 고민할 시점”",2024-04-12
금값,급락하는 원유 인버스ETF…개미는 '줍줍',2024-04-12
금값,금 다음으로 돈 많이 몰린 ‘이 상품’…떨어질때 더 사고 있다는데,2024-04-12
금값,[속보] 중동위기 고조에 국제금값 온스당 2400달러 첫 돌파,2024-04-13
금값,‘중동 위기 고조 여파’ 국제 금값 온스당 2400달러 첫 돌파…최고가 하루만에 또 경신,2024-04-13
금값,자산시장 요동…금값 2500弗·유가 130弗까지 뛸수도,2024-04-14
금값,"재테크 혼란기, 일타 강사의 투자 노하우",2024-04-14
금값,중동전쟁에 유가·환율 급등 … 경제비상사태에 與野 힘모으라 [사설],2024-04-14
금값,“내 계좌도 폭격 맞았네”…중동 확전에 비트코인 한때 6만1000달러 붕괴,2024-04-14
금값,"“금값 여기까지 오른다?”…이란, 이스라엘 침공에 2500弗 전망도",2024-04-14
금값,‘이 남자’ 매서워진 입…달러·금값 천정부지 더 치솟았다,2024-04-17
금값,더 매서워진 파월의 입 달러·금값 기름부었다,2024-04-17
금값,"금, 지금이라도 사야될까 … 자산배분펀드로 투자해볼만 [지갑을 불려드립니다]",2024-04-18
금값,이젠 금리인하 시점 내년 3월설까지…고금리 민감 기술주 대거 하락 [월가월부],2024-04-18
금값,"“재테크 정신줄 놓지마”…주가부터 금리까지, 전쟁 통에 충격받은 내 돈 [뉴스 쉽게보기]",2024-04-19
금값,12% vs 24%…똑같은 金 투자인데 수익률이 왜 이래,2024-04-19
금값,‘이스라엘의 이란 공격’에 亞시장 충격…日닛케이 장중 3%↓,2024-04-19
금값,이스라엘 맞보복 소동…환율 널뛰기,2024-04-19
금값,불안할 땐 금이 최고?...국내 金 거래액 ‘역대 최대’,2024-04-20
금값,원자재 랠리 주춤…금·구리 동반 하락,2024-04-24
금값,“2030도 금에 미쳤다” 1g 골드바 이틀만에 완판…요즘엔 편의점서 ‘金테크’,2024-04-25
금값,"[홍장원 특파원의 월스트리트 인사이트] 인플레 지속에 사라져버린 금리 인하 기대, 안전자산 선호 심화로 달러강세 지속",2024-04-26
금값,"“역시 금값하네, 나도 사볼까”…이리보고 저리봐도 1등이라는데",2024-04-26
금값,"“올해 실물 경기 나빠져” 10억 이상 부자들, 부동산 팔고 눈 돌려",2024-04-26
금값,"니콜키드먼, 금값 비싼 시기에 머리부터 발끝까지 ‘황금으로 수놓아’(헐리우드)",2024-04-29
금값,원자재 상품중 '으뜸'… 금값된 金ETF,2024-04-29
금값,금값 고공행진에도 순금·골드바 매출 ‘껑충’ [데이터로 보는 세상],2024-04-30
금값,계절의 여왕’ 5월엔 팔고 떠나라? 주가 상승 여력 충분 vs 고금리 장기화 우려,2024-04-30
금값,떨어질 줄 모르는 금값…”금리인하 기대에 더 오를수도”,2024-05-17
금값,“고마워요 중국” 사상 최고가에 도전하는 금값,2024-05-18
금값,"""금값이 금값""… 저렴한 銀으로 눈돌린다",2024-05-19
금값,금 1돈에 45만원…‘미친 금값’에 ‘이것’으로 눈돌린다,2024-05-19
금값,‘이란 대통령 등 전원 사망’ 소식에 금값 장중 2450달러···술렁이는 시장,2024-05-20
금값,엔비디아 실적 예상넘겠지만 주가는?..오히려 에너지주 주목[월가월부],2024-05-21
금값,금·구리 동반 랠리···배경엔 中 있다,2024-05-22
금값,[윤성원의 주얼리 인사이트] 까르띠에 전시에서 확인한 주얼리 역사와 플래티넘,2024-06-05
금값,[Issue Pick] ‘금’은 왜 ‘금값’일까,2024-06-08
금값,"미니골드, PT950 ‘THE PALTINUM’ 컬렉션 출시",2024-06-11
금값,잘나가던 영국 어업은 어쩌다 나락으로? [조홍석의 ‘알아두면 쓸데 있는 유쾌한 상식 이야기’],2024-06-22
금값,“김값이 금값” 가격 오르는 이유…수출보다 ‘이것’ 때문이라는데,2024-06-23
금값,엘니뇨에 코코아값 3배로 폭등,2024-06-23
금값,상승세 멈췄던 국제 금값 다시 뛸까,2024-06-25
금값,"“주춤해진 금 가격, 3분기엔 뛴다···지금이 저가매수 기회”",2024-06-25
금값,"물가 2%대 안정세, 사과·배는 수입못해 금값",2024-07-02
금값,1조 회사 M&A ‘베팅’…식품 회사 ‘톱3’ 진입 [CEO 라운지],2024-07-09
금값,달아오르는 KRX금시장 1년만에 거래 40% 껑충,2024-07-15
금값,"“금리 내리면 더 뛸거야, 사놓으니 든든”…개미들 거래 40% 늘어난 ‘금’",2024-07-15
금값,"""가상자산은 미국서 만들어야"" 이 한마디에 비트코인 또 급등",2024-07-17
금값,"“내 마음 속 대통령, 이미 너야”…코인족 함박웃음 짓게 만든 ‘이 남자’",2024-07-17
금값,다우지수 1.85%↑...4만1000선 돌파 눈앞 [월가월부],2024-07-17
금값,달팽이·아귀간·잿방어에 장어탕과 전복 솥밥까지…올 여름 보양식은 이걸로 끝 [푸디人],2024-07-19
금값,美 금리 인하에 ‘트럼플레이션’까지···금값 사상 최고,2024-07-20
금값,주얼리 소비도 양극화…‘국산 주얼리’ 명품에 치이고 저가에 치이네,2024-07-21
금값,명품·저가 양면 공세 위기의 '국산 주얼리',2024-07-21
금값,“트럼프 당선 확신하면 이것 사라”...횡보장서 ‘랠리 예측’ 나오는 이유,2024-07-30
금값,"""트럼프 재선 땐 불확실성 커져…안전자산 금 사라""",2024-07-30
금값,"“자고 일어났더니 이게 무슨 일이야”...빅테크 우르르, MS·엔비디아 급락 [월가월부]",2024-07-31
금값,해리스 도전 받는 트럼프노믹스,2024-07-31
금값,포트리스x탱크보이 콜라보 캐릭터 출시…뉴트로 방식 이색 이벤트 화제,2024-08-02
금값,안전자산 선호에 금값 최고치 경신 국제유가는 급락,2024-08-02
금값,안전자산도 혼돈 금선물가격 요동,2024-08-04
금값,‘눈물의 여왕’에 나온 이 목걸이…고급화 전략으로 상반기 매출 16%↑,2024-08-07
금값,美 1%대 반등...월가 “변동성 높겠지만 美펀더멘털 강력” [월가월부],2024-08-07
금값,"[종합](‘미우새’) “정기적으로 만나는 분”… 61년 차 미혼남 김일우, 침대 ‘2개’ 안방 공개",2024-08-11
금값,"연일 살인적 폭염, 오이·고추·배추 금값 됐다…그런데 앞으로 더 오른다고?",2024-08-11
금값,불안에 치솟는 금값…변동성 커지는 비트코인,2024-08-13
금값,불안하니까 닥치고 金 ?,2024-08-16
금값,“가격 얼마든 재산 지키려면 사둬라”...불안할때 뜨는 ‘이것’ 어디까지 갈까,2024-08-16
금값,불안이 밀어올린 금값 … 23일 '파월의 입'이 분수령,2024-08-18
금값,“천장 뚫고 오르는 데도 뭉칫돈 계속”...중동 불안에 이것 몸값 쭉쭉,2024-08-18
금값,“3분 만에 2억원 귀금속 털렸다”...범행후 걸어서 20km 달아난 40대 검거,2024-08-18
금값,"매경이 전하는 세상의 지식 (매-세-지, 8월 19일)",2024-08-19
금값,역대 최대 실적 거둔 아이티센...디지털자산거래소 등 신사업 힘싣는다,2024-08-19
금값,“지금이라도 살까”...금괴 한 개 가격 100만달러 돌파,2024-08-20
금값,금괴 한덩이 가격 100만달러 첫 돌파,2024-08-20
금값,"“우리 아이 돌반지 아직 안 팔았지?”…전세계에서 찾는 이것, 가격이 무려",2024-08-20
금값,변동성 확대…‘바벨 전략’ 주목할 때,2024-08-23
금값,"제롬파월의 16분 연설, 프랭크시나트라의 ‘마이웨이’ 같았다[★★글로벌]",2024-08-24
금값,美증시 환호…금·유가도 일제히 상승,2024-08-25
금값,파월 사실상 '금리 피벗' 선언…美빅테크 쏠림 투자 벗어날 때,2024-09-03
금값,아직 지붕 안 뚫었다…유가도 고꾸라지는데 금값 상승 여력 더,2024-09-04
금값,지금은 과감히 투자할때 AI인프라 기업 주목하라,2024-09-10
금값,금값 또 사상최고치 경신...“6% 더 오를 것”,2024-09-13
금값,"美연준, 경제 연착륙 시그널 … 연내 금리 추가 인하에 주목",2024-09-18
금값,금리인하기 몸값 더 뛰는 금 가격···“저평가된 금 채굴 기업에도 주목해야”,2024-09-23
금값,"“어디까지 올라가는 거예요?”…금값, 사상 최고가 행진",2024-09-23
금값,올해 28% 뛴 금 가격 … 채굴 기업 ETF도 주목,2024-09-23
금값,말 그대로 ‘金배추’ 한포기 2만원짜리도 등장…정부는 졸속대책 반복,2024-09-24
금값,시작된 ‘피벗’…재테크 전략 [드디어 美 금리 ‘빅컷’],2024-09-24
금값,1500년 살았다고 은행나무 한 그루에 1조6천억?...몸값 비싼 이유는 따로 있다는데 [여프라이즈],2024-09-25
금값,추락하던 원자재값도 '들썩',2024-09-25
금값,"금값 상승에 은값도 ‘덩달아’...은 시세, 12년 만에 최고치",2024-09-27
금값,"금값된 배추, 김치수출 급브레이크 우려",2024-09-30
금값,"[美 금리 인하 파장 Part ⑤] 고공 행진 금값, 투자법은 골드뱅킹·골드바·ETF 삼총사",2024-09-30
금값,“금·유가는 오르는데”…안전자산 랠리서 초라해진 비트코인,2024-10-02
금값,"빅컷 시대 재테크, 금값 3,000달러 전망도 … 美 장기채 수익률 기대감 [MONEY톡]",2024-10-03
금값,[윤성원의 주얼리 인사이트] 황금시대의 역설 금값 폭등이 바꾸는 주얼리 산업의 지형도,2024-10-07
금값,“양배추·양상추 김치 먹으려고?” 거래액 급증...금값배추에 포장김치도 품귀,2024-10-10
금값,현금이 왕이던 시대 끝났다…배당주 주목 [US REPORT],2024-10-11
금값,"""금값 상승세, 당분간 주춤할 전망""",2024-10-14
금값,‘금 값 피크아웃’ 전망 고개…단기 변동성 주의보,2024-10-14
금값,‘부자아빠’ 기요사키 몇번째 똑같은 말...“최악의 폭락장 온다”,2024-10-16
금값,다시 달리는 금값… 사상 최고치 경신,2024-10-17
금값,“금값된 과일 화끈한 세일”…대형마트 과일 할인 행사 쏟아진다,2024-10-18
금값,[포토] 금값사상 최고,2024-10-18
금값,스마트폰 크기인데 1억3천만원…사상 최고가 기록 ‘이것’ 정체가,2024-10-19
금값,트럼프 호재 올라탔다…코인·금·달러 강세,2024-10-20
금값,“트럼프 되기 전에 사놓자”…요동치는 자산시장 ‘이것’ 급등한다는데,2024-10-20
금값,美때문에 웃는 귀금속 … 中때문에 우는 산업금속,2024-10-20
금값,“트럼프 믿고 한 번 가즈아”…대선 테마 타고 비트코인 6만9천달러 돌파,2024-10-21
금값,트럼프 지지율 오르자…친환경株 곤두박질,2024-10-22
금값,“좋은 시절 다 갔나”...트럼프 목소리 커지자 이 종목 악소리,2024-10-22
금값,“금값 천장 뚫는데”...금캐는 기업 ‘이 비용’ 못잡아 주가 15% 곤두박질,2024-10-25
금값,금값 천장 뚫는데 … 바닥 파는 채굴기업,2024-10-27
금값,치솟는 금값에…금·은·채굴기업 ETF도 고공행진,2024-10-27
금값,"한투운용 ACE KRX금현물 ETF, 올해 순자산 325% 증가",2024-10-28
금값,[Part Ⅳ] 금리인하기 투자전략 주식시장은 인하 기대감 선반영 실탄은 예금으로…장기채권·금 노릴 만,2024-10-30
금값,트럼프發 인플레 우려에…꺾이지 않는 金ETF,2024-10-30
금값,“한 돈씩 사모았다”...치솟는 금값에 ‘금테크’ 성공한 걸그룹 멤버,2024-10-31
금값,"중동불안·금리인하에 “금 사자”…치솟은 금값 , 거래량도 무려",2024-11-03
금값,금리 인하에 ‘트럼플레이션’까지···난리 난 금값,2024-11-03
금값,금값 고공행진에 KRX금시장 역대 최대 거래대금 기록,2024-11-03
금값,“지역화폐로 금 살 수 있나요?”…20% 캐시백에 ‘금테크’ 수단 골머리,2024-11-05
금값,‘위대한 미국’ 밀어부치면 강달러는 수순…이 원자재 가격 떨어지는 이유는,2024-11-07
금값,强달러에 원자재값 '주르륵',2024-11-07
금값,방산·원전株 날고 2차전지 ‘와르르’ [다시 돌아온 트럼프],2024-11-08
금값,"“이러다가 금값도 잡겠네”…트럼프 업은 비트코인, 銀 시가총액 제꼈다",2024-11-12
금값,최고점 연일 갱신하는 비트코인에 날뛰는 밈코인[매일코인],2024-11-14
금값,기세 좋던 금속 ETF 줄줄이 하락,2024-11-18
금값,"""美주식·K국채… 트럼프발작, 투자엔 기회""",2024-11-21
금값,“공포의 다른 말은 기회”…지금이 바로 역발상 투자 찬스라는데,2024-11-21
금값,“트럼프 시대 답은 역시 金”…부자들 알음알음 사모은 금괴 올해만 375억,2024-11-26
금값,"올해 홈쇼핑 히트상품, 키워드는 ‘시성비’",2024-11-26
금값,"최고 찍은 금값 주춤한데… ""금리 내릴 내년 더 오를것""",2024-11-26
금값,"“인류역사가 증명했다, 불안하면 ‘이것’이라고”....올해 개인 3627kg 샀다는데",2024-12-01
금값,“탄핵에 놀란 국민들 이것 샀다”...안전자산 ‘금’거래 껑충,2024-12-16
금값,"[탄핵 정국에 불안한 자금] ""믿을건 金"" 개인 800억 매수",2024-12-16
금값,“이럴 땐 금이 최고지”…이달에만 개인들이 800억 어치 샀다는데,2024-12-16
금값,원화 가치 급락…‘가난해진’ 대한민국 [대혼돈의 자산 시장: 대체 투자],2024-12-17
금값,“참치쇼 1열 직관”…여의도서도 손에 꼽힌다는 이 곳은? [증권가 구내식당 대전],2024-12-18
금값,“한강뷰 보러 따로 안 가도 되겠네”…최고 전망에 맛도 일품이라는데 [증권가 구내식당 대전],2024-12-19
금값,"쿠팡, 금값 딸기 2600톤 매입 농가와 상생하고 싼값에 판다",2024-12-22
금값,달러강세에 주춤이는 金...레버리지 ETF 13% 하락,2024-12-23
금값,달러 강세에 … 金선물 레버리지 13% '털썩',2024-12-23
금값,“따뜻한 엄마 밥 한끼 생각날 때 무조건 간다”...인근 직장인까지 줄선다는데 [증권가 구내식당 대전],2024-12-24
금값,겨울에 또 금값된 배추와 무,2024-12-25
금값,불안할땐 금·달러 사라는데… 돈 되는 투자방법 따로 있다,2024-12-26
금값,온스당 3000달러 간다?...“금값 내년에도 고공행진”,2024-12-30
금값,올해 165% 오른 코코아…비트코인 수익률 제쳤다,2024-12-31
금값,불확실성 속에서 금값 뛴다…‘춘철 특수’ 덕 볼 수 있을까,2025-01-02
금값,中춘제 앞두고 계속 뛰는 금값,2025-01-02
금값,‘오르기만 하는 자산은 없다지만’ 역대급 수익률 금 상품 여전히 기회 있다,2025-01-08
금값,"설 성수품 최대 할인지원 한다던데…작년엔 평균 38만원, 올해는 얼마나 오를까",2025-01-11
금값,"'안전자산' 금값도 주춤 …""올해 상승 제한적""",2025-01-14
금값,"어수선할 때 더 반짝이는 투자…""金 1천원 어치만 주세요"" [지갑을 불려드립니다]",2025-01-16
금값,미국·일본 “검은반도체 없으면 못살아”…작년 10억달러 수출했다는 이것,2025-01-17
금값,휴지조각 된 프랑스 채권 싹쓸이 한 이 남자…美 대공황까지 해결한 금융왕 된 사연은 [추동훈의 흥부전],2025-01-22
금값,"김값이 금값이라더니, 귀한 걸 왜?…바다에 버려지는 멀쩡한 물김, 이유는",2025-01-27
금값,'딥시크 쇼크'도 호재 사상 최고 찌른 금값,2025-01-31
금값,[포토] 또다시 치솟은 금값,2025-01-31
금값,"“비트코인·엔비디아 다 필요없어, 금이야”...관세왕 트럼프에 또 사상최고",2025-01-31
금값,“역시 금이네…” 中 딥시크 쇼크에도 사상 최고액 또 갈아치운 금값,2025-01-31
금값,트럼프 ‘관세폭격’ 진심...“멕시코·캐나다에 1일부터 25%”,2025-01-31
금값,“방울토마토 금값 되겠네”…트럼프발 관세 전쟁에 가격 뛰는 식재료들,2025-02-03
금값,또 오른다고?...한 돈짜리 돌반지가 60만원,2025-02-03
금값,트럼프 ‘관세 폭격’ 충격에 금값도 고공행진,2025-02-04
금값,"금값, 안전자산 수요에 최고가…온스당 2800달러선",2025-02-05
금값,금값 또 경신...美中 갈등에 안전자산 수요↑,2025-02-05
금값,치솟는 금값에 각국 중앙은행 “얼른 사자”...한은은 11년째 그대로,2025-02-06
금값,"“한국선 ‘돌반지’ 선물이 상식아냐?”…金 한 돈 60만원 시대, 돌잔치 가기 무섭네",2025-02-08
금값,‘트럼프 관세 전쟁’에 천정부지 치솟는 금값…ETF 수익률 고공행진,2025-02-09
금값,"""금값 오를수록 골드러시""…상승세 타는 '금 담보 코인'",2025-02-10
금값,“트럼프가 흔들수록 오르네”…불확실성 증폭에 전세계 뭉칫돈 몰리는 이것,2025-02-11
금값,美 관세 전쟁에 요동치는 금값···3000달러 시대 눈앞,2025-02-11
금값,HANARO 글로벌금채굴기업 ETF 1년새 60% 올라,2025-02-11
금값,[포토] 이건 얼마인가요?,2025-02-11
금값,[포토] 하늘 높은줄 모르고 치솟는 금가격,2025-02-11
금값,"[단독] 너도나도 金 사들이자… 조폐公, 골드바 공급 중단",2025-02-11
금값,"[단독] “돌반지 비싸 못 산다더니, 한쪽선 사재기”…결국 골드바 공급 중단했다는데",2025-02-11
금값,“테슬라·엔비디아 보다 낫네”…혈세 낭비 지적받다 ‘함평 비트코인’ 신분상승한 ‘이것’,2025-02-13
금값,15% 할인·사용액 환급 혜택 설 온누리상품권 1조원 팔려,2025-02-13
금값,조폐공사 이어 KB·IBK도 ‘골드바’ 판매 중단...어디서 파나?,2025-02-14
금값,"치솟는 금값에 개미 우르르…한투운용 금 ETF, 순자산액 1조 돌파",2025-02-14
금값,“금도 아닌데 사재기 열풍이”…‘관세 붙을라’ 가격 치솟는 이 원자재,2025-02-16
금값,[월가월부] 트럼프 관세 압박에 구리 가격도 ‘껑충’···관련 ETF ‘주목’,2025-02-16
금값,"""구리 미리 쟁여놓자""… 선물가격 9개월來 최고",2025-02-16
금값,“불안할 땐 금·은이 최고”...골드바·골드뱅킹 사상 최대,2025-02-16
금값,"“금 없어요” 품귀현상에...‘골드바 자판기’에서 살 수 있다는데, 어디",2025-02-16
금값,국내서만 24% 웃돈 줬던 金값에···김치프리미엄 줄어들며 금 ETF 3% 하락,2025-02-17
금값,금 가격 고점 찍었나…가격 부담에 국내외 ETF 줄하락,2025-02-17
금값,트럼프 대장주는 코인 아닌 金,2025-02-17
금값,“코인이 제일 잘나갈 줄 알았는데”…트럼프 시대 진짜 대장주 따로 있었네,2025-02-17
금값,“금값 치솟는데 미국 금 보유량 누가 알지?”…세계로 퍼지는 金 음모론,2025-02-18
금값,'트럼프 불확실성' 수혜 … 金 ETF 수익률 올 30% 쑥,2025-02-18
금값,"최장 6일 5월 황금연휴, 어디갈지 고민 중이라면 ‘깜란’ 어때",2025-02-19
금값,‘수수료 경쟁’에 1등 ETF 무너졌다···VOO가 SPY 추월,2025-02-19
금값,수수료가 갈랐다 … 글로벌 ETF 왕좌 교체,2025-02-19
금값,“수수료 0.01%가 어디야”…펀드 운용보수 내렸더니 글로벌 순위가 뒤집혔다,2025-02-20
금값,"치솟는 금값, K주얼리 빨간불 ""10K골드·실버서 돌파구 찾자""",2025-02-20
금값,골드바 실종사건,2025-02-20
금값,영화 찍나?...유럽서 뉴욕으로 월가의 ‘금 수송 작전’,2025-02-20
금값,"“금은방 진열대가 텅텅 비었다”…치솟는 금값에 품절 사태, 종로 직접 가보니",2025-02-20
금값,트럼프 변수에 ‘뉴 골드러시’…안전자산 金 놓고 진풍경,2025-02-20
금값,"[속보] 금값, 안전자산 수요에 최고가…한때 온스당 2,950달러선",2025-02-21
금값,"“너무 비싸 안되겠네요”…주얼리 업계, 금값에 놀란 손님에 ‘이것’ 내놓는다",2025-02-21
금값,월마트 실적 부진에 뉴욕증시 하락 [월가월부],2025-02-21
금값,금값 폭등 전세계 난리인데…1억4천만원짜리 ‘황금냄비’ 라면 먹방女의 정체,2025-02-21
금값,“이게 대체 얼마야”…남의 집 항아리서 순금 310돈 훔친 60대 절도범,2025-02-22
금값,"中 여성, 1억 4천 황금 냄비에 훠궈 끓인 먹방 영상…“대륙이 들썩”",2025-02-22
금값,[종합] ‘결국 오열’ 정지선 “여성 셰프 차별… 국자+칼로 맞았다” → ‘KBS 퇴사’ 김선근 아나 “퇴사 후 쿠팡 알바” (‘사당귀’),2025-02-23
금값,"혈세 27억 써 욕 먹었는데 지금은 ‘260억 원’…금값 치솟는 요즘, 金관련 여행지 보니 [혜성특급]",2025-02-24
금값,종전에 관세 폭탄까지…VUCA 시대 투자법,2025-02-25
금값,“어려울 땐 이만한 게 없다”…사상 최고 금값에 홈쇼핑서도 ‘억’소리,2025-02-25
금값,금 8% 오를때 비트코인은 10% 급락···무너지는 디지털금,2025-02-25
금값,금값 뛰는데 비트코인은 털썩 연이은 악재에 9만弗 깨졌다,2025-02-25
금값,"손떨려 닦겠니?...금값 폭등에, 14억짜리 황금휴지? [여프라이즈]",2025-02-26
금값,"장신영, 만원에 채소 8종 구입…장보기 꿀팁 공개(편스토랑)",2025-02-27
금값,금값 너무 뛰어 고민이라면 … 이젠 달러 자산 늘려보세요 [지갑을 불려드립니다],2025-02-27
금값,"‘편스토랑’ 장신영, 폭설 뚫고 만원에 채소 8종 구입",2025-02-27
금값,“지금이라도 사? 말아?”…전문가가 본 金값은?,2025-03-02
금값,“물 한병에 천원? 이건 3억입니다”…첨단산업 핵심소재 들어갔다는데,2025-03-02
금값,"""급등락 불안"" 안전한 예금에 돈 몰려",2025-03-02
금값,“금값 더 오른다고 해서 사놨더니”…하락폭 국제시세 대비 15배,2025-03-04
금값,“곧 화이트데이인데”…금값 치솟자 K주얼리도 줄줄이 가격 인상,2025-03-04
금값,국제 금값 1% 내릴때 한국 금값 15% 빠져,2025-03-05
금값,"“금값 계속 오른다는데”...골드바 100돈 당첨의 행운, 혹시 나에게?",2025-03-06
금값,트럼프 덕분에 급등한 코인 트럼프 때문에 또 흔들리네 당분간 신중히 지켜보세요,2025-03-07
금값,금 투자 대중화 시대 이끄는 ‘M&A 금손’ [CEO LOUNGE],2025-03-07
금값,"“잠들기 무섭다”…불면증 시달리는 코인족, 이게 다 트럼프탓?",2025-03-08
금값,'대세 산업' 블록체인·金 다 잡았다 … 아이티센 매출 5조 돌파,2025-03-10
금값,"“골드바 샀는데 금값 떨어지면 어쩌지”...잠시 주춤한 골드러시, 더 갈수 있을까",2025-03-11
금값,"金 투자에 월배당까지, SOL 골드커버드콜액티브 ETF 상장",2025-03-11
금값,금값 치솟자 해변 백사장서 휘적휘적…결국 ‘이것’까지 등장했다,2025-03-11
금값,'김치프리미엄' 빠지며 韓 금값 3주새 14% 뚝,2025-03-11
금값,트럼프 관세 부메랑… 美증시 세게 때렸다,2025-03-11
금값,“트럼프 관세 제대로 美쳤네”…美 경기 침체 우려에 글로벌 증시 줄폭락,2025-03-11
금값,"“금 샀다가 낭패”...김치프리미엄 빠진 한국 금값, 14% 폭락",2025-03-11
금값,“나 떨고 있니” 이곳만 오면 고개숙이는 강팀들...금 캐다 생긴 산골도시가 낳은 챔피언들 [추동훈의 흥부전],2025-03-12
금값,[포토] 사상 첫 3000달러… 자고나면 뛰는 금값,2025-03-14
금값,"트럼프 주류 관세에 S&P↓... 재무장관, “주식은 장기로 투자하는 것”",2025-03-14
금값,"국제 금값, 관세전쟁 우려에 사상 최고치…온스당 3000달러 육박",2025-03-14
금값,[포토] 관세전쟁 우려에 온스당 3천 달러 돌파한 국제 금값,2025-03-14
금값,"트럼프 관세 우려에 국제 금값, 사상 처음 3000달러 넘었다",2025-03-15
금값,美 계란 금값 만든 ‘이 것’...창녕 우포늪 야생조류에서 검출,2025-03-16
금값,"“금 사두길 잘했어”...연일 천장 뚫는 금값, 더 간다는데",2025-03-16
금값,"3000弗 뚫은 金값 … 월가 ""더 간다""",2025-03-16
금값,금값 사상 최고치 … 저평가 銀 사볼만,2025-03-17
금값,금값 사상 최고치 찍었다 ... 골드뱅킹 1조원 육박,2025-03-18
금값,"국제금값, 가자공습에 최고치 다시 경신…온스당 3042달러",2025-03-19
금값,골드지수 사상 최고치에 KODEX 골드선물(H) 최고가 경신,2025-03-19
금값,美 정부 검열에 반대한 ‘사이버펑크’가 시초 [홍익희의 비트코인 이야기],2025-03-22
금값,“예비부부 결혼예물 사야하는데”…4월에도 명품 가격 인상 계속된다,2025-03-24
금값,김치프리미엄 없는 ‘SOL 골드커버드콜 액티브’ ETF 자금 유입 본격화,2025-03-25
금값,"HANARO 글로벌금채굴기업 ETF, 금 관련 ETF 중 올해 수익률 1위",2025-03-25
금값,"""지金 사도 괜찮을까요?""…""포트폴리오에 10% 담아두세요"" [지갑을 불려드립니다]",2025-03-27
금값,"금 선물, 온스당 3100달러 ’또’ 경신…3500달러 갈까",2025-03-28
금값,한번 사두면 절대 후회 안한다는 이것...모두가 죽 쒀도 잘나간다는데,2025-03-30
금값,'수수료·세금 없이 金 투자' 실물金 코인 시총 역대최대,2025-03-30
금값,"나만 없는 금, 지금이라도 사야 하나 - 단기 전망 엇갈리지만 분산 투자 해볼 만",2025-03-31
금값,"""트럼프 관세로 세계 GDP 0.6% 줄어들것""",2025-04-01
금값,"""일단 만들고 보자"" … 전국 대형조형물 난립",2025-04-01
금값,“트럼프 뽑았다가 이게 무슨 고생”…1분기 美증시 2년만에 최악,2025-04-01
금값,상호관세 앞두고 뉴욕증시 혼조 [월가월부],2025-04-01
금값,치솟는 금값에 찬물?···“5년 안에 반토막”,2025-04-01
금값,한·미 금리차 확대 위기 ‘환율 폭풍’ 한국 경제 덮칠까?,2025-04-01
금값,[매경이코노미스트] 정치가 경제를 흔드는 대가,2025-04-02
금값,이제 금 팔고 철강 살 때?...“유동성 옮겨갈 것”,2025-04-02
금값,"“내 돈 아니니 만들고 봅시다”…혈세 투입한 대형조형물, 전국에 난립",2025-04-02
금값,"""금가격 너무 올랐다 철강으로 머니무브""",2025-04-02
금값,"""관세충격 일단 피하자""…치솟은 국채·금값",2025-04-03
금값,"엔화·금값 상승, 관세 충격에 안전자산만 올라",2025-04-03
금값,관세 쇼크에 한·중·일 ETF 시간 외 하락…금값은 상승,2025-04-03
금값,“금값 올라도 너무 올랐다”...고점론 확산에 철강으로 머니무브,2025-04-03
금값,"“금 사두길 정말 잘했다”…안전자산에 몰려가는 투자자들, 국채도 쑥",2025-04-04
금값,美관세에 모두 휘청대는데 “오히려 좋아”…수혜주 엔화·금 그리고 ‘여기’ [내일은 투자왕],2025-04-04
금값,글로벌 증시 패닉셀에 금값도 3% 급락…“금 팔아 마진콜 대응”,2025-04-05
금값,"“金씨 당신마저 왜 이래”...최악의 공포에 휩싸인 자산시장, 금값도 떨어졌다",2025-04-05
금값,사상 최고가 달리던 금값마저 '뚝',2025-04-06
금값,글로벌 증시 폭락하자 금값까지 급락…원유도 4년만 최저,2025-04-06
금값,"안전자산 금값까지 하락 …""믿을건 현금뿐""",2025-04-07
금값,"“금이고 뭐고 지금은 현찰이 최고”...트럼프에 떠는 시장, 금값마저 내려",2025-04-07
금값,“믿을 곳 없네 ㅠㅠ”···안전자산 금값도 하락,2025-04-08
금값,"트럼프發 재테크 격변기…""美단기채·金 지금부터 분할매수를""",2025-04-11
금값,보호무역주의 교훈…‘대체 화폐’의 부상 [홍익희의 비트코인 이야기],2025-04-12
금값,"“돈 벌고 싶으면 오세요”...격변기 맞이하는 재테크 시장, 전략은",2025-04-12
금값,"“많이 힘 드셨죠?”...뉴욕증시, 역사적 ‘롤러코스터 주간’ 마무리 다우 1.6%↑",2025-04-12
금값,금값 계속 오르자…금채굴기업도 상승,2025-04-14
금값,"불확실성 시대, 다시 짜는 투자 전략",2025-04-16
금값,저금리 시대엔 예금 대신 ‘이것’에 돈 몰린다,2025-04-16
금값,‘약달러 날개’ 달고 금값 사상 최고치…3300달러 돌파,2025-04-17
금값,"불확실성에 ‘안전자산’ 고공행진…금값, 사상 최고치",2025-04-17
금값,온스당 3300달러 돌파한 金…ETF 한 달 수익률 상위 석권,2025-04-17
금값,"파월 ""관세 예상보다 높아 물가상승·성장둔화 우려""",2025-04-17
금값,"“김부장, 내가 그때 사라 했제”...올랐는데 또 오른다, 하늘 뚫는 금값",2025-04-17
금값,불확실성 먹고 자라는 금값...연말까지 상승세?,2025-04-19
금값,"“심장 그만 떨리고 싶다”…金 400억원어치 팔아치운 개미들, 이유는?",2025-04-20
금값,"“이젠 금도 못 믿겠어”…잠 못 자는 슈퍼리치들, 금고 사서 현찰 찾는다",2025-04-20
금값,“그때 샀어야 했는데”···올랐는데 또 오른다,2025-04-20
금값,“경기 불안엔 金이 최고”...안전자산 쓸어담는 큰손들,2025-04-20
금값,"금값 천장 뚫을때, 개미 4백억 팔아치웠다",2025-04-20
금값,"""투자할 곳 안 보인다""… 현금 보유량 늘리는 슈퍼리치",2025-04-20
금값,"돈은 지금 대이동 中...“달러는 싸졌으니, 금은 오를 거니”",2025-04-21
금값,트럼프 ‘파월 때리기’에 S&P500 2.36%↓[월가월부],2025-04-22
금값,"트럼프의 ‘파월 때리기’에…달러 가치 떨어지고, 금값은 치솟아",2025-04-22
금값,"“지금이 마지막, 10년 뒤 기회 사라져”…또 비트코인 투자 권유 나선 ‘부자아빠’",2025-04-22
금값,트럼프 '실패자 파월' 조롱…경기둔화 책임 떠넘기나,2025-04-22
금값,“느림보가 금리 안 내리면 경기 둔화”…연준 의장 대놓고 조롱하는 트럼프,2025-04-22
금값,“이럴 땐 팔아야해 사야해?”…전문가가 본 金값 전망은?,2025-04-23
금값,연일 고공행진 금값…4000달러까지 간다고?,2025-04-23
금값,“70년대 경기침체 악몽 떠올라”···포브스 회장의 섬뜩한 경고,2025-04-23
금값,안전자산 겸 투기자산으로...‘트럼프+중앙은행 사재기+ETF’가 바꾼 金의 이중 정체성 [★★글로벌],2025-04-24
금값,잠시 소강 상태?...미중 협상 기대에 금 선물 가격 하락,2025-04-28
금값,백화점 신성장 동력 '시계·주얼리' 뜬다,2025-05-01
금값,“남편이 가방을 사왔는데 팔아야 될까요?”...명품 판도 이 아이템으로 대이동,2025-05-01
금값,자산 5%는 金으로 채우세요,2025-05-02
금값,"“이거 하나면 든든하죠”…무조건 사야한다는 이것, 도대체 뭐길래",2025-05-03
금값,"金 때문에 금수로 변한 사람들…금광에 납치된 13명, 차디찬 주검으로 돌아왔다",2025-05-05
금값,금값 폭등이 낳은 비극 페루 금광서 13명 사망,2025-05-05
금값,"“금값 오르는데, 사야지”…은행권 금계좌에 1조1000억 뭉칫돈",2025-05-06
금값,트럼프에 흔들리는 美증시 … 이젠 中·유럽 주식도 관심 둬야,2025-05-06
금값,이제는 ‘환헤지형’ 적절히 섞어야 할 때? [불확실성 시대 스마트 재테크],2025-05-07
금값,"금값 고공행진 속, 銀 저평가 부각, ‘부자아빠’ 콕 찍은 실버러시 본격화될까",2025-05-08
금값,"[2025 서울머니쇼] ""年 8% 수익률 노린다면 美국채·하이일드채권 반반 투자를""",2025-05-09
금값,"고공행진 金 지금 사도 될까 …""올해 10% 더 뛴다""",2025-05-09
금값,“연 8%짜리 상품도 충분히 있어요”…선진국·엔화에 주목하라는 투자고수들,2025-05-09
금값,"장농 속으로 손이 갈랑말랑...“팔아야하나” 생각했던 金, 조금만 더 기다리라고?",2025-05-10
금값,"“당분간 지키는 투자, 현금·金 비중 높여라”…고수들의 5대 재테크 전략은",2025-05-12
금값,美·中 공동성명 발표 소식에 ‘저평가’ 구리 반등···金은 3200弗대 회귀,2025-05-12
금값,金과 채굴 기업은 한 몸…끝 모르는 고공행진 [미장 보석주],2025-05-13
금값,"불타는 비트코인, 주춤하는 金",2025-05-25
금값,“세상이 불안해야 오르는데”...관세 휴전에 상승세 주춤한 이 자산,2025-05-25
금값,금 가격 3300달러대로 반등…트럼프 관세 불확실성 커져,2025-05-30
금값,유재석 “연예대상 트로피 금 300t… 세금 많이 내” (‘놀뭐’),2025-05-31
금값,[종합] ‘놀뭐’ 진주X미주 뭉클한 마지막 촬영 “기대 이상의 사랑… 고마웠어요”,2025-05-31
금값,[윤원섭 특파원의 월스트리트 인사이트] 美 주식 ‘관망’…中 인터넷 주식 ‘주목’,2025-06-02
금값,"보호주의 때…美 증시, 신흥국에 뒤졌다",2025-06-04
금값,미증시 혼조에 비트코인도 혼조...10.5만弗 [매일코인],2025-06-05
금값,소지섭 플렉스...“‘광장’ 배우 스태프에 금 한 돈씩 돌려”,2025-06-07
금값,"“협찬 아냐”...소지섭, ‘광장’ 팀에 금 선물한 이유",2025-06-07
금값,금 뛰자 비트코인 주춤 … 지속되는 시소게임,2025-06-08
금값,“금이냐 비트코인이냐”...이제 한 쪽이 오르면 나머진 떨어진다는데,2025-06-08
금값,"금과 엇갈리는 비트코인 시세···“유동성지수 금은 선행, 비트코인은 후행”",2025-06-08
금값,“달걀 한 판 1만원 시대 왔다”…깊어지는 ‘에그플레이션’ 제과업계 ‘비상’,2025-06-09
금값,"“최대 30배 웃돈, 금보다 낫다”…중국서 난리난 인형의 정체",2025-06-09
금값,“미국에서 더 비싸게 팔수 있어”...미국으로 금 실어 보내 번 돈이 무려,2025-06-10
금값,“금값 20% 오를 때 300% 올랐다”…전세계 돌풍 中인형 정체,2025-06-10
금값,이더리움·트론 ‘수혜’…체인링크도 있다 [스테이블코인 시대 재테크],2025-06-11
금값,[인터뷰②] 소지섭 “‘광장’ 팀에 금 한 돈씩? 인원 많아 깜짝…감사 표현”,2025-06-12
금값,트럼프發 관세 공포에 금값 다시 상승…채굴기업도 강세,2025-06-13
금값,"이스라엘, 이란 공습 또다시 … 중동전쟁",2025-06-13
금값,“가혹한 응징 당해야한다”...비명소리 다시 울려퍼지는 중동,2025-06-13
금값,중동 화염에 … 유가 단숨에 10% 폭등,2025-06-13
금값,"“결국 믿을건 金이네”...화염 휩싸인 중동에 안전자산 최고치 경신, 유가는 10% 폭등",2025-06-13
금값,“금테크만 있는 게 아니야”…요즘 주목받는 이 재테크,2025-06-15
금값,"""호르무즈 봉쇄땐 최악의 유가 급등""… 금값, 사상최고치 근접",2025-06-15
금값,또 다시 잠 못드는 밤…‘오일쇼크’ 재현 공포에 떠는 자산시장,2025-06-15
금값,"“나 한국으로 돌아갈래”…가즈아 외치던 국내 코인족, 코스피로 발길 돌렸다",2025-06-16
금값,김대리도 김부장도 샀다더니…“나만 안 산건가” 5개월만에 작년 2배 팔린 金,2025-06-16
금값,이란-이스라엘 충돌 이후…금값 사상 최고가 향할 때 비트코인은 약보합,2025-06-16
금값,코스피로 눈돌리는 개미 … 가상자산은 외면,2025-06-16
금값,“당분간 잠은 다 잤네”...급박하게 돌아가는 중동사태에 유가·증시 출렁,2025-06-18
금값,"“금 실물도 은행에서 운용”…하나은행, 금융권 첫 ‘금 실물 신탁’ 출시",2025-06-18
금값,‘나혼산’서 만난 그 지하철 친구…고가 명품반지 쏜 강남,2025-06-20
금값,플래티넘 연초 대비 37% 급등…금 상승률 앞질렀다,2025-06-22
금값,"'3대 귀금속' 플래티넘 상승률, 금 추월",2025-06-22
금값,실물자산 디지털화 경험 살려 金 스테이블코인 대표 되겠다,2025-06-22
금값,호르무즈해협 봉쇄 위기에 국제유가 급등,2025-06-23
금값,치솟는 금값에 ‘금 ETF’ 출시 경쟁... “개인투자자 관심에도 금 고점 아직”,2025-06-24
금값,돈 몰리고 상품 다양 … 金 ETF 전성기,2025-06-24
금값,“美 경제 견조…증시 상승 당분간 유지” [US Report],2025-06-27
금값,금값 오르더니 KRX 금시장 거래량도 사상최대치,2025-07-02
금값,불확실성 커지자 개인투자자 여기로 ‘우르르’…상반기 금 거래량 사상 최대,2025-07-02
금값,"기름값 금값될뻔…“이란, 수중 폭탄으로 호르무즈 봉쇄 준비했다”",2025-07-02
금값,올해 S&P500 상승률 톱 10…AI·방산이 주도,2025-07-07
금값,"“나여 미국주식”…평균 10% 치솟은 美주식형펀드, 자금은 빠져나갔다는데",2025-07-07
금값,“초우량주인데 올해 수익률 맞아?”...70% 이상 급등한 S&P500 종목은,2025-07-07
금값,“장롱에 묵혀둔 金 있으면 이번 기회에”…하나은행 ‘금 실물 신탁’ 선봬,2025-07-08
금값,"“폭염에 금값이라더니” 롯데마트, 잎채소 파격 할인한다",2025-07-08
금값,"“금보다 더 오른 ETF”…HANARO 금채굴기업, 올해 42% 상승",2025-07-10
금값,중국 개미 빠지자 … 치솟던 금값 주춤,2025-07-18
금값,중국개미들까지 빠져나가니 금값 이제 금값 아니네,2025-07-18
금값,"“30억이던 금괴, 410억으로 상승”…일본서 전시 그만둔다는데",2025-07-23
금값,"“요새는 금보다 은이 대세”…비트코인도 제친 銀, 올해 35% 상승",2025-07-24
금값,올해 35%나 상승 … 금·비트코인 제친 銀,2025-07-24
금값,"글로벌 금융시장, 무역협상 진전에 주식 강세 마감…달러·금값은 하락",2025-07-24
금값,폭염에 과일·생크림도 ‘금값’…케이크·디저트 가격 오르나,2025-07-29
금값,“美 관세 폭탄에 금값도 난리났다”…金 선물 가격 사상 최고치 경신,2025-08-08
금값,“시장 보러가기 무섭네”…수박·배추·계란 이어 ‘이 과일’도 ‘금값’,2025-08-10
금값,“금에도 관세 매긴다고? 그럼 미리 사둬야지”...다시 반짝이는 금투자,2025-08-10
금값,관세발 안전자산 수요에...금 펀드 오름세,2025-08-10
금값,관세 칼날 향하자 다시 오르는 금값,2025-08-10
금값,형님이 동생보다 힘 못쓰네 ··· 원자재 상장지수 상품 중 銀이 金 수익률 추얼,2025-08-11
금값,"홍현희, 남다른 재력 과시…강재준♥이은형 아들 돌잔치에 금 3돈 선물",2025-08-11
금값,"서숙양〈Flow of light; 빛의 흐름〉조명이 꺼져도 흐르는 금빛, 존재를 비추는 시간",2025-08-20
금값,"[단독]“예비부부 시름 깊어지네”…타사키, 9월부터 웨딩밴드 가격 10% 인상",2025-08-21
금값,폭염·폭우에 시금치가 금값…171% 올라 7월 생산자물가 0.4% 상승 견인,2025-08-21
금값,한컴위드 | 실적 효자 ‘한컴금거래소’…디지털 금융으로 확장,2025-08-29
금값,"관세, 연준 불확실성 다시 뛰는 금···사상 최고치 경신",2025-09-01
금값,관세·美연준 불확실성 … 금값 사상 최고치 경신,2025-09-01
금값,사상 최고치 금값에 디지털 금도 들썩…시총 1위 테더골드에 하루 4억불 유입,2025-09-02
금값,금값 사상 최고가 경신 … 토큰화 금에도 뭉칫돈,2025-09-02
금값,‘HANARO 글로벌금채굴기업 ETF’ 총보수 0.15%로 인하,2025-09-02
금값,WLFI 글로벌 상장...트럼프 코인들 합산 시총 14조원 [매일코인],2025-09-02
금값,"NH아문디자산운용, ‘글로벌금채굴기업 ETF’ 총보수 0.15%로 인하",2025-09-02
금값,"“또 최고가 경신, 지금 살까? 말까?”…전문가가 본 ‘금 투자’ 전망은",2025-09-03
금값,'9월의 저주' 또 오나 … 떨고있는 서학개미,2025-09-03
금값,“통계적으로 9월은 약세장인데”…미장·국장 대응전략 엇갈리는 이유는?,2025-09-04
금값,"금값 또 최고치…""3700달러 갈듯""",2025-09-05
금값,"3600달러 너무 쉽게 뚫었다...치솟는 금값, 시장선 “3700달러도 무난”",2025-09-05
금값,금 가격 $3600 깼다 “3700달러 돌파도 무난”,2025-09-05
금값,“그게 돈이 됩디까?”…진짜 돈되는 명품 ‘샤테크’ [스테크],2025-09-07
금값,"“금리, 언제 얼마나 내릴까?”…‘이것’ 보면 미리 알 수 있다는데",2025-09-08
금값,3600달러 돌파 金값이 금값…금 ETF 투자도 ‘훈풍’,2025-09-08
금값,“ETF 차트 기강 잡으러 왔다”…일주일에 수백억씩 몰리는 ‘금ETF’,2025-09-09
금값,금값 사상 최고치…‘황금 랠리’로 순금 한 돈 100만원 가나,2025-09-10
금값,"“3700달러 찍은 금값, 꺾일 기미 안 보인다”…거침없는 금값 어디까지",2025-09-10
금값,뛰는 금값 덕에 … 골드뱅킹 80% ↑,2025-09-12
금값,"“어젠 이 가격 아니었잖아요”...올해만 3500억 판매, 골드바 가격 ‘들썩’",2025-09-13
금값,불확실성 먹고 뛰는 ‘금값’...어디까지 오를까,2025-09-14
금값,"“금융위기∙팬데믹 뛰어넘은 상승세, 심상치않다”…사상 최고치 경신한 금값",2025-09-16
금값,"“올해 금값, 진짜 역대급으로 올랐네”…1979년 오일쇼크 이후 최대폭 상승이라는데",2025-09-16
금값,‘금리인하 유력’ FOMC 시작…우리나라 금리 영향은?,2025-09-17
금값,주춤한 비트코인 … 韓증시에 시총 역전,2025-09-18
금값,금펀드에 한달새 2500억원 순유입,2025-09-18
금값,금만큼 뛰는 은값…“여전히 저평가 상태”,2025-09-20
금값,각국 중앙銀 앞다퉈 金 매입 한국은 12년째 제자리걸음,2025-09-21
금값,"“2030 돈 제대로 벌었겠네”...1년 수익률 ‘450%’ 코인, 투자자 살펴보니",2025-09-21
금값,코인 뛸 때 가상자산 거래소株 날았다,2025-09-21
금값,ETF 운용사 3위 쟁탈전 한투·KB 엎치락뒤치락,2025-09-21
금값,"""플랫폼 없이 자산 사고파는 '웹3' 시대… 金 토큰화가 시작점""",2025-09-22
금값,美금리인하 수혜는 金만…우울한 비트코인,2025-09-22
금값,금리·전쟁…금값 4000달러 시대 올까,2025-09-23
금값,[뉴욕증시] 엔비디아·오픈AI발 ‘훈풍’에 美 3대 지수 ‘최고치’…애플 4%↑,2025-09-23
금값,트럼프가 임명한 마이런…“기준금리 2%포인트 더 낮춰야”,2025-09-23
금값,끝없는 금값 상승,2025-09-23
금값,올해 40% 뛴 금값…金채굴기업은 세자릿수 폭등,2025-09-24
금값,올들어 40% 넘게 뛴 금값 … 채굴기업은 세자릿수 폭등,2025-09-24
금값,“금값 뛸때는 금 말고 ‘이것’ 노리세요”…두배 더 급등한 채굴기업ETF,2025-09-25
금값,해외보다 金 5% 비싸게 사는 개미들,2025-09-25
금값,“비싸다고 할 거면 나가세요”…무섭게 올라도 손님 가득찬 상가의 정체는,2025-09-28
금값,"글로벌IB, 金 목표가 줄상향",2025-09-29
금값,끝없이 치솟는 金···美 셧다운 우려에 사상 첫 3800달러 돌파,2025-09-30
금값,"“최고가인데 더 오른다”…금 투자, 아직도 골드바로만?",2025-10-01
금값,"개미 몰려 치솟은 韓 금값, 거품꺼지자 ETF도 '요동'",2025-10-01
금값,"금리 인하기, 어디에 투자할까? 채권·ELD·리츠… 바뀐 제도 알아야 ‘대박’",2025-10-01
금값,[윤성원의 주얼리 인사이트] 금값 치솟자 ‘확 뜬’ 빈티지 주얼리,2025-10-01
금값,돌반지 100만원 시대 오나 … 금값 온스당 4000달러 '눈앞',2025-10-06
금값,“천장 뚫렸나” 금값 사상 최고가 또 경신…온스당 550만원선 돌파,2025-10-06
금값,"“세상에, 간도 크네!”...금값 치솟자 박물관들 ‘비상’ 걸렸다는데",2025-10-07
금값,"‘4000달러 벽’도 뚫었다…금값, 어디까지 오르나",2025-10-08
금값,"""달러보다 안전하다""… 금값 올해 52% 껑충",2025-10-08
금값,"""믿을건 오직 金"" 뜨거운 골드랠리 사상 첫 4000弗",2025-10-08
금값,"“돌반지 괜히 팔았네, 이렇게 오르나”…금값 사상 첫 4000달러 돌파",2025-10-08
금값,"매경이 전하는 세상의 지식 (매-세-지, 10월 9일)",2025-10-09
금값,“1100% 수익률 전라도 버핏 알지?”…금값 오를 때마다 재평가,2025-10-10
금값,“다들 들어갔다는데 나만 전전金金”…금 통장 1.5조 돌파,2025-10-12
금값,金·銀 투자 과열주의보…골드뱅킹 잔액 1.5조 돌파,2025-10-12
금값,"“중국에 던진 관세폭탄, 왜 여기서 터지냐?”…트럼프가 날린 미국 시총 ‘2조달러’",2025-10-12
금값,금값 고공행진에...‘골드뱅킹’ 1조5000억원 돌파,2025-10-13
금값,여름철 온도 낮춰 토마토 매출 20% 늘었죠,2025-10-13
금값,[포토] 금값 연일 사상최고,2025-10-13
금값,“한국 오면 다 비싸지는게 국룰”…국제 시세보다 16% 더 비싼 금값,2025-10-14
금값,"금보다 날뛰는 은값, 대체 왜?…“공급부족에 트럼프 관세 겹쳐 상승 랠리” [★★글로벌]",2025-10-14
금값,금값도 '김치 프리미엄'…투자과열 주의보,2025-10-14
금값,"""나쁜 정책 바로잡는 게 시장의 힘 … 美 4%대 성장도 가능""",2025-10-16
금값,안전자산 金의 폭주…지금이라도 살까,2025-10-16
금값,"""金·銀 안부럽다""… 팔라듐 ETF 고공행진",2025-10-16
금값,원자재ETF 수익률 1위가 금 아니라고?…일주일만에 22% ‘잭팟’,2025-10-16
금값,"""金은 단타보다 장기 분산투자용…자산의 5~10% 담으세요"" [지갑을 불려드립니다]",2025-10-16
금값,변절한 닥터둠? 트럼프 시대 낙관한 까닭…“시장은 나쁜 정책 이기는 법”,2025-10-17
금값,“골드바 안 부럽네”…코스피 사상 최고가 랠리에 ELS 조기상환 크게 늘어,2025-10-17
금값,"“금값이 미쳤다”…온스당 4300달러 돌파, 또 사상 최고치",2025-10-17
금값,각국 중앙은행 금 매입 확대 … 국제 통화질서 변화 '신호탄',2025-10-17
금값,"金·銀 고점 논쟁 … 골드만 ""더 오른다"" UBS ""과열주의""",2025-10-17
금값,"금값 된 金값…뛰는 금 위에 나는 종목 있다는데 [K주식, 이걸 사? 말아?]",2025-10-17
금값,코스피서 재미 보고 빠진 개미들…결국엔 ‘이 자산’으로 몰려갔다,2025-10-19
금값,"금값이 ‘금값’…황보라·전원주→유나, 연예계도 금테크 열풍[스테크]",2025-10-19
금값,"김구라, 팔려다 말린 금 1억이 ‘3억4천’ 됐다…”아내 감이 정확했다”",2025-10-19
금값,1억 투자해 3억 넘게 벌었다는데…김구라의 금테크 뒤엔 ‘아내의 촉’,2025-10-19
금값,"“금, 지금 사기엔 너무 늦었죠?”…세계적 투자전문가들에 물어봤더니",2025-10-19
금값,코스피 차익실현한 개미들 이달 금ETF 5천억 순매수,2025-10-19
금값,"“1kg 샀는데”…김구라, ‘금테크’로 3배 수익",2025-10-19
금값,모든 자산 가격이 뛴다...‘에브리씽 랠리’,2025-10-21
금값,‘김구라’가 왜 한국은행 국감까지 등장?…“금 왜 안 샀나” 질타,2025-10-21
금값,결혼 늘자 백화점 '예물' 날개 … 명품 시계·주얼리 등 급성장,2025-10-21
금값,“1개에 2억 넘는데 없어서 못팔아”…1kg 골드바도 품귀 현상,2025-10-21
금값,눈덩이 국가부채…‘탈화폐’로 해결? [모든 자산 뜀박질…과거와 다르다],2025-10-21
금값,“집 살 돈도 없는데 예물 꼭 하자네요”…백화점 명품매출 무섭게 커졌다,2025-10-22
금값,"고공행진 멈췄다…金값 하루새 5% 급락, 5년만에 역대급 낙폭",2025-10-22
금값,금 하락에 반등하던 비트코인...트럼프 변덕에 다시 하락 [매일코인],2025-10-22
금값,"“또 내가 사니 떨어지네, 과학인가”…고공행진 금값, 뚝 떨어진 이유는?",2025-10-22
금값,"신기루, 금테크 열흘만 후회? “10만원 올라…재산 탕진해 살걸”",2025-10-22
금값,"“재산 탕진해 살걸” 금테크 시작한 개그우먼, 열흘만 13% 올랐다",2025-10-22
금값,野 기재위 간사 박수영 “한은 외환 보유 더 늘려야··· 금 매입은 이미 실기”,2025-10-22
금값,12년만에 최대 낙폭 …'블랙 골드데이',2025-10-22
금값,"""日·대만보다 외환보유 한참 부족 … 최소 6천억달러를""",2025-10-22
금값,주요 시장 대장주中 비트코인만 하락 [매일코인],2025-10-23
금값,"뉴욕증시, 테슬라 실적 실망·버블 경계 속 약세…AI·반도체 동반 하락",2025-10-23
금값,금 내려도 못오르는 비트코인...NH “투기자산 인식 때문” [매일코인],2025-10-24
금값,보이스피싱 당했는데 오히려 이득?…뜻밖에 1억 번 ‘될놈될’,2025-10-25
금값,"“삼성전자 수익률 100%”…김구라, 금테크 3배 이어 주식도 대박",2025-10-25
금값,금테크 성공 이어 주식도 대박…김구라 “삼성전자 100% 수익률”,2025-10-25
금값,돈다발 내밀며 “현금영수증은 됐어요”…금·은값 뛰자 무기명 거래 횡행,2025-10-26
금값,현금 들고 금 ‘폭풍 매수’…무기명 거래 탈세 악용 우려,2025-10-27
금값,뉴욕증시 훈풍에도 코스피 4000선 내줬다…코스닥도 하락 출발,2025-10-28
금값,금값 4000달러 무너졌다…‘골드러시’ 뛰어든 개미들 피눈물,2025-10-28
금값,'김프' 꺼지자 … 금 투자 손실 더 커졌다,2025-10-28
금값,숨죽인 비트코인....APEC 미·중 회담 대기 [매일코인],2025-10-28
금값,‘골드 랠리’ 막 내렸나…4000달러선 밑도는 국제금값,2025-10-29
금값,"李대통령, 트럼프 ‘무궁화대훈장’ 수여…금값만 1억원 훌쩍",2025-10-29
금값,"“재산 부담될 정도, 풀매수했다”…금값 폭락에 열받은 신기루, 얼마나 샀길래",2025-10-30
금값,"“재산 부담될 만큼 샀는데”…신기루, 고점에서 금테크 시작",2025-10-30
금값,"신기루, 금 고점에 풀매수…“재산 부담될 정도로 샀는데 열받아”",2025-10-30
금값,“한국은 금관? 우리는 자수점퍼”…일본이 미국 국방장관에 준 선물이,2025-10-30
금값,"[100세시대 생애설계] 자산 포트폴리오 다양화, 금(金)의 진짜 가치!",2025-10-30
금값,"‘블핑’ 리사, 동네방네 황금 끌어모아…‘히바로’로 핼러윈 여신 재탄생",2025-10-31
금값,“금값 시들하자 이젠 ‘이것’ 뜬다?”…미중 훈풍에 원자재 시장판도 꿈틀,2025-10-31
금값,"“전처 17억원 빚 그건 만회도 안된다”…금 주식으로 돈벌었다는 김구라, 솔직고백",2025-11-01
금값,"김구라, 금·주식 수익 해명...“전처 17억 빚 만회? 안돼”",2025-11-01
금값,“순금에 이자가 붙는다고?”…‘하나골드신탁’ 연일 매진,2025-11-03
금값,“급락이 기회”…금 ETF에 투자금 몰려,2025-11-03
금값,"“금값, 이 가격 다신 안 온다”...최근 급락하자 대규모 뭉칫돈 몰려",2025-11-04
금값,"“퇴직했더니 대기업 전화 쏟아지네요”...‘여기’ 출신 공무원, 몸값 금값",2025-11-05
금값,"“국감에 내 이름이 왜”…김구라, ‘금테크’ 수익 2억 밝혔다가 뜻밖의 구설",2025-11-06
금값,로워리 美 전 차관보 “달러 중심 국제질서 견고…스테이블코인 등이 뒷받침”,2025-11-06
금값,"""스테이블코인 확산에 달러패권 더 세진다""",2025-11-06
금값,지금은 채권 비중 늘릴 때 … 주식은 국내·해외 6대4로,2025-11-07
금값,"키보드 칠 때마다 ‘애사심’ 샘솟겠네…‘650만원 황금 키캡’, 직원 보너스로 줬다",2025-11-08
금값,145억원짜리 ‘황금 변기’ 주인이 전설적인 월가의 상어라고?,2025-11-09
금값,“지금은 금 살 때가 아니죠”...고수들이 추천하는 거품 없는 안전자산은,2025-11-09
금값,금값 반등하자 다시 흔들리는 비트코인 [매일코인],2025-11-12
금값,“잠시 주춤했던 골드러시 한번 더”…국제 금값 4200달러 다시 돌파,2025-11-13
금값,‘골드러시’ 되살아나나…국제 금값 20여일만 4200달러 회복,2025-11-13
금값,"“한 돈 7만원이었는데…총액 7천만원” 이지혜, 금테크 성공",2025-11-13
금값,"이지혜, 금 값 하락 전 팔았다…“인생은 타이밍”",2025-11-13
금값,"이지혜, 평생 모은 금 팔았다… ‘7만원→7200만원’ 역대급 수익",2025-11-14
금값,“금값 왜 이렇게 비싸졌나”…중국의 ‘은밀한 사재기’ 때문?,2025-11-14
금값,"‘월가 채권왕’의 오싹한 경고···“다음 금융위기, 사모대출에서 온다”",2025-11-18
금값,‘에브리싱 랠리’ 끝났나…미국 증시·비트코인·금값 하락,2025-11-18
금값,"[단독] 호반, LS株 2배 오르자 매도…“더 팔수도”",2025-11-21
금값,‘객실당 10억’ 부르는 게 값… K호텔 ‘르네상스’ [스페셜리포트],2025-11-21
금값,"“2억 5천 투자한 아파트, 10억 됐다”…김구라 아들도 재테크 성공",2025-11-23
금값,글로벌 럭셔리 호텔 격전지 된 서울 [스페셜리포트],2025-11-27
금값,"“속세 욕망 끝이 없다”…미미, 금테크 대박났다",2025-12-01
금값,무섭게 뛰었는데 끝이 아니다?…“내년 금값 온스당 5000달러 간다”,2025-12-01
금값,황석정 “금 관심 없어…돈 있으면 농사지을 땅 사고파” (‘같이 삽시다’),2025-12-01
금값,뛰는 금 위에 … 훨훨 나는 금채굴株 ETF,2025-12-02
금값,이미 오른 금 사는 건 하수?…골드바 대신 금광 투자했더니 수익률 2.5배,2025-12-03
금값,역대급 ‘트리플 랠리’라는데…지금 올라타볼까,2025-12-06
금값,천장 뚫던 金값 쉬고있지만… ETF는 계속 늘어나,2025-12-07
금값,신한銀 골드바거래 3천㎏ 돌파…올해 금투자 열풍에 수요 급증,2025-12-08
금값,“대체 얼마나 산거야” 이 은행서만 골드바 누적 거래량 3000kg 돌파,2025-12-08
금값,금보다 반짝거리는 은 60달러 첫 돌파…금값 상승률 2배,2025-12-10
금값,"금보다 뜨거운 은…KODEX 은선물 ETF, 한달새 20% 폭등",2025-12-10
금값,‘아우’ 銀·銅은 모두 신고가…‘형님’ 金 차례일까,2025-12-10
금값,"“금 너무 비싸 못샀는데 고맙네요”…대신 샀던 은, 2배 이상 뛰었다",2025-12-11
금값,다우·S&P500 또 사상 최고…기술주 약세 속 혼조 [뉴욕증시],2025-12-12
금값,"“금값 꼭지 왔다, 지금 들어가면 절반도 못건져”…‘돈나무 언니’ 살벌한 경고",2025-12-15
금값,“비트코인 뜨고 금값 대폭락?”…‘돈나무 언니’의 경고,2025-12-15
금값,다시 달리는 금값에…진화하는 금 ETF,2025-12-16
금값,“골드바 비싸게 팔아주겠다”…금값 오르자 투자사기 벌인 일당,2025-12-17
금값,"[미국 주식 돋보기] ""금값보다 더 뛴다""… 뉴몬트 올 155% 껑충",2025-12-17
금값,"“도대체 어디까지 오를까”...금값, 사상 최고치 또 경신",2025-12-23
금값,"""인플레이션땐 원자재""… 銀 올 120% 껑충",2025-12-23
금값,"또 널뛰는 금값…카리브해 갈등에 최고치, 내년엔 5000달러?",2025-12-24
금값,베네수 긴장·금리인하·약달러 … 금값 4500달러 첫 돌파,2025-12-24
금값,“지금 들어가기엔 늦었죠?”…미쳤다는 소리 절로 나오는 금값·은값,2025-12-24
금값,“한 돈 100만원 시대 오나”…금값 사상 첫 93만원 돌파,2025-12-24
금값,“금값 의심하지 말라”…‘안전자산’ 돈 몰리자 4500달러 가볍게 돌파,2025-12-25
금값,금값 급등이 가른 두 풍경 … 돌반지 구매 줄고 골드바는 불티,2025-12-25
금값,"“돌반지 주고 받지 맙시다”…금 한돈 93만원, 할머니 비녀도 꺼내 판다",2025-12-26
금값,“상금 100만원+금 1돈”...남보라 가족 체육대회 승자는?(편스토랑),2025-12-26
금값,“어디까지 오를거냐” 금·은 또 사상 최고치…은값 75달러 돌파,2025-12-26
금값,“진작 살 걸 후회돼요”...순금 한 돈 100만원 눈앞,2025-12-26
금값,“나만 없어 골드바·실버바”…은행도 처음 본다는 ‘역대급 쓸어담기’,2025-12-28
금값,80달러 돌파한 은…금값 됐네,2025-12-29
금값,“금값 언제까지 오를까”…골드·실버바 은행 판매 역대급,2025-12-29
금값,“월급보다 빨리 오르네”…새해 명품 가격인상 예고에 ‘들썩’,2025-12-29
금값,한달도 안돼 60弗서 80弗로 … 거침없는 은값,2025-12-29
금값,유망 재테크 상품 '톱3' … 美주식 44% > 금 19% > 서울 아파트 15%,2025-12-29
금값,정부 국장 복귀 ‘당근’ 내놨지만…경제학자 절반 “내년 미국주식 유망”,2025-12-30
금값,“개미들은 두 달째 피가 마릅니다”...반등 없이 공포만 남은 코인시장 [매일코인],2025-12-30
금값,치솟는 금값에…'울고싶은' 반도체 기판업계,2025-12-31
금값,급락 후 반등한 금⋅은...전문가들 “중장기 상승세 지속”,2025-12-31
