keyword,date,title
다우존스,2020.06.30,"뉴욕증시, 경제지표 호조에 급등…다우 2.32%↑"
다우존스,2020.06.28,"10,086,926명, 전세계 `2차 팬데믹` 공포"
다우존스,2020.06.27,美경제활동 다시 급제동에 다우 2.8% 급락…32개주 코로나19 재확산
다우존스,2020.06.27,"뉴욕증시, 코로나19 재확산에 급락…다우 2.84%↓"
다우존스,2020.06.26,"IMF의 경고 ""금융시장, 실물과 따로 논다…조정 위험"""
다우존스,2020.06.26,"뉴욕증시, 코로나 부담에도 은행규제 완화에 상승 마감…다우 1.18%↑"
다우존스,2020.06.25,"뉴욕증시, 코로나19 재유행 공포에 급락 마감…다우 2.72%↓"
다우존스,2020.06.24,재선 다급한 트럼프…또 `현금 살포` 만지작
다우존스,2020.06.24,"뉴욕증시, 경제지표 개선·미중 무역갈등 안도감에 상승…다우 0.50%↑"
다우존스,2020.06.23,"나스닥 1만고지 재탈환, 1만56.47 마감…""애플의 힘"""
다우존스,2020.06.23,"뉴욕증시, 코로나19 우려 불구 기술주 강세…다우 0.59%↑"
다우존스,2020.06.20,"뉴욕증시, 무역합의 낙관에도 코로나19 재유행 우려에…다우, 0.8%↓"
다우존스,2020.06.19,"뉴욕증시, 코로나19 재유행 우려 속 혼조…다우 0.15%↓"
다우존스,2020.06.18,"업비트, 암호화폐 분석 플랫폼 크리스탈과 AML 제휴"
다우존스,2020.06.18,"뉴욕증시, 코로나19 재유행 우려에 혼조 마감…다우, 0.65%↓"
다우존스,2020.06.17,"뉴욕증시, 미국 소매 판매 호조 등에 상승…다우 2.04%↑"
다우존스,2020.06.16,"시장 불안 잠재운 파월…美연준 ""회사채 매입 확대"""
다우존스,2020.06.16,"美연준 ""개별 회사채 매입"" 낙관론 되살아난 뉴욕 증시…상무부 ""화웨이, 5G 제한적 참여가능"""
다우존스,2020.06.16,"뉴욕증시, 연준 개별 회사채 매입 소식에 상승 마감…다우 0.62%↑"
다우존스,2020.06.15,기관·외국인 동반매도에 주저앉은 韓증시
다우존스,2020-06-15,[유동원의 글로벌 투자전략] 글로벌 조정장…나스닥 주목해야 할 이유
다우존스,2020-06-15,폭락장때 글로벌자금 어디로 갔나 봤더니…
다우존스,2020-06-13,"뉴욕 증시 `롤러코스터` 혼란 속 `리틀 버핏` 빌 애크먼, 이번엔 대형 기업인수목적회사 출범 앞둬"
다우존스,2020-06-13,"매경이 전하는 세상의 지식(매-세-지, 6월 13일)"
다우존스,2020-06-13,"뉴욕증시, 코로나19 2차 유행 주시 속 반발매수·지표개선에 상승…다우 1.90%↑"
다우존스,2020-06-12,코로나 재확산 우려…美증시·유가 충격
다우존스,2020-06-12,13일연속 질주했던 코스피…기다렸다는듯 숨고르기
다우존스,2020-06-12,"""코로나 재유행 고개 들때마다 美증시 지루한 조정 맞을것"""
다우존스,2020-06-12,코로나19 재확산 우려에…뉴욕증시 이어 아시아증시도 `덜컹`
다우존스,2020-06-12,`코로나19 재유행 우려` 원달러 환율 7.4원 오른 1203.8원 마감
다우존스,2020-06-12,"""이틈에 사자"" 증시급락이 반가운 동학개미?"
다우존스,2020-06-12,"`코로나19 재유행 우려` 원달러 환율, 12원 급등…전일比 12.3원↑"
다우존스,2020-06-12,"증권가 ""코스피 단기 충격 불가피…다만 3월 폭락장과는 달라"""
다우존스,2020-06-12,"기획재정부 ""가상자산 양도소득세 적용, 결정된 바 없다"" 外"
다우존스,2020-06-12,"뉴욕증시, 코로나19 재유행 우려에 폭락…다우 6.9%↓"
다우존스,2020-06-11,제로금리 훈풍에…나스닥 첫 `1만 고지`
다우존스,2020-06-11,코스피 2000 ↑ 공매도 금지 해제하면 하락? 진격의 동학개미 상승세 주도
다우존스,2020-06-11,"뉴욕증시, 나스닥 첫 1만대 안착 마감…다우 1.04%↓"
다우존스,2020-06-10,언택트시대 IT 공룡의 힘…나스닥 장중 첫 1만선 뚫었다
다우존스,2020-06-10,"뉴욕증시, 기술주 강세에 나스닥 사상 최초 장중 1만선 돌파…다우 1.09%↓"
다우존스,2020-06-09,원화 강세…1100원대 회복
다우존스,2020-06-09,"뉴욕증시, 경제 회복 기대감에 나스닥 사상 최고 마감…다우 1.7%↑"
다우존스,2020-06-08,[종합] News Briefing
다우존스,2020-06-08,까다로운 심사 없이 연 3.5% 1년 고정으로 주식매입자금 마련하자
다우존스,2020-06-07,美고용개선 실제보다 부풀려져
다우존스,2020-06-06,"뉴욕증시, 미 고용 호조에 다우 상승 마감…나스닥은 장중 사상최고 경신"
다우존스,2020-06-05,"""아직 불안해"" 글로벌 금융시장…주가 V자 반등 불구 헤지펀드들 `주가 하락`에 베팅"
다우존스,2020-06-05,"뉴욕증시, ECB 부양책에도 미국 고용 지표 실망에 혼조…다우 0.05%↑"
다우존스,2020-06-05,"[Money&Riches] 그럼에도 불구하고…코스피, 하반기 계속 달릴까"
다우존스,2020-06-04,"뉴욕증시, 미국 고용 등 경기 회복 기대에 랠리…다우, 2.05%↑"
다우존스,2020-06-03,경제충격 압도한 돈의 힘…주요국 증시 올해 고점 90%까지 회복
다우존스,2020-06-03,글로벌증시 랠리…코스피 2100 탈환
다우존스,2020-06-03,"美시위 확산하는데 뉴욕증시 전력질주…월가 ""시장에 양심은 없다"""
다우존스,2020-06-03,"뉴욕증시, 경제 회복 기대에 상승 마감…다우, 1.05%↑"
다우존스,2020-06-02,"뉴욕증시, 경제 회복 기대감에 강세…다우 0.36%↑"
다우존스,2020-06-01,어느덧 코스피 2000…상승세 이어지나-실물지표 나빠지는데 ‘돈풀기’만으로 글쎄
다우존스,2020-05-31,트럼프 `홍콩 특별지위 박탈` 시한 언급 안해…中과 협상여지
다우존스,2020-05-30,"뉴욕증시, 트럼프 ‘홍콩특별지위 제거절차’에도 선방…다우 0.07%↓"
다우존스,2020-05-29,"뉴욕증시, 트럼프 대중국 기자회견 예고에 하락 마감…다우 0.58%↓"
다우존스,2020-05-28,"뉴욕증시, 미·중 갈등에도 경제 회복 기대감에 대폭 상승…다우, 2.21%↑"
다우존스,2020-05-27,[장용승 특파원의 월스트리트 인사이트] ‘투자의 귀재’ 버핏 회장마저 손을 든 코로나19
다우존스,2020-05-27,"美, 코로나 환자 하루 평균 1170명 숨졌다"
다우존스,2020-05-27,"현대모비스, 올해 R&D 투자 규모 1조원…신성장동력 확보"
다우존스,2020-05-27,"뉴욕증시, 경제 재개 조짐·코로나19 백신 기대감에 상승마감…다우 2.17%↑"
다우존스,2020-05-26,외국인·삼성전자 없이도 `초고속 반등`…한국증시 체질 바뀌나
다우존스,2020-05-24,"코스피, 코로나 폭락후 회복률 `톱`"
다우존스,2020-05-24,"`코로나19發` 한국증시, 코스피 35%·코스닥 65%↑...주요국 중 톱"
다우존스,2020-05-22,"뉴욕증시, 미중 코로나19 갈등 격화에 긴장…다우 0.41%↓"
다우존스,2020-05-21,"뉴욕증시, 경제 정상화·국제유가 상승에 강세…다우 1.52%↑"
다우존스,2020-05-20,"뉴욕증시, 코로나19 백신에 의구심 제기되며 하락 마감…다우 1.59%↓"
다우존스,2020-05-19,글로벌증시·유가 일제히 환호성
다우존스,2020-05-19,"뉴욕증시, 코로나19 백신 개발 기대에 급등…다우 3.85%↑"
다우존스,2020-05-16,"뉴욕증시, 소비개선 기대감에 상승…다우 0.25%↑"
다우존스,2020-05-15,"뉴욕증시, 미국 경기침체 우려·경제 재개 기대에 급등락…다우 1.62%↑"
다우존스,2020-05-14,"현대건설, 2년째 기후변화대응 최우수 기업"
다우존스,2020-05-14,"뉴욕증시, 미·중 갈등 고조에 급락 마감…다우 2.17%↓"
다우존스,2020-05-13,코로나·무역갈등 `2차파동` 오나…잠잠하던 美 공포지수 20% 급등
다우존스,2020-05-13,"뉴욕증시, 미중 갈등·셧다운 완화 부작용 우려에 하락 마감…다우 1.89%↓"
다우존스,2020-05-12,"뉴욕증시, 코로나 재유행 우려에도 기술주 강세에 혼조…다우, 0.45%↓"
다우존스,2020-05-09,"뉴욕증시, 우려보다 양호한 4월 고용지표에 주요 지수 큰 폭 상승…다우 1.91%↑"
다우존스,2020-05-08,IT·바이오 품은 나스닥도 `V자반등`…나스닥 ETF 연일 신고가
다우존스,2020-05-08,"뉴욕증시, 중국 수출 호조·미국 실업 증가 둔화에 상승…다우 0.89%↑"
다우존스,2020-05-07,"뉴욕증시, 경제 재개 기대에도 미국 실업 충격에 혼조…다우 0.91%↓"
다우존스,2020-05-06,"뉴욕증시, 경제재개 기대·국제유가 급등에 강세…다우, 0.56% ↑"
다우존스,2020-05-05,"뉴욕증시, 미·중 갈등 우려와 경제 재개 기대속 상승 마감…다우 0.11%↑"
다우존스,2020-05-03,"코로나 확산 中 책임론, 美中 무역전쟁 새 불씨"
다우존스,2020-05-02,바이러스發 美·中 무역전쟁 재개 조짐
다우존스,2020-05-02,"뉴욕증시, 코로나19로 미·중 갈등 고조에 하락…다우 2.55%↓"
다우존스,2020-05-01,"뉴욕증시, 미국 대량 실업 등 경기 침체 부담에 3대 지수 일제히 하락…다우 1.17%↓"
다우존스,2020-04-30,"美 `마이너스 성장`인데 뉴욕증시 `상승랠리` MS·테슬라 매출 ↑…파우치 ""렘데시비르, 굿 뉴스"""
다우존스,2020-04-30,"뉴욕증시, 미 성장 부진에도 코로나19 치료제 기대로 상승...다우 2.21%↑"
다우존스,2020-04-29,뉴욕 증시 들썩…`美1분기 성장률 최악` 불구 렘데시비르 1차 임상 성공 기대감
다우존스,2020-04-29,"V자 반등 VS 데드캣 바운스, 국내 증시에 쏠린 투자자의 의심어린 시선"
다우존스,2020-04-29,"뉴욕증시, 실적 발표 앞둔 기술주 불안에 하락 마감…다우 0.13%↓"
다우존스,2020-04-28,원유지수 구성 종목 갑자기 변경
다우존스,2020-04-28,원유ETN 대거 종목교체…대박 노리던 개미들 기대수익률 `뚝`
다우존스,2020-04-28,"SK하이닉스, CDP 선정 `물 경영` 부문 첫 대상 수상"
다우존스,2020-04-28,현대∙기아차 기후변화 대응 `탄소경영 아너스 클럽` 선정
다우존스,2020-04-28,"뉴욕증시, 코로나19 속 `경제 재개` 기대에 상승 마감…다우 1.51%↑"
다우존스,2020-04-26,"소송 걸리고, 계약 파기하고…전원추락死 사건대응 소홀히한 보잉, 이번엔 `코로나 첩첩산중`"
다우존스,2020-04-25,"뉴욕증시, 국제유가 반등·경기부양 기대감에 주요 지수 상승…다우 1.11%↑"
다우존스,2020-04-24,"뉴욕증시, 코로나19 치료제 우려에 혼조 마감…다우 0.17%↑"
다우존스,2020-04-23,"뉴욕증시, 국제유가 반등에 안도…다우, 1.99%↑"
다우존스,2020-04-22,"뉴욕증시, 국제 유가 폭락 지속에 하락 마감…다우 2.67%↓"
다우존스,2020-04-21,"뉴욕증시, 사상 첫 마이너스 유가 충격에 하락…다우 2.44%↓"
다우존스,2020-04-20,`오를까 내릴까` 뉴욕 증시…빈살만이 구매한 카니발 등 미국 주식 공매도 급증
다우존스,2020-04-18,"뉴욕증시, 코로나19 치료제·경제재개 기대감에 급등…다우 2.99%↑"
다우존스,2020-04-17,"뉴욕증시, 미국 실업 급증에도 경제 재개 기대로 반등…다우 0.14%↑"
다우존스,2020-04-16,25년 지속 배당한 美 기업만…한국투자미국배당귀족펀드 출시
다우존스,2020-04-16,"뉴욕증시, 사상 최악 지표·은행 실적 부진에 약세…다우 1.86%↓"
다우존스,2020-04-15,"뉴욕증시, 코로나19發 기업실적·소비지표 악화 확인되며 하락 출발"
다우존스,2020-04-15,"뉴욕증시, 코로나19 진정 기대와 기업 실적 양호에 상승…다우, 2.39%↑"
다우존스,2020-04-14,"뉴욕증시, 기업 실적 등 경기악화 우려에 하락…다우 1.39%↓"
다우존스,2020-04-10,"파월, 위기때마다 등장 시장 진화…""정크본드까지 사겠다"""
다우존스,2020-04-10,"뉴욕증시, 연준 2조달러 유동성 공급 발표에 상승…다우 1.22%↑"
다우존스,2020-04-09,"뉴욕증시, 코로나19 진정 기대·샌더스 중도사퇴에 안도…다우 3.44%↑"
다우존스,2020-04-08,"뉴욕증시, 코로나19 확산세 속 롤러코스터…다우 0.12%↓"
다우존스,2020-04-07,"한빗코, 자금세탁방지 시스템에 다우존스 솔루션 도입"
다우존스,2020-04-07,"외신 ""바이낸스 등 암호화폐 기업 집단 소송 처해"" 外"
다우존스,2020-04-07,"뉴욕증시, 코로나19 확산 진정 기대로 폭등 마감…다우 7.73%↑"
다우존스,2020-04-06,美 증시로 보는 코로나19 이후-이커머스·콘텐츠 ‘둥실’…IT·전기차 ‘비실’
다우존스,2020-04-06,"국내 개미들, 美증시 폭락하자 가장많이 산 종목은"
다우존스,2020-04-04,[역대 경제수장에게 듣는다] (1) 전광우 전 금융위원장 “기업이 안 쓰러져야 V자 반등 가능”
다우존스,2020-04-04,코로나19 여파 1분기 주가 22% ↓…이 와중에 오른 국가는?
다우존스,2020-04-04,"뉴욕증시, 유가 진정에도 코로나19 공포에 하락마감…다우 1.69%↓"
다우존스,2020-04-03,"유가·주가 끌어올린 트럼프 트윗, 전문가들은…"
다우존스,2020-04-03,"뉴욕증시, 미국 실업 쓰나미에도 유가 폭등에 안도…다우 2.24%↑"
다우존스,2020-04-02,코로나19가 빼앗은 밥줄…`또 최악` 美주간 신규실업수당 청구665만 건
다우존스,2020-04-02,"코스피, 코로나19 글로벌 확산에 혼조"
다우존스,2020-04-02,"뉴욕증시, 미국 내 코로나19 확산 급증에 급락…다우 4.44%↓"
다우존스,2020-04-01,"뉴욕증시, 기대 웃돈 지표에도 코로나19로 경기침체 우려 지속…다우, 1.84%↓"
다우존스,2020-03-31,"뉴욕증시, 반등 하루만에 약세…다우 0.79%↓"
다우존스,2020-03-31,"코스피, 글로벌 경기 부양책 기대감 지속으로 상승 출발"
다우존스,2020-03-31,"뉴욕증시, 코로나19 불안에도 부양책 기대 지속…다우 3.19%↑"
다우존스,2020-03-30,"[팬데믹 大위기] Part Ⅱ Global 뉴욕 | 세계 금융 중심지 월가 대혼란, 확진자 발생에 NYSE 객장 임시 폐쇄 결정"
다우존스,2020-03-30,"[팬데믹 大위기] Part Ⅰ Financial Market | 팬데믹 공포에 사로잡힌 세계 증시, 변동성 극대화된 국내 주가 바닥 예측 어려워"
다우존스,2020-03-28,"뉴욕증시, 코로나19 급속 확산에 따른 경기침체 불안감 여전…다우 4.06%↓"
다우존스,2020-03-27,"뉴욕증시, 美 슈퍼 부양책 기대감에 폭등…다우 6.38%↑"
다우존스,2020-03-26,"[특금법x거래소] ‘실명계좌 확보’ 거래소, AML·신사업 병행 “멀리 본다”"
다우존스,2020-03-26,"뉴욕증시, 경기부양책 관망 속 혼조세…다우 2.39%↑"
다우존스,2020-03-25,美 `2조달러 경기부양` 마침내 합의
다우존스,2020-03-25,글로벌 주식·원유·금값 동반 상승
다우존스,2020-03-25,美경기부양책·韓달러 공급책에 원·달러 환율 급락…1220원선 돌아와
다우존스,2020-03-25,"코스피, 글로벌 부양정책 기대감에 이틀째 급반등…1700선 회복"
다우존스,2020-03-25,"美 지역 판사, SEC의 텔레그램 토큰 발행 금지 `타당` 판결 外"
다우존스,2020-03-25,"코스피, 글로벌 부양정책 기대감에 이틀째 급반등…1700선 턱밑 추격"
다우존스,2020-03-25,"뉴욕증시, 경기부양책 기대감에 1933년 이후 최대 상승…다우 11.37%↑"
다우존스,2020-03-25,美 다우지수 11%대 폭등…1933년 이후 최대 랠리
다우존스,2020-03-24,"`뭘 해도 잘 안되네` 美연준 사실상 무제한 돈 풀기 불구, 뉴욕 증시 또 3%↓"
다우존스,2020-03-24,"뉴욕증시, 연준 무제한 양적완화 재정책에도 불안감 지속…다우 3.04%↓"
다우존스,2020-03-23,"`될때까지 달러 찍는다` 파월도 `헬리콥터 머니`…추락하는 시장 속 美연준, 무제한 양적완화 선포"
다우존스,2020-03-23,"모건스탠리 ""경기부양책 부결 후폭풍…美 2분기 성장률 -30%"""
다우존스,2020-03-22,"국제유가 또 폭락…트럼프, 사우디에 대표단 보내 `유가 담판`"
다우존스,2020-03-21,"뉴욕증시, 코로나19발 세계 경기침체 우려 여전…다우, 4.55% 급락"
다우존스,2020-03-20,"뉴욕증시, 상승 출발 후 혼조세…다우 0.29%↑"
다우존스,2020-03-20,"뉴욕증시, 통화스와프 확대 등 부양책에 반등…다우 0.95%↑"
다우존스,2020-03-20,"연일 급락한 뉴욕증시, 상승 시도…다우 장중 2만선 회복"
다우존스,2020-03-19,세계가 달러만 찾는다…주가·원화값 대폭락
다우존스,2020-03-19,"""사외이사들이 거수기라는건 옛말…해외서도 SK 이사회 보고 놀라"""
다우존스,2020-03-19,"""지옥이 온다…한 달만 문 닫으면 안될까"" 금·美국채도 던진 월가 `구조대는 없다`"
다우존스,2020-03-19,"코로나19 공포에 `속수무책` 글로벌 증시, 또 급락…다우 2만 붕괴"
다우존스,2020-03-19,"트럼프랠리 3년, 역대급 코로나19 폭락장에 `증발`"
다우존스,2020-03-19,"뉴욕증시, 코로나19 공포에 3년 만에 다우 2만선 붕괴…다우 6.30%↓"
다우존스,2020-03-18,"세종대 김대종 교수“코로나19 외환위기, 한미 통화스와프 체결 필요”"
다우존스,2020-03-18,코스피 또 폭락…1600 붕괴
다우존스,2020-03-18,코로나19 악재 속 해외주식 직구족도 `한숨`
다우존스,2020-03-18,"뉴욕증시, 대규모 재정정책 기대감에 급반등…다우 5.20%↑"
다우존스,2020-03-17,"뉴욕증시, 폭락 딛고 하루 만에 강세 출발…다우 0.8%↑"
다우존스,2020-03-17,"코로나에…필리핀, 금융시장 무기한 폐쇄"
다우존스,2020-03-17,"트럼프 한마디에 연일 롤러코스터…월가 ""증시 개장이 두렵다"""
다우존스,2020-03-17,"[아이넷 AI 로봇 기자] 코스피, 외국인 `팔자`에 하락 마감...1,672.44P (-2.47%↓)"
다우존스,2020-03-17,특별한 투자 성공 비결? 세계 거물급 부자들이 손해 덜 보는 방법
다우존스,2020-03-17,"`코로나 대공황` 공포에…필리핀, 금융시장마저 폐쇄"
다우존스,2020-03-17,"""코로나 8월까지 갈 듯"" 트럼프도, 연준도 속수무책…美증시 `21세기 블랙 먼데이` 공황"
다우존스,2020-03-17,[충무로에서] `줌아웃` 하면 희망이 보인다
다우존스,2020-03-16,"""손 쓸 방법이 없다"" 美증시 흑역사, 16일 또 서킷브레이커 발동…1주일 새 3번째"
다우존스,2020-03-16,뉴욕증시 8~9%대 폭락 개장…또 일시 거래중지
다우존스,2020-03-16,美 제로금리에도…글로벌 증시 일제히 폭락
다우존스,2020-03-16,"매경이 전하는 세상의 지식(매-세-지, 3월 16일)"
다우존스,2020-03-15,"美증시 10%폭락 다음날 9%폭등…""롤러코스터 터널끝 안보여"""
다우존스,2020-03-15,"`MB닮은 꼴 투자권유` 므누신 美재무장관 ""지금, 주식사기 딱 좋을 때인데~"""
다우존스,2020-03-14,"뉴욕증시, 트럼프 국가비상상태 선포에 폭등…다우, 9.36%↑"
다우존스,2020-03-13,비트코인 하루새 30% 폭락…한달만에 1184만→670만원
다우존스,2020-03-13,주식 채권 금…위험·안전자산 모두 던졌다
다우존스,2020-03-13,"코스피, 금융위기때 `반토막`…코로나發 하락속도 더 빨라"
다우존스,2020-03-13,"-9.99% 다우, 역사상 5번째 폭락…IT 빅5 시총 4000억弗 증발"
다우존스,2020-03-13,`13일의 금요일` 원·달러 환율 한 때 1220원대까지 올라…1219.3원 마감
다우존스,2020-03-13,"비트코인 40% 급락, 글로벌증시와 동반 하락세 “장기화 우려”"
다우존스,2020-03-13,"암호화폐 총 시가총액 2,000억 달러선 붕괴...3개월 최저치 外"
다우존스,2020-03-13,`코로나19` 팬데믹 충격에 아시아 증시 `우수수`…중국 증시 `선방`
다우존스,2020-03-13,`13일의 금요일`에 원·달러 환율 고점돌파…1220원대
다우존스,2020-03-13,"1987년 이후 최악 `증시 발작`에 비상 걸린 美연준, 1.5조달러 긴급 투입 발표"
다우존스,2020-03-13,"`팬데믹` 코로나19, 이제 금융시장도 삼켰다…전세계 주식시장 `패닉`"
다우존스,2020-03-13,"뉴욕증시, 코로나19 팬데믹 공포에 1987년 이후 최대 폭락…다우 9.99%↓"
다우존스,2020-03-13,"[빅데이터로 본 재테크] 팬데믹 증시…개미들, 실적株로 속속 `대피`"
다우존스,2020-03-13,12일 오전 서킷브레이커 발동하자 뉴욕연은 긴급 성명
다우존스,2020-03-12,"`날개 없는 추락` 美증시 또 서킷브레이커 발동…코로나공포 속 S&P500, 7%급락"
다우존스,2020-03-12,`끝없는 코로나 절망`…美선물시장서 다우지수5%이상 급락해 거래 중단
다우존스,2020-03-12,"美증시 코로나 한달만에 27% 폭락…""바닥 아직 멀었다"""
다우존스,2020-03-12,"`팬데믹` 신종코로나 바이러스, 마침내 美황소를 쓰러뜨리다"
다우존스,2020-03-12,WHO `팬데믹` 선언한 날…뉴욕증시 `11년 초장기 황소장` 끝나
다우존스,2020-03-12,"美증시, `팬데믹 선언`에 또 곤두박질…다우 5.86% 폭락"
다우존스,2020-03-11,"뉴욕증시, 코로나19 대응위한 미국 부양책 기대로 폭등…다우 4.89%↑"
다우존스,2020-03-10,"블룸버그 칼럼니스트 ""기관투자자, `안전자산` 비트코인 외면"" 外"
다우존스,2020-03-10,[핫이슈] 공매도 한시적 금지 증시 폭락 방어에 도움될까
다우존스,2020-03-10,"[종합] ""2008년 이후 최대 폭락"" 뉴욕증시, 코로나19·유가공포에 다우 7.79%↓"
다우존스,2020-03-10,"뉴욕증시, 코로나19·유가 공포에 폭락…다우 7.79%↓"
다우존스,2020-03-09,`공포의 블랙먼데이` 美뉴욕증시 서킷브레이커 발동…15분간 거래 중단
다우존스,2020-03-09,"KB금융, 업계 첫 ESG위원회 설치"
다우존스,2020-03-09,`원유 인버스` 모처럼 대박…9일 하루에만 60% 수익
다우존스,2020-03-08,"""공급·수요 동시 충격…재정적자 두려워말고 적재적소 돈 투입"""
다우존스,2020-03-06,공급망도 수요도 동시에 붕괴…글로벌 경제 `더블쇼크`
다우존스,2020-03-06,"뉴욕증시, 코로나19 불확실성에 급락…다우 3.58%↓"
다우존스,2020-03-05,캐나다도 빅컷·IMF 500억弗 지원…美연준發 `돈풀기 도미노`
다우존스,2020-03-05,美연준 기준금리 0.5%P 전격 인하
다우존스,2020-03-05,"`코로나 공포는 기회`…투자의 귀재 버핏, 537억원 주식 쇼핑"
다우존스,2020-03-05,"매경이 전하는 세상의 지식(매-세-지, 3월5일)"
다우존스,2020-03-05,"뉴욕증시, 민주당 경선 바이든 약진에 급반등...다우 4.53%↑"
다우존스,2020-03-04,美연준의 파격…전세계 경기부양 `신호탄`
다우존스,2020-03-04,"뉴욕증시, 연준의 긴급 금리인하에도 증시 불안에 하락마감…다우 2.94%↓"
다우존스,2020-03-03,G7 `코로나 불황 막기` 손잡았다
다우존스,2020-03-03,"美연준, 코로나發 시장불안 잠재우기…G7은 ""모든 수단 동원"""
다우존스,2020-03-03,"뉴욕증시, 코로나19 대응 연준 금리인하 기대에 반등…다우 5.09%↑"
다우존스,2020-03-01,"美 다우지수 연일 1000P 빠지자…파월, 이례적 등장 ""적절한 조치"""
다우존스,2020-02-29,"[주간증시전망] ""코로나19 확진자수 고점 확인 필요…2050선 이하 매수 유효"""
다우존스,2020-02-29,"매경이 전하는 세상의 지식(매-세-지, 2월 29일)"
다우존스,2020-02-29,"[사설] 코로나 패닉, 최악까지 상정하고 경제정책 다시 짜라"
다우존스,2020-02-28,코로나 `팬데믹`… 전세계 증시 도미노 폭락
다우존스,2020-02-28,"""안전지대 없다"" 美증시 1주새 12%폭락…월가 공포지수 2년來 최고"
다우존스,2020-02-28,美·中·日·獨 등 `빅6` 덮친 팬더믹…3차세계대전급 공포
다우존스,2020-02-28,美다우존스 사상 최대 폭락에…코스피 또 `검은 금요일`
다우존스,2020-02-28,"""中때문에 수급대란""…美 `한국전쟁 관련법` 발동해 마스크 3억개 생산 검토"
다우존스,2020-02-28,"뉴욕증시, 코로나19 확산 공포에 또 폭락…다우 4.42%↓"
다우존스,2020-02-27,"트럼프 등판에도 `코로나 공포`떠는 美증시…월가 ""주가 하락, 이제부터 시작"""
다우존스,2020-02-27,"트럼프 ""안전하다""했지만…美서 감염경로 모르는 환자 나와"
다우존스,2020-02-27,"뉴욕증시, 코로나19 여파 하락세 지속…다우 0.46%↓"
다우존스,2020-02-26,글로벌증시는 `팬데믹 공포`…美다우 이틀연속 3%씩 빠져
다우존스,2020-02-26,마스크 中수출 두달새 200배 폭증
다우존스,2020-02-26,"한국타이어, 11년 연속 `한국에서 가장 존경받는 기업` 1위"
다우존스,2020-02-26,"뉴욕증시, 코로나19 공포에 이틀 연속 급락…다우 3.15%↓"
다우존스,2020-02-25,伊 5%↓美 3.5%↓…세계증시 코로나 쇼크
다우존스,2020-02-25,정책 기대감이 코로나 이길까…추경·금리인하 패키지에 시장 기대감 솔솔
다우존스,2020-02-25,"뉴욕증시, 코로나19 글로벌 확산 공포에 급락…다우 3.56%↓"
다우존스,2020-02-25,"에쓰오일, 정유사 최초 2년연속 `올스타 30` 뽑혀"
다우존스,2020-02-24,"윤덕찬 지속가능발전소 대표 ""착한 기업이 실적 좋고 꾸준히 성장"""
다우존스,2020-02-21,안전자산이라던 엔화의 `굴욕`…코로나 충격에 맥없이 추락
다우존스,2020-02-21,`코로나 19`에 1200원대에 돌파한 원·달러 환율
다우존스,2020-02-21,"뉴욕증시, 코로나19 여파 재부각에 3대 지수 동반 하락…다우 0.44%↓"
다우존스,2020-02-20,"뉴욕증시, 중국 부양책 기대 및 양호한 미국 지표에 상승 마감…다우 0.40%↑"
다우존스,2020-02-19,"뉴욕증시, 애플의 코로나19 충격 우려에 하락 마감…다우, 0.56%↓"
다우존스,2020-02-17,"경기위축 우려에도…글로벌자금, 美성장주 베팅"
다우존스,2020-02-15,"뉴욕증시, 코로나19 불확실성·엇갈린 지표에 혼조...다우 0.09%↓"
다우존스,2020-02-14,"뉴욕증시, 중국 코로나19 리스크 재부각에 3대지수 하락 마감…다우 0.43%↓"
다우존스,2020-02-13,"뉴욕증시, 코로나19 확산 둔화에 3대지수 사상 최고 마감…다우 0.94%↑"
다우존스,2020-02-12,"코스피, 기관 매수 전환에 상승 반전…2040선 탈환엔 실패"
다우존스,2020-02-12,"코스피, 신종코로나 진정 기대감 속 강보합 출발"
다우존스,2020-02-12,"뉴욕증시, 신종 코로나 바이러스 확산 둔화 기대 속 약보합"
다우존스,2020-02-11,"뉴욕증시, 기업실적 호조에 힘입어 일제히 상승…다우 0.60%↑"
다우존스,2020-02-07,"전염병 유행한 뒤 주식 오를까, 내릴까?"
다우존스,2020-02-07,"뉴욕증시, 중국 관세 인하에 상승 마감…다우 0.30%↑"
다우존스,2020-02-06,"뉴욕증시, 미국 고용지표 개선·신종 코로나 백신개발 소식에 상승마감…다우 1.68%↑"
다우존스,2020-02-05,"미래에셋자산운용, TIGER나스닥100 ETF 순자산 1000억원 돌파"
다우존스,2020-02-05,"뉴욕증시, 신종 코로나 확산 우려에도 상승…다우 1.44%↑"
다우존스,2020-02-04,"대폭락 상하이 종합지수, 하루만에 반등…예견된 악재에 불안심리 진정"
다우존스,2020-02-04,"“아마존보다 ETF” 진화하는 해외 주식 직구, 미국 주식·신흥국·인컴형 등 증권사 추천 많이 받아"
다우존스,2020-02-04,"뉴욕증시, 美 제조업 지표 호조에 안도…다우, 0.51%↑"
다우존스,2020-02-02,`신종코로나 불안감`글로벌증시 열흘 새 3000조원 증발…中인민은행 1.2조 위안 투입
다우존스,2020-01-31,"뉴욕증시, WHO의 교역 제한 반대에 장 막판 반등…다우 0.43%↑"
다우존스,2020-01-30,"뉴욕증시, 신종 코로나 확산·Fed 기준 금리 동결에 혼조…다우 0.04%↑"
다우존스,2020-01-29,우한폐렴 3일천하?…애플 최대 실적에 美증시 반등
다우존스,2020-01-29,"뉴욕증시, 신종 코로나 주시 속 지표 호조에 상승 마감…다우 0.66%↑"
다우존스,2020-01-28,"시진핑 ""우한폐렴은 악마…반드시 승리"""
다우존스,2020-01-28,中 우한폐렴 사망 100명 넘어…확진 4515명
다우존스,2020-01-28,"뉴욕증시, `우한 폐렴` 공포 확산에 급락…다우 1.57%↓"
다우존스,2020-01-27,우한폐렴 찬물맞은 글로벌 금융시장…닛케이·美선물시장 1~2% 급락세
다우존스,2020-01-24,글로벌 실물 금융시장도 출렁
다우존스,2020-01-24,"뉴욕증시, WTO 우한폐렴 발언에 혼조 다우 0.09%↓"
다우존스,2020-01-23,"뉴욕증시, 우한 폐렴 사태 주시…다우, 0.03%↓"
다우존스,2020-01-22,"우한 폐렴, 제2의 사스 되나…다우지수 6일 만에 하락"
다우존스,2020-01-22,"뉴욕증시, 우한 폐렴 감염자 발생 소식에 하락 마감…다우 0.52%↓"
다우존스,2020-01-21,"뉴욕증시, 마틴 루터 킹 데이 맞아 휴장"
다우존스,2020-01-18,"뉴욕증시, 경제지표 호조에 사상 최고치...다우 0.17%↑"
다우존스,2020-01-17,애플·아마존·MS 이어…구글도 시총 `1조弗 클럽`
다우존스,2020-01-17,"뉴욕증시, 미·중 무역합의 1단계 서명에 상승…다우 0.92%↑"
다우존스,2020-01-16,美中 휴전…1단계 무역합의 공식 서명
다우존스,2020-01-16,"뉴욕증시, 미·중 무역합의 서명에 상승…다우 0.31%↑"
다우존스,2020-01-15,"뉴욕증시, 미중 무역합의 기대감 속 기업실적 주시하며 혼조…다우 0.11%↑"
다우존스,2020-01-14,"뉴욕증시, 미중 무역합의 서명 기대감에 상승 마감…0.29%↑"
다우존스,2020-01-11,"뉴욕증시, 다우존스 지수 사상 첫 2만9000선 돌파 뒤 하락…다우 0.46%↓"
다우존스,2020-01-11,"美 다우, 고용둔화에도 장중 최고치…29,000선 `터치`"
다우존스,2020-01-10,"뉴욕증시, 중동 긴장 완화에 상승 마감…다우 0.74%↑"
다우존스,2020-01-09,"""군사력 대신"" 트럼프 말에 글로벌증시 일제히 올랐다"
다우존스,2020-01-09,"뉴욕증시, 트럼프의 ‘이란 상대 군사 보복 자제’ 연설에 상승 마감…다우 0.56%↑"
다우존스,2020-01-07,"독일·홍콩에 놀랐지만…ELS, 그나마 너밖에 없다"
다우존스,2020-01-07,"뉴욕증시, 중동 불안에도 반등…다우 0.24%↑"
다우존스,2020-01-07,[World & Now] 미국경제의 `기억될 한 해`
다우존스,2020-01-06,금값 넘은 팔라듐…수익률도 신바람
다우존스,2020-01-06,`금보다 귀해진` 팔라듐…수익률 한달새 7% 껑충
다우존스,2020-01-06,[US REPORT] 세계 경제 용광로 새해도 후끈? 소비 탄탄·최저 실업률…美 2%대 성장 기대
다우존스,2020-01-05,"잘나가던 세계 증시 `주춤`, 유가·金·채권 일제히 급등"
다우존스,2020-01-05,올 해외주식 `MICE`가 핵심…美기술주·中증권주에 주목
다우존스,2020-01-05,`위험자산` 굳혔는데 이란 때문에…고민커진 투자자들
다우존스,2020-01-04,"뉴욕증시, 미국과 이란 긴장고조로 하락…다우 0.81%↓"
다우존스,2020-01-03,"美뉴욕 증시, 새해 첫날부터 사상최고…中유동성 공급에 환호"
다우존스,2020-01-03,"뉴욕증시, 中 경기부양책에 급등…다우 1.16%↑"
다우존스,,다우존스 지속가능경영지수
다우존스,,다우존스산업평균지수
다우존스,2020.12.31,"[자이앤트레터] ""바이든, 테슬라에 힘실어줄것…전기차·비트코인 폭등할까"""
다우존스,2020.12.30,"인텔, 헤지펀드서 “삼성·TSMC에 밀린다” 지적받고도 4.9% 상승"
다우존스,2020.12.29,`새해 기대감에 사자 주문` 日 닛케이지수 27000선 돌파
다우존스,2020.12.29,"[자이앤트레터] 알리바바發 중국 기술주 급락 쓰나미…""이제 시작일뿐"" 경고"
다우존스,2020.12.29,"트럼프 부양책 서명에...뉴욕증시, 3대지수 사상최고치 마감"
다우존스,2020.12.27,동학개미·닌자개미·로빈후드 `즐거운 연말`…돈 누가 많이 벌었나
다우존스,2020.12.25,"뉴욕증시, 브렉시트·美 부양책 주시…다우 0.23% 상승 마감"
다우존스,2020.12.24,[자이앤트레터] 리퍼플릭서비스도 `사기 논란` 니콜라에 이별 선언
다우존스,2020.12.24,코로나19 변종 우려 완화에 여행株 반색…유나이티드항공·델타항공 3%↑
다우존스,2020.12.23,전기차 진출 소식에 애플 2.9% 껑충…테슬라 1.5%↓
다우존스,2020.12.22,[매경 선정 국내외 10대 뉴스] 170만명 생명 앗아간 코로나…지구촌 경제 멈춰세우다
다우존스,2020.12.22,"월가도 나선 암호화폐 지수 시장, 관건은 `신뢰`"
다우존스,2020.12.22,"[자이앤트레터] 테슬라 S&P500 입성한 날…`애플, 2024년 자율주행차 출시` 소식"
다우존스,2020.12.22,테슬라 S&P500 편입 첫날 6.5% `급락`…변종 코로나에 속수무책
다우존스,2020.12.21,"현대건설, 도시정비 4.7조 창사이래 최대 수주…사장도 바꿨다"
다우존스,2020.12.19,"테슬라, S&P500 편입 전 거래량 폭발…6% 급등"
다우존스,2020.12.18,"""사상최고 美증시, 기술주 힘입어 계속 더 간다"""
다우존스,2020.12.18,美9000억달러 규모 부양책 합의 기대에…뉴욕증시 3대 지수 `고공행진`
다우존스,2020.12.17,"3년 만에 다시 울리는 ""가즈아!""…비트코인 사상 첫 2만달러 돌파"
다우존스,2020.12.17,"한국타이어, 탄소배출 대응으로 `CDP 기후변화대응` 최상위 평가"
다우존스,2020-12-17,[자이앤트레터] `2만 코인` 덕에 뉴욕증시 스퀘어·페이팔도 미소…한국증시 관련주는 ?
다우존스,2020-12-16,"중국 기업 7곳, MSCI지수 제외"
다우존스,2020-12-15,[자이앤트레터] `호실적 예상` 테슬라 날고 `백신 접종` 불구 너구리 울었다
다우존스,2020-12-15,"뉴욕증시, 백신 접종 개시에도 봉쇄 우려 재부각돼 혼조세…다우 0.62%↓"
다우존스,2020-12-14,"효성첨단소재, `기후변화대응` 부문서 최고 등급에 선정…상위 3%"
다우존스,2020-12-11,"한국타이어, 5년 연속 `다우존스 지속가능경영지수(DJSI) 월드` 수상"
다우존스,2020-12-11,"뉴욕증시, 고용지표 부진에 혼조세 마감…다우 0.23%↓"
다우존스,2020-12-10,美실업수당 85만건…2주 만에 다시 급증
다우존스,2020-12-10,"삼성證, DJSI월드지수 업계 첫 11년연속 편입"
다우존스,2020-12-10,"미래에셋대우, ESG 경영성과 3관왕 달성"
다우존스,2020-12-10,"삼성증권, 금융권 최초 DJSI 월드지수 11년 연속 편입"
다우존스,2020-12-10,"삼성화재, 7년 연속 `DJSI 월드` 지수 편입"
다우존스,2020-12-10,"뉴욕증시, 코로나19 부양책 협상 난항에 하락…다우 0.35%↓"
다우존스,2020-12-09,"신한금융, 국내 금융그룹 첫 CDP 평가 7년 연속 최고등급 획득"
다우존스,2020-12-09,"뉴욕증시, S&P·나스닥 사상 최고치 경신…다우 0.35%↑"
다우존스,2020-12-08,"뉴욕증시, 코로나19 악화·레벨 부담에 혼조 마감…다우 0.49%↓"
다우존스,2020-12-08,"삼성SDI, ESS 등 첨단소재 기술 확보…배터리시장 선도"
다우존스,2020-12-07,[유동원의 글로벌 투자전략] 투자 매력 더 커지는 신흥국 증시
다우존스,2020-12-05,"뉴욕증시, 미 부양책 기대감에 0.83% 마감...""3대 지수, 사상 최고 마감"""
다우존스,2020-12-04,美 일자리 회복세 크게 둔화…11월 24.5만개 증가 그쳐
다우존스,2020-12-04,"한눈에 보는 ‘2021 대예측 포럼’ | 서학개미, 바이오·신재생에너지로 경제 V자 반등…집값 여전히 상승"
다우존스,2020-12-04,코로나 검사 의무화한 뉴욕 레스토랑…뉴노멀 시대의 서곡 [박용범 특파원의 유레카 뉴욕]
다우존스,2020-12-04,"뉴욕증시, 미 부양책 주시·코로나19 확산 속 혼조 마감…다우 0.29%↑"
다우존스,2020-12-03,"뉴욕증시, 민간고용 지표 부진 속 혼조 마감…다우 0.20%↑"
다우존스,2020-12-02,투자고수 중국에 홀리다
다우존스,2020-12-02,"바이든, `이글루 효과` 만들어낼까 [박용범 특파원의 유레카 뉴욕]"
다우존스,2020-12-02,"뉴욕증시, 백신 기대로 S&P500·나스닥 사상 최고 마감…다우 0.63%↑"
다우존스,2020-12-01,`뉴욕증시 수소·전기차株변동성↑` 테슬라 S&P500 한번에 진입…니콜라 `패닉셀` 주의보
다우존스,2020-12-01,"뉴욕증시, 최근 기록적 상승 부담에 하락 마감…다우 0.91%↓"
다우존스,2020-11-30,美 ‘슈퍼 재무장관’ 탄생에 샴페인 터뜨린 월街-옐런 前 연준의장 선택은 先경기 부양
다우존스,2020-11-30,안전자산 대명사 금·달러 지금 투자?
다우존스,2020-11-30,정치 불확실성 해소·백신 기대감에 초강세 증시-코스피 최고치 경신하고 다우지수 3만 돌파
다우존스,2020-11-28,"[박용범 특파원의 유레카 뉴욕] 줄서는 `블프` 사라진 美…유통, 그 이후는"
다우존스,2020-11-28,"뉴욕증시, 미 연말 쇼핑 시즌 기대감...S&P·나스닥 사상최고치 마감"
다우존스,2020-11-26,한때 `시총 세계1위` 엑손의 암울한 내부 보고서…유가전망 계속 낮춰
다우존스,2020-11-26,이미 오른 美 대신 中으로? ‘중(中)학개미’ 최애 종목은
다우존스,2020-11-26,"뉴욕증시, 실업지표 악화에 혼조세…다우 0.58%↓"
다우존스,2020-11-26,"매경이 전하는 세상의 지식 (매-세-지, 11월 26일)"
다우존스,2020-11-25,`백신호재·바이든내각` 환영 랠리…美다우지수 3만선 넘었다
다우존스,2020-11-25,"다우지수 3만 돌파에…트럼프 ""역사적 수치"" 자찬하고 사라져"
다우존스,2020-11-25,"소나무 5만그루 효과…BAT 사천공장, `태양광 발전설비` 도입"
다우존스,2020-11-25,"""베조스 형, 긴장해""…시총 5000억달러 뚫은 머스크 부호 1위 넘본다"
다우존스,2020-11-25,美백신·민주당 부양책이 온다…`나는 기름 값 vs 움츠린 금 값` 투자자들 희비 엇갈려
다우존스,2020-11-25,"뉴욕증시, 다우 사상 첫 3만 고지…나스닥도 1만2000 재돌파"
다우존스,2020-11-24,"JP모건 ""주가 상승은 기관들 매도 압박""…글로벌 증시 연말 334조원 자금 이동"
다우존스,2020-11-24,"뉴욕증시, 백신 기대·옐런 국무장관 낙점에 상승 마감…다우 1.12%↑"
다우존스,2020-11-23,"현금 쌓아뒀던 美기업, 배당 보따리 풀었다"
다우존스,2020-11-23,"배당이 온다…뉴욕증시, 포스트코로나 꿈꾸며 배당·IPO 재개"
다우존스,2020-11-23,[CEO LOUNGE] 증권업 첫 영업이익 1조 눈앞 최현만 미래에셋대우 수석부회장 | 사모펀드 사태 ‘無風’ 해외사업은 ‘順風’
다우존스,2020-11-23,"뉴욕증시 중소형 가치주 꿈틀대는데…서학개미, 여전히 대형 기술주 편식"
다우존스,2020-11-20,먹튀 CEO 변수에…테슬라·모더나 주가희비
다우존스,2020-11-20,트럼프의 뒤끝…`코로나 대출` 끊어 美경제 회복에 찬물
다우존스,2020-11-20,김정남 DB손보 부회장…업계 최초 품질경영 산업훈장 수상
다우존스,2020-11-20,`10달러 짜리`라던 테슬라 주가 사상 최고…`개미 군단` 사로잡아
다우존스,2020-11-20,"JP모건 애널리스트 ""투자자, 인플레이션 헤지 수단으로 금 대신 BTC 선택 증가"" 外"
다우존스,2020-11-20,"바이든 ""첫 재무장관, 중도당원도 좋아할 것""…옐런 카드 급부상"
다우존스,2020-11-20,"뉴욕증시, 코로나 악화에도 부양책 협상 기대…다우, 0.15%↑"
다우존스,2020-11-19,"현대건설, DJSI `건설·엔지니어링 부문` 세계 1위 선정"
다우존스,2020-11-19,"뉴욕증시, 코로나19 확산 불안에 하락…다우 1.16%↓"
다우존스,2020-11-18,"뉴욕증시, 랠리 후 숨 고르기…다우 0.56%↓"
다우존스,2020-11-17,테슬라 내달 S&P500 편입…서학개미 `웃음꽃`
다우존스,2020-11-17,"삼성SDI, 다우존스 지속가능경영 월드지수에 16번째 편입…국내 최다 선정"
다우존스,2020-11-17,"중국 전기차 보란 듯…블룸버그 ""테슬라 S&P500 편입"" 마감 후 거래 13%급등"
다우존스,2020-11-17,"뉴욕증시, 모더나 백신 개발 기대감에 상승 마감…다우, 1.6%↑"
다우존스,2020-11-16,`BB랠리` 美증시 승자는 소형주였네
다우존스,2020-11-16,"SK이노·삼성물산·한국타이어, 다우존스 지속가능 `월드기업`"
다우존스,2020-11-16,"에쓰오일, 11년 연속 `DJSI 월드` 기업 선정"
다우존스,2020-11-16,"한국타이어, 세계 최고 클래스 `DJSI 월드지수` 5년 연속 편입"
다우존스,2020-11-16,"삼성물산, 지속가능경영 DJSI 월드지수 4년 연속 편입"
다우존스,2020-11-15,"LG전자, 다우존스 지속가능지수 최우수…가전 부문서 7년 연속 쾌거"
다우존스,2020-11-15,미래에셋 9년 연속 DJSI월드지수 선정
다우존스,2020-11-15,"아이셰어즈MSCI코리아, 한달새 10% 상승"
다우존스,2020-11-15,LG생활건강 `다우존스 지속가능경영 월드 지수` 3년 연속 편입
다우존스,2020-11-15,KB금융 `ESG 경영` 성과…DJSI월드 5년 연속 편입
다우존스,2020-11-15,`코리아프리미엄` 한국 ETF 질주…뉴욕증시 3대지수 상승세 따돌려
다우존스,2020-11-14,美 코스트코 사재기 재연…관련주는 오른다 [박용범 특파원의 유레카 뉴욕]
다우존스,2020-11-14,"[속보]뉴욕증시, 코로나19 백신 기대·양호한 기업 실적에 상승…다우 1.37%↑"
다우존스,2020-11-13,"뉴욕증시, 코로나19 상황 악화 우려에 하락 마감…다우 1.08%↓"
다우존스,2020-11-12,눌렸던 기술주들 다시 올랐다…나스닥 2.0%↑
다우존스,2020-11-12,"뉴욕증시, 코로나19 확진자 급증에 혼조 마감…다우 0.08%↓"
다우존스,2020-11-11,"글로벌 증시 `손바뀜` 하루1900조…""너네들 나 봤지?"" 뛰는 S&P500위에 나는 러셀2000"
다우존스,2020-11-11,"다우 0.9%↑, 나스닥은 1.4%↓…제 갈길 간다"
다우존스,2020-11-11,"뉴욕증시, 코로나19 백신 기대감·기술주 매도세 지속…다우 0.90%↑"
다우존스,2020-11-10,"코스피, 글로벌 증시에도 약세 전환…외국인·기관 동시 매도"
다우존스,2020-11-10,`효과 90%` 백신 소식에 뉴욕증시 폭등…다우 2.95%↑
다우존스,2020-11-10,"뉴욕증시, 코로나19 백신 희소식에 급등 마감…다우 2.95%↑"
다우존스,2020-11-10,백신 기대감에 뉴욕증시 급등 출발
다우존스,2020-11-09,달러당 원화값 1113.9원
다우존스,2020-11-09,`힐링 바이든` 꿈꾸는 글로벌 증시…美 `분열정부` 과거엔 증시 영향 미미
다우존스,2020-11-07,"`백악관 민주당, 상원 공화당` 구도, 美증시 끌어올렸다"
다우존스,2020-11-07,"뉴욕증시, 대선 이후 상승세 멈추고 ‘숨고르기’…다우, 0.24%↓"
다우존스,2020-11-07,"매경이 전하는 세상의 지식 (매-세-지, 11월 7일)"
다우존스,2020-11-06,"""바이든 기업규제, 상원이 막을것""…美 화끈한 `대선랠리` 기대감"
다우존스,2020-11-06,사흘째 순항한 뉴욕증시…트럼프 대통령 회견 촉각
다우존스,2020-11-06,"뉴욕증시, 미국 대선 결과 기대감에 상승 마감…다우 1.95%↑"
다우존스,2020-11-05,반대로 가는 한·미 증시 `바이든 테마주` 대북주도 흔들…`바이든 당선 vs 블루웨이브 패배`
다우존스,2020-11-05,"美증시 `백악관 민주당, 상원 공화당`에 베팅…다우 1.3%↑"
다우존스,2020-11-05,"뉴욕증시, 미국 대선 결과 주시하며 나스닥 급등 마감…다우 1.34%↑"
다우존스,2020-11-05,美증시는 상원 선거 결과에 더 촉각?
다우존스,2020-11-04,다우·S&P 선물…불안한 움직임
다우존스,2020-11-04,코스피·닛케이 오르고 상하이 주춤
다우존스,2020-11-04,판도라상자 열리는 美대선 개표…트럼프 `예상 밖 선전`에 나스닥 선물 강세
다우존스,2020-11-04,뉴욕증시 연이틀 상승…`바이든 당선`에 베팅?
다우존스,2020-11-04,"뉴욕증시, 차기 미국 대통령 확정 기대에 급등…다우 2.06%↑"
다우존스,2020-11-03,월가 `바이든 당선`에 베팅?…다우 1.6%↑
다우존스,2020-11-03,"뉴욕증시, 美 대선 하루 앞두고 낙관론에 상승 마감…다우 1.6%↑"
다우존스,2020-10-31,美 확진자 900만명 돌파에 뉴욕증시 추락…나스닥 2.5%↓
다우존스,2020-10-31,"뉴욕증시, 미 대선 불확실성·코로나19 급속 확산에 하락……다우 0.59%↓"
다우존스,2020-10-30,"매경이 전하는 세상의 지식(매-세-지,10월30일)"
다우존스,2020-10-30,"뉴욕증시, 성장률 등 호조에 반등 성공…다우 0.52%↑"
다우존스,2020-10-30,"뉴욕증시, 코로나19 우려에도 미국 경제 성장률 양호에 상승 …다우 0.52%↑"
다우존스,2020-10-29,"""배당금 올해는 못올려줘"" 코로나에 38년 전통 무너진 `엑슨모빌`"
다우존스,2020-10-29,코로나發 더블딥 공포…요동치는 美·유럽주가
다우존스,2020-10-29,"한국타이어, 美 `2020 갤럭시 어워즈` CSR 보고서 분야 1위"
다우존스,2020-10-29,"한국타이어, 美 `2020 갤럭시 어워즈` CSR 보고서 분야 `1위`"
다우존스,2020-10-29,코로나 대유행에 美·유럽 증시 곤두박질
다우존스,2020-10-29,"뉴욕증시, 코로나19 재확산·봉쇄 강화에 급락…다우 3.43%↓"
다우존스,2020-10-28,`퇴거 대란 위기` 놓인 미국 주택임대 시장…서학개미도 불안
다우존스,2020-10-28,코로나 2차 대유행에 美증시 부담…다우 0.8%↓
다우존스,2020-10-28,"뉴욕증시, 코로나19 재유행 불안 속 혼조세…다우 0.8%↓"
다우존스,2020-10-27,코로나 확진자 연일 최고…세계증시 `공포`
다우존스,2020-10-27,"월가 ""중국 말고 다른 신흥국 단기 투자하라…美 증시는 대선 후 반등"""
다우존스,2020-10-27,"코스피, 개인·기관 동시 매도…하락 출발"
다우존스,2020-10-27,코로나 재급증에 美증시 폭락…다우 2.3%↓
다우존스,2020-10-27,"뉴욕증시, 코로나19 상황 악화에 불안감 커져…다우, 2.29% ↓"
다우존스,2020-10-27,"하나금융그룹, 고객·주주·직원·사회공동체 아우르는 사회가치 경영"
다우존스,2020-10-26,"재확산 불안감 속 `포스트코로나` 지피는 뉴욕증시 섹터로테이션…중소형주, 대형주 추월"
다우존스,2020-10-24,"뉴욕증시, 부양책 불확실성에 혼조세…다우 0.10%↓"
다우존스,2020-10-24,"뉴욕증시, 미 부양책 불확실성 지속에 혼조 마감…다우 0.1%↓"
다우존스,2020-10-23,은행·여행株가 들어올린 뉴욕증시…다우 0.54%↑
다우존스,2020-10-23,"뉴욕증시, 경기 부양책 진전·지표 호조에 상승마감…다우 0.54%↑"
다우존스,2020-10-22,"美, 실업수당 청구 줄었다…코로나 사태 후 최저"
다우존스,2020-10-22,부양책 협상과 거리두는 뉴욕증시…다우 0.35%↓
다우존스,2020-10-22,"뉴욕증시, 미국 부양책 협상 눈치 보기 장세 끝 하락 마감…다우 0.35%↓"
다우존스,2020-10-21,"펠로시, ""부양책 협상 낙관""에 오른 뉴욕증시…다우 0.40%↑"
다우존스,2020-10-21,"뉴욕증시, 미 추가부양책 타결 기대감에 강세…다우 0.40%↑"
다우존스,2020-10-20,"뉴욕증시, 미국 부양책 마감시한 극적 타결 기대 상승 출발"
다우존스,2020-10-20,부양책 협상 난항에 뉴욕증시 하락…다우 1.44%↓
다우존스,2020-10-20,"뉴욕증시, 미국 부양책 불확실성 지속에 하락 마감...다우 1.44%↓"
다우존스,2020-10-17,"뉴욕증시, 지표 호조에도 기술주 부진에 혼조…다우 0.39%↑"
다우존스,2020-10-16,3일간 미끄러진 뉴욕증시…나스닥 0.47%↓
다우존스,2020-10-16,"뉴욕증시, 미 지표 부진 속 부양책 촉각…다우 0.07%↓"
다우존스,2020-10-15,"美 실업수당 청구, 다시 증가세로 반전"
다우존스,2020-10-15,부양책만 바라보는 뉴욕증시 `갈지자 행보`
다우존스,2020-10-15,므누신 장관 한마디에 미끌어진 뉴욕증시…다우 0.58%↓
다우존스,2020-10-15,"뉴욕증시, 미국 대선 전 부양책 기대 후퇴…다우 0.58%↓"
다우존스,2020-10-14,"뉴욕증시, 실적 경계·코로나 백신 개발 차질에 하락…다우, 0.55%↓"
다우존스,2020-10-14,"뉴욕증시, 5일만에 하락 반전…다우 0.55%↓"
다우존스,2020-10-13,"미래에셋 TIGER나스닥100 ETF, 순자산 5000억원 돌파"
다우존스,2020-10-13,애플이 끌어올린 美증시…나스닥 2.56%↑
다우존스,2020-10-13,"뉴욕증시, 애플 등 기술주 일제 강세로 나스닥 급등…다우 0.88%↑"
다우존스,2020-10-12,외국인이 끌고 연기금이 밀고…코스피 2400선 재탈환
다우존스,2020-10-10,"뉴욕증시, 트럼프 대규모 부양책 타결 촉구…다우, 0.57%↑"
다우존스,2020-10-09,"펠로시 의장에 더 민감해진 美 증시…다우, 0.43%↑"
다우존스,2020-10-09,"뉴욕증시, 신규 부양책 협상 기대감에 상승…다우 0.43%↑"
다우존스,2020-10-08,"美일자리 시장, 회복력 약해진다…지난주 신규실업수당 청구 84만 건"
다우존스,2020-10-08,트럼프 한마디에 다시 美증시 반등…다우 1.91%↑
다우존스,2020-10-08,"뉴욕증시, 트럼프 일부 부양책 타결 촉구에 상승…다우, 1.91%↑"
다우존스,2020-10-07,트럼프가 꺼낸 대선승부수…경기부양책 협상 전격중단
다우존스,2020-10-07,"뉴욕증시, 추가 부양책 협상 중단 소식에 급락…다우 1.34%↓"
다우존스,2020-10-07,"트럼프, 부양책 협상중단 지시에 美증시 급락"
다우존스,2020-10-06,"뉴욕증시, 트럼프 조기 퇴원·부양책 기대에 상승 마감…다우 1.68%↑"
다우존스,2020-10-05,[유동원의 글로벌 투자전략] 미국 친환경株 투자 늘려야 하는 까닭
다우존스,2020-10-04,`트럼프 트윗`만 바라보는 美증시…국내영향은 제한적
다우존스,2020-10-03,"[속보]뉴욕증시, 트럼프 코로나19 감염에 흔들…다우, 0.48%↓"
다우존스,2020-10-03,트럼프 건강상태에 널뛰기한 뉴욕 증시…나스닥 2.2% 하락 마감
다우존스,2020-10-02,트럼프 `증상 경미` 소식에 美증시 낙폭 줄여
다우존스,2020-10-02,트럼프 확진에 美증시 요동칠 듯…다우 선물 1.4% 하락
다우존스,2020-10-02,`트럼프 코로나 확진`에 미국증시 요동…다우 선물·나스닥 급락
다우존스,2020-10-02,트럼프 대통령 코로나 확진…美 대선 일정 카오스 상태
다우존스,2020-10-02,"뉴욕증시, 미국 부양책 협상에 촉각…다우, 0.13%↑"
다우존스,2020-10-01,"뉴욕증시, 추가 경기 부양책 합의 기대감에 상승 마감…다우 1.2%↑"
다우존스,2020-09-30,"뉴욕증시, 미 대선 첫 TV토론 앞두고 하락…다우 0.48%↓"
다우존스,2020-09-29,"뉴욕증시, 미국 신규 부양책 협상 기대에 상승…다우 1.51%↑"
다우존스,2020-09-26,기술주 충격 벗어나나…나스닥 주간 상승률 1.1%
다우존스,2020-09-26,"뉴욕증시, 기술주 반등에 상승 마감…다우 1.34%↑"
다우존스,2020-09-25,"뉴욕증시, 엇갈린 미국 지표 속 상승 마감…다우 0.2%↑"
다우존스,2020-09-25,[Money & Riches] `로보어드바이저 앱`…복잡한 자산배분도 앱 하나로 간단하게
다우존스,2020-09-24,기술주 투자심리 `방전`되자…`잠재된 악재`가 보이기 시작했다
다우존스,2020-09-24,"""달러가 최고""…돈 다시 안전자산으로"
다우존스,2020-09-24,"테슬라, 美정부에 `중국 관세 철회` 소송제기…니콜라, BP와 협력 물거품"
다우존스,2020-09-24,"뉴욕증시, 코로나 불안 속 기술주 급락 마감…다우 1.92%↓"
다우존스,2020-09-23,"뉴욕증시, 코로나19 우려 속 기술주 강세…다우, 0.52% ↑"
다우존스,2020-09-22,"뉴욕증시, 유럽 재봉쇄 우려에 급락…다우 1.84%↓"
다우존스,2020-09-19,"뉴욕증시, 미중 갈등과 기술주 불안에 하락…다우 0.88%↓"
다우존스,2020-09-18,"뉴욕증시, 연준 실망·코로나 백신 불확실성…다우, 0.47%↓"
다우존스,2020-09-17,"뉴욕증시, 미 연준 저금리 기조 유지 결정에도 혼조 마감...다우 0.13%↑"
다우존스,2020-09-17,"[세상읽기] 주식시장, 이번은 다르다고?"
다우존스,2020-09-16,"코스피, 기관 매도에 하락 마감…코스닥은 900 고지 돌파 실패"
다우존스,2020-09-16,"코스피, 미국 기술주 상승에도 약보합세…코스닥은 900선 돌파"
다우존스,2020-09-16,"뉴욕증시, 지표 호조·기술주 반등에 강세…다우 0.01%↑"
다우존스,2020-09-15,"뉴욕증시, 기업 인수합병 등 호재로 기술주 반등…다우, 1.18% ↑"
다우존스,2020-09-12,"뉴욕증시, 양호한 경제지표에도 기술주 불안에 혼조…다우 0.48%↑"
다우존스,2020-09-11,"뉴욕증시, 미국 실업 지표 부진에 기술주 불안 하락마감…다우 1.45%↓"
다우존스,2020-09-10,"뉴욕증시, 기술주 투매 진정에 반등…다우 1.6%·나스닥 2.71%↑"
다우존스,2020-09-09,"AI 간편투자앱 핀트, 8월 신규 투자일임 계좌 전년대비 23배 증가"
다우존스,2020-09-09,"코스피, 美기술주 추락과 미중 갈등 격화에 하락 출발"
다우존스,2020-09-09,"뉴욕증시, 기술주 불안·미중 갈등 우려에 폭락…다우 2.25%·나스닥 4.11%↓"
다우존스,2020-09-07,코스피 상승에도…심해지는 펀드 양극화
다우존스,2020-09-06,테슬라 S&P500 편입 실패…기대감에 올랐던 주가 급락
다우존스,2020-09-05,"`희망의 배신` 테슬라, S&P500지수 편입 실패…외신 ""지구상 최고의 자동차 기업이 빠졌다"""
다우존스,2020-09-05,"뉴욕증시, 미국 고용지표 개선에도 기술주 조정 여파로 하락…다우, 0.56%↓"
다우존스,2020-09-04,이틀째 휘청…거침없이 질주하던 애플·테슬라 주가 어디로
다우존스,2020-09-04,애플·테슬라…요동치는 美기술주
다우존스,2020-09-04,"뉴욕증시, 애플 등 기술주 급락에 패닉…다우 2.78%·나스닥 4.96%↓"
다우존스,2020-09-04,"""너무 달렸다""…나스닥 장중 4% 이상 폭락"
다우존스,2020-09-03,"못말리는 트럼프 `백신정치`…""美대선 이틀전 접종준비 완료"""
다우존스,2020-09-03,"`뉴욕증시의 악동` 테슬라, 주가 급락했지만 회사채 가격 사상 최고"
다우존스,2020-09-03,"뉴욕증시, 코로나19 백신 기대에 상승세…다우, 1.59% ↑"
다우존스,2020-09-03,"테슬라 유상증자 발표 후 최대 외부 주주, `주가급등` 이유 보유지분 축소 신고"
다우존스,2020-09-02,"뉴욕증시, 미국 제조업 회복세·기술주 약진에 상승…다우 0.76%↑"
다우존스,2020-09-01,"뉴욕증시, 숨고르기 속 나스닥 `사상 최고`…다우 0.78%↓"
다우존스,2020-08-31,엑손모빌 빠진 자리 누가 차지했을까…세일즈포스·암젠·하니웰 ‘다우 뉴페이스’
다우존스,2020-08-31,[매경시평] 리더 보면 팬데믹시대 승자 보인다
다우존스,2020-08-29,"뉴욕증시, 연준 경기부양 의지에 상승 마감…다우 0.57%↑"
다우존스,2020-08-28,"뉴욕증시, 연준 평균물가목표 채택에도 혼조세…다우 0.57%↑"
다우존스,2020-08-27,"뉴욕증시, 기술주 강세에 상승 마감…다우 0.3%↑"
다우존스,2020-08-26,ELS 기초자산도 美기술주가 대세
다우존스,2020-08-26,"매경이 전하는 세상의 지식(매-세-지, 8월26일)"
다우존스,2020-08-26,"뉴욕증시, 경제지표 부진에 혼조세 마감…다우 0.21%↓"
다우존스,2020-08-25,`다우지수 터줏대감` 엑손모빌도 퇴출…美증시 세대교체
다우존스,2020-08-25,"""옷은 다 벗어도 마스크는 써야"" 佛 누드비치 140명 집단감염"
다우존스,2020-08-25,미국의 석유공룡 `엑슨모빌` 100년만에 다우존스서 퇴출 `충격`
다우존스,2020-08-25,"뉴욕증시, 코로나19 치료제·백신 기대에 강세…다우 1.35% ↑"
다우존스,2020-08-24,"KB자산운용, 美데이터센터·IT인프라에 주목"
다우존스,2020-08-22,"뉴욕증시, 경제지표 호조·양호한 기업실적에 상승…다우 0.69%↑"
다우존스,2020-08-21,"뉴욕증시, 미국 실업 지표 악화에도 기술주 강세…다우 0.17%↑"
다우존스,2020-08-20,애플 2조 달러 기업 등극…이탈리아 경제보다 커
다우존스,2020-08-20,"뉴욕증시, 연준 의사록 실망·미중 갈등에 하락 마감…다우 0.31%↓"
다우존스,2020-08-19,"뉴욕증시, 경제지표 호조·기술주 강세 속 혼조…다우 0.24%↓"
다우존스,2020-08-18,"코스피, 코로나 재확산 우려에 하락 출발…2410선 등락"
다우존스,2020-08-15,"뉴욕증시, 엇갈린 美소비·생산 지표에 혼조…다우, 0.12% 상승 마감"
다우존스,2020-08-14,"뉴욕증시, 美 실업 지표 호조 속 부양책 불확실성에 혼조…다우 0.29%↓"
다우존스,2020-08-13,美 실업수당 청구 100만건 밑으로…코로나 팬데믹 이후 처음
다우존스,2020-08-13,"뉴욕증시, 미국 물가 강세 등 힘입어 상승 마감…다우 1.05%↑"
다우존스,2020-08-12,"""美개미들 더 오라"" 테슬라 주식분할"
다우존스,2020-08-12,`로빈후드 군단` 거느린 테슬라 주식분할…S&P500편입 앞두고 다우30편입설도
다우존스,2020-08-12,"뉴욕증시, 코로나 백신 기대에도 기술주 후퇴에 하락 마감…다우 0.38%↓"
다우존스,2020-08-11,쉴틈없는 순환매 랠리…추격매수는 금물
다우존스,2020-08-11,"뉴욕증시, 코로나19 확산 둔화 속 신규 부양책 주시 혼조…다우 1.30%↑"
다우존스,2020-08-08,"뉴욕증시, 미-중 긴장·경기부양책 불확실성에 혼조…다우 0.17%↑"
다우존스,2020-08-07,美 실업률 3개월째 개선…7월 10.2% 기록
다우존스,2020-08-07,국내 투자자가 쓸어담은 종목은-애플·항서·텐센트 알짜주 줄줄이 ‘찜’
다우존스,2020-08-07,"뉴욕증시, 미 실업 지표 호조에 나스닥 1만1000선 돌파…다우 0.68%↑"
다우존스,2020-08-06,"제미니 창업자 ""크립토 혹한기 지나 마침내 여름"" 外"
다우존스,2020-08-06,"뉴욕증시, 미국 고용 우려에도 부양책 기대에 강세…다우, 1.39% ↑"
다우존스,2020-08-05,"뉴욕증시, 미국 부양책 기대감에 강세…다우 0.62%↑"
다우존스,2020-08-04,"미래에셋 TIGER나스닥100 ETF, 순자산 3000억원 돌파"
다우존스,2020-08-04,"뉴욕증시, 기술주 강세 힘입어 일제히 상승…다우 0.89%↑"
다우존스,2020-08-01,"뉴욕증시, 미국 부양책 난항에도 애플 주가 랠리…다우 0.44%↑"
다우존스,2020-07-31,"뉴욕증시, 미국 성장률 추락에도 기술주 강세에 혼조…다우 0.85%↓"
다우존스,2020-07-31,美 2분기 GDP -32.9%…73년만에 최악 역주행
다우존스,2020-07-30,파월 `비둘기 발언`에…코스피 연고점 터치
다우존스,2020-07-30,"코로나에 망가진 美성장엔진…파월 ""가능한 모든수단 동원"""
다우존스,2020-07-30,"뉴욕증시, 연준 경기부양 방침 재확인에 상승 마감…다우 0.61%↑"
다우존스,2020-07-29,"뉴욕증시, 미 부양책 협상 경계·실적 부진에 하락마감…다우, 0.77% ↓"
다우존스,2020-07-28,"뉴욕증시, 미국 부양책 기대·기술주 반등에 상승…다우 0.43%↑"
다우존스,2020-07-27,"AI가 맞을까 사람이 맞을까…AI는 ""하반기 美주식이 가장 유망"""
다우존스,2020-07-26,[뉴욕증시 전망] 미 2분기 성장률·FOMC·애플 실적 등 주목
다우존스,2020-07-25,"뉴욕증시, 미중 갈등과 기술주 조정에 하락…다우, 0.68% ↓"
다우존스,2020-07-24,"폼페이오 ""中, 배은망덕한 프랑켄슈타인"" vs 후시진 ""폼페이오는 미친 인간"""
다우존스,2020-07-24,"뉴욕증시, 실업자 증가에 기술주 약세로 하락…다우 1.31%↓"
다우존스,2020-07-23,美 신규실업 수당 청구 4개월만에 증가로 반전
다우존스,2020-07-23,지난주 美 신규 실업수당 청구 142만건…16주만에 증가
다우존스,2020-07-23,진격의 테슬라…이번엔 소형 전기차 승부수
다우존스,2020-07-23,"`깜짝` 흑자 테슬라, S&P500 편입은 언제?…머스크 ""오스틴에 공장 건설"""
다우존스,2020-07-23,"뉴욕증시, 미·중 충돌에도 코로나 백신 기대에 강세…다우 0.62%↑"
다우존스,2020-07-22,"뉴욕증시, 유럽연합 부양책에도 기술주 부진에 혼조…다우 0.60%↑"
다우존스,2020-07-21,"뉴욕증시, 코로나 백신·부양책 기대에 상승 마감…다우 0.03%↑"
다우존스,2020-07-18,"뉴욕증시, 코로나19 부담 속 엇갈린 지표에 혼조…다우 0.23%↓"
다우존스,2020-07-17,"뉴욕증시, 미중 갈등 확대 우려에 약세…다우 0.50%↓"
다우존스,2020-07-16,"뉴욕증시, 코로나 백신 기대·실적 호조에 상승 마감…다우 0.85%↑"
다우존스,2020-07-15,뛰는 金 위에 나는 銀…3월이후 67% 폭등
다우존스,2020-07-15,"""금 안 부럽네""…넉달새 67% 폭등한 은값"
다우존스,2020-07-15,"뉴욕증시, 코로나19 완화 기대감에 상승 마감…다우 2.13%↑"
다우존스,2020-07-14,"뉴욕증시, 코로나 백신 기대에도 기술주 급반락에 혼조세로 마감…다우 0.04%↑"
다우존스,2020-07-13,"KB운용 `美데이터센터펀드`, IT 인프라 리츠에 집중투자"
다우존스,2020-07-11,"뉴욕증시, 코로나19 치료제·백신개발 기대…다우 1.44%↑"
다우존스,2020-07-10,"뉴욕증시, 코로나19 우려에 혼조…나스닥은 이틀째 사상최고"
다우존스,2020-07-09,"뉴욕증시, 코로나 부담에도 나스닥 사상 최고 마감…다우 0.68%↑"
다우존스,2020-07-08,"뉴욕증시, 경기 회복 부정적 전망에 하락…다우 1.51%↓"
다우존스,2020-07-07,"美·中증시 경쟁…아마존·테슬라 질주 속 `中최대반도체` SMIC, 8조원 공모 계획 제출"
다우존스,2020-07-07,"뉴욕증시, 中 증시 급등에 상승 마감…다우 1.78%↑"
다우존스,2020-07-03,"뉴욕증시, 고용지표 호조에 상승 마감…다우 0.36%↑"
다우존스,2020-07-03,"DB손해보험, `소비자 중심경영 인증` 7회 연속 획득"
다우존스,2020-07-02,美 6월 일자리 480만개 증가…실업률 11.1%로 깜짝 하락
다우존스,2020-07-02,"`괴력의 천슬라` 테슬라, 도요타 앞질러 `자동차 시총1위`…머스크, 직원에 또 축하편지"
다우존스,2020-07-02,"뉴욕증시, 코로나 백신 기대에도 봉쇄 강화 우려에 혼조…다우 0.30%↓"
다우존스,2020-01-01,"뉴욕증시, 2019년 마지막 거래 상승 마감…다우 0.27%↑"
다우존스,2020-07-01,美연준發 유동성에 좀비기업 쏟아져
다우존스,2020-07-01,"S&P500코 앞 `뉴욕증시 악동` 테슬라, 엑슨모빌 시총도 제쳐…머스크 ""2분기 흑자인 듯"""
다우존스,2020-07-01,"미래에셋대우, 업계 최초 해외지수 실시간 시세 무료 제공"
다우존스,2020-07-01,"코스피, 개인·외국인 동반 매수에 상승 출발"
다우존스,2020-07-01,"포스코, S&P글로벌플라츠 철강산업 리더십 최우수 기업 선정"
다우존스,2020-07-01,"뉴욕증시, 코로나19 부담에도 경제 지표 호조에 강세…다우 0.85%↑"
