제목,날짜
나도 넥슨처럼…여의도 좁아 도쿄 간다,2025.12.31 21:00
유망 미국주식 찾는다면 … 뉴요커 소비 트렌드를 보라,2025.12.26 16:31
美 GDP 4.3% ‘깜짝 성장’에 증시 훈풍…S&P500 최고치 경신 [뉴욕증시],2025.12.24 08:55
연말 최대 격돌… 가장 파격적인 할인 혜택을 내건 곳은 어디?,2025.12.23 10:43
AI·반도체주 중심 ‘산타 랠리’ 시동…3대 지수 일제 상승 [뉴욕증시],2025.12.23 08:56
[매경경영지원본부 칼럼] 2026년 중소기업 수출지원정책 핵심은?,2025.12.19 09:35
내수불황과 글로벌 불확실성…패션산업 10대 이슈는 ‘보완’,2025.12.18 10:33
소비재에서 AI로…‘만년 저평가주’ LG전자 드디어 빛보나 [매일 돈이 보이는 습관 M+],2025.12.09 06:00
무인세탁소 ‘런드리위플라’ 2호점 인천 오픈,2025.12.08 11:00
중국산 저가 공세 2년째 지속…“한국기업 가격인하 압박 시달려”,2025.12.07 14:38
“부자들도 2달러 물건만 쓸어가요”…미국판 다이소 몰려가는 소비자들,2025.12.07 11:24
‘우뇌경제’로 가는 길…한국의 SWOT 들여다보니,2025.12.06 21:00
“소득이 그대로인데 소득세가 왜 올라요”…직장인 체감월급 더 줄었다,2025.12.04 18:06
송과장 월급 60만원 올랐지만…세금 떼면 고작 20만원,2025.12.04 17:20
우리집 식탁은 ‘호텔 간편식’이 점령했다,2025.12.03 21:00
질레트·다우니가 웬 위기?…세계금융위기 시절 폭락 경험중이라는데,2025.12.03 19:04
[미국 주식 돋보기] 美 최대 소비시즌에도 맥못추는 P&G 주가,2025.12.03 17:54
[기고] 車 서비스센터의 미래는 'SW 협력센터',2025.12.02 17:43
은행·보험·조선주 호재 떴다…고배당주 내년 싱글벙글 이유는?,2025.11.30 23:00
배당소득 세율 인하에 은행·보험·조선株 '훈풍',2025.11.30 17:55
“다이소보다 더 싸다”…틈새 아닌 생필품 된 ‘이것’ 두고 한 판 승부,2025-11-28 10:44:39
자동화 설비 강소기업 인토스…“10년간 첨단 제조 산업 전반에 기여”,2025-11-27 10:00:00
드라마 ‘김 부장’ 뜨더니…IP 활용 ‘자가소주’ 이례적 흥행,2025-11-23 13:00:00
AI는 기업에 새 엔진 … 단기성과에 집착말고 멀리보고 날아올라야,2025-11-12 16:18:23
"성급한 추격매수는 곤란…기업가치 확신가능한 주식에 장투해야 [K주식, 이걸 사? 말아?]",2025-11-07 18:00:00
[뉴욕증시] 미·중 합의 기대감에 3대 지수 최고치…나스닥 1.9%↑,2025-10-28 08:51:35
“코스피 연말 4100 간다…내년 4000선 중후반 예상” [오늘 나온 보고서],2025-10-27 08:37:07
"“내년 코스피 최고 4300, S&P500은 7700…3분기 정점찍고 조정” [오늘 나온 보고서]",2025-10-20 09:06:05
‘슈퍼사이클’ 공식이 달라졌네 [HBM이 몰고온 메모리 반도체 호황],2025-10-15 21:00:00
[뉴욕증시] AI 과열 부담에 3대 지수 일제히 하락…엔비디아는 1.8%↑,2025-10-10 08:58:42
[뉴욕증시] 오픈AI·AMD 계약에 S&P·나스닥 최고치,2025-10-07 08:50:47
"이현이X장영란, 명품으로 재테크를 한다고? 샤테크부터 롤테크까지",2025-10-04 07:00:00
고객만족 센싱 시대 … 기업 본연의 가치 더 중요해져,2025-09-30 00:00:00
다들 반도체 사느라…잘나가던 조·방·원도 미국 배당ETF도 ‘시무룩’,2025-09-23 21:02:34
잘나가던 조선·원전·SCHD 울상,2025-09-23 17:59:52
[뉴욕증시] 연준 금리 인하에도 혼조 마감…엔비디아 2.6%↓,2025-09-18 08:47:20
"“K뷰티는 글로벌 대세, 의료미용주 놓치면 안돼”...재테크 콘서트서 딱 찍어준 종목",2025-09-14 21:19:44
“우리 ‘영포티’ 부장님이 산다면”...아이폰17 지름신 방지샷 SNS서 화제,2025-09-14 15:55:06
"“파산 직전이던 회사, 연매출 2400억으로”…‘요가복’으로 미국까지 넘본다는데",2025-09-08 07:31:36
"안다르 반전드라마 주인공 ""美서 새 신화 쓴다""",2025-09-07 17:16:11
AI교육과 클라우드 시너지로 차별화 … 직접 코딩하며 배우죠,2025-08-25 16:05:23
"“K팝 스타의 간식, 동남아선 필수템”…K기업, 문화의 힘 업고 지금 동남아로 뻗어야",2025-08-22 06:22:55
"발벗고 홍보해주는 아이돌 팬덤 …""지금이 K브랜드 동남아 진출 적기""",2025-08-21 17:55:56
“AI 버블” 한마디에 반도체주 털썩…AI시대 연 올트먼의 ‘사다리 걷어차기’,2025-08-20 20:47:19
올트먼發 'AI 버블 쇼크' 단기에 그칠까,2025-08-20 17:52:34
"“차마 계좌잔고를 못 보겠네요”…피 흘린 서학개미, 톱10 종목 모두 추락",2025-08-20 14:04:24
‘관세 전쟁의 역설’ 미국투자이민(EB-5)은 왜 더 빨라지고 더 필요해졌나,2025-08-20 10:00:00
미국서 술 마시는 인구가 줄었다고?...맥주·위스키주 동반 하락,2025-08-17 21:19:56
"철강·알루미늄 50% 관세 美, 포크·나이프까지 적용",2025-08-17 17:54:27
美 90년 만의 최저 음주율…주류株 줄줄이 하락,2025-08-17 13:00:22
평범한 누구나 인플루언서가 될 수 있는 시대...뜨고 싶다면 연예기획사 대신 찾는 ‘이곳’ [더인플루언서],2025-08-11 15:00:00
[뉴욕증시] 애플 140조원 美투자 소식에 기술주 랠리…애플 5%↑·아마존 4%↑,2025-08-07 08:33:26
美 빅테크 호실적에도···주가는 따로 노네,2025-08-03 14:34:09
"해외 M&A로 큰손 부상한 일본기업…몸사리는 한국기업, 신사업보다 구조조정",2025-07-27 19:53:56
[뉴욕증시] CPI 경계감에 혼조…엔비디아 급등에 나스닥 상승,2025-07-16 08:45:56
"[MK시그널] 수질·제품 품질 솔루션 기업 베랄토, 매수신호 발생",2025-07-11 15:21:15
엔비디아 시총 4조 달러 ‘터치’...뉴욕증시 사상 최고치 경신,2025-07-10 05:41:48
"""불황에도 콘텐츠는 못 끊지""… 잘나가는 스트리밍株",2025.06.22 17:35
공장 폐수까지 마실 수 있다...폐기물 ‘0%’ 도전하는 이 기업 [호주 애그테크 NOW],2025.06.16 13:00
'M&A 심장'이 다시 뛴다 소비재·산업재·AI인프라 3가지 보석에 주목하라 [Cover Story],2025.06.04 15:59
5연속 어닝 서프라이즈…K재생의학 새 역사 [화제의 기업],2025.05.28 21:00
[뉴욕증시] 재료 부재한 가운데 숨고르기…3대 지수 동반 하락,2025.05.21 08:59
"미래에셋운용, ‘한국형 SCHD’ 코리아배당다우존스 ETF 신규 상장",2025.05.20 14:03
뉴욕증시 사흘째 혼조 마감...소비 둔화 조짐 [월가월부],2025.05.16 06:50
"""배당성향 높은 美테크주 찜해야""",2025.05.13 17:51
“배당 투자한다고 美 테크주 놓쳐선 안돼... SCHD와 QQQ 섞었다”,2025.05.13 15:30
편의점 너마저 ··· 실적 쇼크로 주가 급락,2025.05.11 14:02
트럼프가 몰고온 공포…피할 곳은 그곳뿐 [불확실성 시대 스마트 재테크],2025.04.30 21:00
"롤러코스트 미국 증시, 월가 “빅테크보다 경기 덜 타는 종목으로”",2025.04.28 11:17
美본토선 돈 빠지는데… 배당주 ETF '슈와브' 서학개미 꾸준히 사랑,2025.04.23 17:51
"SCHD, 美서 평가 하향조정되고 자금 빠지고…서학개미 사랑은 꾸준",2025.04.23 15:29
"“관세 난리나도 K푸드는 못 끊겠다”…美·中 소비자들, 삼양식품·오리온에 ‘충성’",2025.04.18 06:11
美관세 폭탄도 못막는 K푸드 인기,2025.04.17 17:51
관세쇼크에도 경기방어주 식료품은 굳건,2025.04.17 16:10
"불확실성 시대, 다시 짜는 투자 전략",2025.04.16 21:00
경기침체 오더라도 ‘이것’ 없으면 못사는 미국인들...나홀로 주가 ‘쑥’ [홍키자의 빅테크],2025.04.15 12:00
서학개미라면…야수의 심장으로 닥공?,2025.04.14 21:00
미·중 관세전쟁 격화속 美필수소비재는 '선방',2025-04-13 16:55:39
“너희만 있었어도 내 돈 지키는건데”...오락가락 증시에도 웃은 종목은,2025-04-13 13:08:50
[뉴욕증시] 하루만에 꺾인 미국 증시…나스닥 4.3%↓,2025-04-11 08:57:29
2030은 ‘디지털 월세 폭탄’...“집·보험 없어도 매달 십수만원 빠져나가”,2025-04-07 00:41:54
OTT도 벅찬데 AI 앱까지 …'디지털 월세'에 허리 휜다,2025-04-06 17:45:22
“혼돈 속에도 기회는 있다”…전문가가 주목한 차기 투자 전략은?,2025-04-05 23:41:19
불확실성 커질수록 빛나는 식음료주…방어주 역할 톡톡,2025-03-31 16:22:00
변동성 피하자…美배당ETF 한달 10조 유입,2025-03-30 17:19:13
"“내 돈 안전한 거지?”…소나기 피하려는 서학개미, 배당ETF로 돌격",2025-03-30 13:42:27
"""역시 필수소비재"" 코카콜라 13% 상승",2025-03-27 17:53:49
“하루도 없인 못살아” 전세계 중독시킨 이것...시장 출렁여도 잘 나간다는데,2025-03-27 16:08:38
AI 기술로 혁신 이끄는 K-브랜드 경제 불확실성 속 브랜드 가치 돋보여,2025-03-25 00:00:00
삼양·오리온에 농심까지…불 뿜는 식품株,2025-03-21 14:59:59
[뉴욕증시] 연준 ‘연내 2회 인하’ 유지에 환호 … 테슬라 4.68%↑,2025-03-20 08:42:21
美 조정장서 잃지 않는 ETF…어떻게?,2025-03-19 21:00:00
"KB운용 “변동성 커진 美증시, 지역·포트폴리오 분산과 방어주 투자로 돌파”",2025-03-13 17:19:22
하락장서 떠오른 방어주…탄탄한 멤버십 ‘굿’ [미장 보석주],2025-03-12 21:00:00
"“AI 주식투자, 상투잡을까봐 무서워”...요즘 뜬다는 ‘3B 전략’ 살펴보니",2025-03-07 18:56:39
AI거품 무섭다면 … 금융·방산·헬스케어 담은 ETF 주목,2025-03-07 16:22:55
"“지금은 돈 잃지만 않아도 성공”…불안한 시장, 안전 투자처 살펴보니",2025-03-06 21:54:33
변동성 커진 美증시 … 헬스케어·필수소비재 주목,2025-03-06 17:56:29
株르륵 美증시 여기는 안전해,2025-03-06 16:07:12
‘미국주식은 진리’ 공식 깨졌다…우직하고 안전한 종목 찾아보니,2025-03-06 15:47:43
홀수 해마다 올랐다…연초 상승 보니 올해도?,2025-03-04 21:00:00
‘가족 같은 펫’ 위해 아끼지 않는 반려가구 보험·적금에 여행까지 특화 금융상품 봇물,2025-02-26 18:06:15
'하락장 피난처' 필수소비재株 주목,2025-02-26 18:02:18
장 어려울 땐 변동성 피하자…나스닥 약세 속 필수소비재·헬스케어 주목,2025-02-26 15:37:14
“회사에서 매일 라면 먹방?”...40대 유튜버가 공감받는 이유,2025-02-22 11:41:58
"‘176만원→33만원’ 고꾸라진 황후의 주식…K뷰티 활황 등에 업고 부활할까[K주식, 이걸 사? 말아?]",2025-02-21 17:30:00
미국투자이민 전문기업 국민이주㈜ 기업 미국 시장 진출전략 세미나…한자리에서 잡는 비자·투자 전략,2025-02-19 15:41:29
"""미국發 관세폭풍, AI·소프트웨어, 금융,방산株로 선별대응을""",2025-02-18 16:17:01
"""AI주 거품 우려 … 딥시크가 아니라 수익화가 문제""",2025-02-16 17:16:37
외국납부세액 개편에...‘PLUS고배당주’ 순자산총액 5000억원 돌파,2025-02-14 11:17:20
국민연금 지난해 엔비디아 팔아 팔런티어 샀다···팔런티어로만 6000억 벌어,2025-02-11 16:30:14
세계한인비즈니스대회 참가하세요,2025-02-05 17:20:00
이번주 구글·아마존 등 美빅테크 실적 주목,2025-02-02 14:34:27
“트럼프가 돌아온다”…증권가서 미리 점 찍은 ‘섹터’는?,2025-01-19 00:01:32
"미국 소매주 타깃, 주가 부진에 LA 산불 악재까지 겹쳐",2025-01-17 16:30:50
"“마트 간 아내가 떨이만 사와요”…마감 때 몰리는 사람들, 내수불황 그림자",2025-01-14 18:33:51
세대교체 ‘빅 웨이브’ 덮친 여의도 [2024년 베스트 애널리스트],2025-01-07 21:00:00
전 세계 출산율 하락 원인은 일상생활 용품 속 화학 물질?,2024.12.15 11:37
"""내부자 인재풀은 한계가 있죠"" 회사 살릴 외부자 찾는 사람들 [Cover Story]",2024.11.27 16:22
원화값 전망 안갯속이지만 … 달러자산 늘려야 하는 이유 3가지 [지갑을 불려드립니다],2024.11.21 16:05
리밸런싱 ‘감감무소식’…희망퇴직·임차료 절감만,2024.11.21 10:46
"이때 아니면 언제 돈 쓰나요…AI 덕에 똘똘해진 소비자, 세일 땐 지출 늘린다",2024.11.20 16:30
"친환경 골프장, 리사이클링 골프공과 골프티…골프계 부는 친환경 바람",2024.11.20 15:57
롯데는 어쩌다 ‘지친 거인’이 됐나 [스페셜리포트],2024.11.14 21:00
[뉴욕증시] 테슬라 22% 급등 속 혼조 마감…나스닥·다우 엇갈려,2024.10.25 09:10
[뉴욕 증시]국제유가 급등…뉴욕증시 3대 지수 모두 하락,2024.10.04 09:31
나토 신임수장 뤼터 취임,2024.10.01 17:55
지갑 열릴 준비에 … 소비재 ETF 20% 쑥,2024.09.27 18:02
글로벌 소비 살아나나···소비재 ETF에 찾아온 훈풍,2024.09.27 15:46
"별다섯개 얻으려면 …""고객 행동까지 예측하라""",2024.09.25 23:59
"“외국인은 코리아 밸류업 못믿나”...6거래일째 매도폭탄, 2600도 붕괴",2024.09.25 16:03
“K-주식 세일 이제 끝나나”…베일 벗은 밸류업 지수 ‘삼성전자·SK하닉·신한지주’ 편입,2024.09.24 16:38
‘K-밸류업 지수’ 발표 임박...여의도서 예상한 편입 후보는,2024.09.22 09:00
‘KRX 코리아 밸류업 지수’ 발표 코앞…후보 종목 미리 사볼까,2024.09.19 08:14
한투운용 “업종 잘 선택해야 인도 투자에서 10배 성과 가능”,2024.09.09 13:48
"KB자산운용, 국내 첫 인도지수 투자 공모펀드 출시",2024.09.09 13:47
생산은 첨단인데 유통은 구식 … 그 틈을 메꾼 기업만 생존,2024.09.04 16:06
9월 첫거래일부터 와르르…‘AI 대장주’ 엔비디아 10% 빠졌다,2024-09-04 06:33:36
출렁이는 증시 … 채권 비중 절반이상 늘려 위험관리 나서야 [지갑을 불려드립니다],2024-08-29 16:05:29
“똑같이 ‘K’ 달고 급등했는데”…식음료 웃고 화장품 울상인 이유,2024-08-13 21:21:20
식음료株 웃고 화장품 울고…수출이 갈랐다,2024-08-13 18:00:42
"“가격 올려도 사먹네”…배짱장사 하던 버거집, 궁지 몰린 이유는",2024-08-06 10:32:31
"연중 최고 찍은 美 공포지수…""대선정국에 더 뛴다""",2024-08-05 17:58:27
"‘공포지수’ 하루 77% 급등, 연중 최고…“美대선정국에 더 뛴다”",2024-08-05 15:49:26
국내외 트럼프 수혜주…보호무역에 국내 조선·바이오 ‘땡큐’,2024-07-31 21:00:00
“폭락열차 못 내렸더니 어질어질”…안전띠 갖춘 ‘이 종목’ 갈아타볼까,2024-07-25 20:55:11
변동성 심한 장세···흔들림 적은 ‘방어형’ 투자 주목,2024-07-25 16:04:32
‘밥캣’의 모회사가 바뀌었다...두산의 큰 그림? [스페셜리포트],2024-07-24 21:00:00
“콧대 높아서 사주고 싶지 않아”…생필품 주가 오를 때 ‘이 기업’ 주르륵,2024-07-22 16:37:17
백화점·대형마트·자영업 전부 물건이 안팔린다…카드 결제액 ‘마이너스’,2024-07-22 06:31:25
깜짝성장 1분기에도 카드사용 줄어…내수불황이 수출호황 압도,2024-07-21 17:54:09
반도체 빠진 자리 ‘이 종목’이 채운다…실적 기대감도 커진다는데,2024-07-18 22:20:46
TSMC 실적이 살린 코스피…하락 불씨 여전,2024-07-18 18:08:08
울프리서치 “트럼프 재집권 시 주목할 종목은”,2024-07-16 14:27:42
트럼프 대통령때 10배 오른 종목도 있네...“잘나갔던 코인·바이오 다시보자”,2024-07-15 14:59:53
"美 트럼프 우세론 ‘방산株’ 모멘텀… 탈바꿈한 ‘아베크롬비’, 올해도 ‘쭉’?",2024-07-12 21:00:00
S&P500이냐 배당성장이냐 美 ETF 투자의 갈림길,2024-07-11 16:06:27
내수에 갇혔던 음식료 업종 K푸드 열풍에 수출·성장株 변신,2024-07-01 15:59:19
식료품·화장품 수출 호조에 훨훨 나는 소비재 ETF,2024.06.23 16:28
“수입 늘려도 농산물값 안 떨어져”…한국은행 쓴소리에 정면반박한 농림장관,2024.06.20 06:52
"韓銀 보고서 반박한 농림장관 ""수입많다고 값 떨어지진 않아""",2024.06.19 17:58
"매경이 전하는 세상의 지식 (매-세-지, 6월 19일)",2024.06.19 07:01
“고물가 주범 ‘이것’ 수입 늘려야”…쓴소리 낸 한국은행,2024.06.19 06:16
"“사과·감자·소고기, 비싸도 너무 비싸”...한은 “꼬인 유통구조 탓”",2024.06.18 22:15
"""너무 비싼 농산물 수입 늘려야"" 한은, 고물가에 이례적 쓴소리",2024.06.18 18:02
"韓 식료품물가 주요국 1.6배…""꼬인 유통구조가 金작물 키워""",2024.06.18 17:59
금리 인하 기대감 커지는데…한은 총재 “물가 목표 수렴할지 좀 더 지켜봐야”,2024.06.18 14:00
세일즈포스 “기업들 평균 62% 시간 반복 업무에 소모...AI로 생산성 향상” [월드투어 코리아 2024],2024.06.18 10:41
외국인 매수세 회복에…반도체·2차전지株 '꿈틀' [MBN GOLD 증시기상도],2024.06.06 16:03
“10% 급락에 대비하라”...올해 상승분 모두 반납 각오하라는 월가,2024.06.06 06:35
"""10% 하락"" vs ""4% 추가 상승"" 비관·낙관 엇갈리는 뉴욕증시",2024.06.05 18:04
FOMC 회의 앞두고 비관·낙관 엇갈리는 뉴욕증시…월가 “경기 방어주로 대비하라”,2024.06.05 14:15
“불닭 넘어 엄청난 실적개선”…132% 오른 ‘이 종목’ 더 간다는데,2024.06.04 21:44
날개 단 K푸드·뷰티 덕에 소비재ETF 19% 고공행진,2024.06.04 17:39
"[송광섭 특파원의 차이나 프리즘] 예상 웃돈 수출, 디플레 우려 감소 “경기 바닥 찍었나” 기대감 커진 中경제",2024.05.28 14:06
美증시 대표 약세론자도 돌아섰다...“S&P500 5400까지 상승”,2024.05.21 14:10
ETF 클리닉..3개 업종 기반의 ‘신코어 투자전략’ [매일 돈이 보이는 습관 M+],2024.05.21 06:00
"""목표고객 뚜렷해야 생존"" 코스트코·월마트 '환호'",2024.05.17 17:52
"유통채널 양극화...고소득 잡은 코스트코, 저소득 잡은 월마트 나란히 신고가",2024-05-17 15:14:03
“금리 떨어지면 뭐 살까”…‘이 종목’ 미리 뜬다는데,2024-05-09 23:18:11
美 국채금리 떨어질 때 운송·바이오株 올랐다,2024-05-09 17:54:37
"금리 떨어질 때 뭐 살까···작년엔 운송, 헬스케어, 미디어 올랐다",2024-05-09 14:38:25
"변동장서 선전 … 인도펀드는 길게, 중국은 짧게 담아볼만",2024-05-08 16:01:20
이란·이스라엘 갈등에 코스피 하락…확전 가능성 우선 낮아져 [이종화의 장보GO],2024-04-15 18:33:26
“밸류업 열풍때 안올라서 죄송합니다”...뒤늦게 ‘반짝’ 오르는 식품·화장품주,2024-04-08 20:47:51
밸류업선 안보이더니 식품·화장품株 '반짝',2024-04-08 17:48:49
“아이돌 영업비밀 다 알고있네”…한국인도 아닌데 K메이크업 통달한 그녀 [더인플루언서],2024-04-08 15:00:00
"브랜드 빌더 아임웹, “나만의 브랜드 시작부터 끝까지 지원합니다”",2024-03-28 21:14:11
우리들의 생각,2024-03-14 16:06:04
“고ROE보다 ROE 개선 종목 골라야···반도체·화장품·의류·헬스케어 주목”,2024-02-28 10:44:50
“엔비디아 이벤트는 끝났다…순환매 장세 지속될 것”···3월 증시 전망은,2024-02-28 10:35:28
“음식물 쓰레기 버리기 너무 귀찮아”…요즘 없어서 못 산다는 ‘이것’,2024-02-27 10:33:14
"""버핏 따라간다"" KB, 추종ETF 27일 상장",2024-02-26 17:54:20
냄새 걱정없고 가격 싸져 … 음식물처리기 '불티',2024-02-26 16:14:08
‘가치 투자 귀재’ 워런 버핏 따라하기 ETF 나온다,2024-02-26 11:32:50
"LG생활건강, 佛 에코바디스 지속가능성 평가 ‘골드 등급’ 획득",2024-02-14 09:54:25
물티슈로 1년에 1000억…미국 코스트코가 먼저 알아본 이 남자 [남돈남산],2024-02-02 15:00:00
"‘코스피 숨고르기’...증권가, 1월 밴드 2500∼2760 전망",2024-01-02 16:25:52
“전쟁 반대한다”던 중국…뒤로는 무기생산 핵심장비 수출 10배 늘려,2024-01-02 15:29:48
"엇갈린 2024년 산업전망 | 반도체 부활의 해 기대, 철강·건설·이차전지 암흑기 예상",2023.12.26 14:08
“배당으로 월급받자”던 서학개미 다 물렸네…이제 좀 풀린다는데,2023.12.19 22:30
서학개미 몰린 'SCHD ETF'… 수익률 함정 탈출할까,2023.12.19 17:16
[Car Focus] 새해 車 구입 고민하는 당신을 위한 안내서,2023.12.18 14:05
연말증시 믿을건 경기방어주,2023.12.06 18:19
연말 증시 믿을건 경기방어株,2023.12.06 17:36
엔데믹과 경기회복 사이… 기대 컸다 골병드는 리오프닝 산업들,2023.12.05 15:00
"뉴욕증시 ‘아메리칸 뷰티’ 간판주 강세…K-뷰티, 중국 의존도 줄이기 안간힘",2023.12.01 14:18
"공모주 열풍, 이 정도야…개미 많이 산 10개 종목 중 7곳이 새내기주",2023.12.01 13:07
"탄소 압박 거세지자, 화학업계가 달라졌다 [경영칼럼]",2023.11.04 21:00
"최재화 번개장터 대표 “패션 리커머스 트렌드, 이 손안” [CEO 라운지]",2023.10.26 21:00
코스피 하락으로 돌아서자 ‘경기방어주’ 식품株 반등,2023.10.16 16:58
"삼정KPMG, 유통 5.0 시대··· 유통∙소비재 ‘디지털화’ 대비",2023.09.27 13:30
찬바람 불면 주목받는 배당주 옥석 가리기 배당금 받고 금리 하락땐 주가 상승도 기대,2023.09.25 14:07
어디로 튈지 모르는 증시…9% 수익 보장하는 ‘안전투자’ 눈길가네,2023.09.14 19:27
부쩍 선선해진 요즘 '배당 사과나무' 심으셨나요,2023.09.14 15:59
"""초분산 투자 안 먹히네"" 인기 꺾인 EMP펀드",2023.09.13 17:40
“회사 몰래 받는 ‘제2의 월급’ 달달하네”…직장인 몰리는 ‘이것’,2023.09.10 19:35
안정택한 연금개미 '배당주 펀드' 몰리네,2023.09.10 17:17
"외국인 선호 종목, 업종 내 천차만별...옥석가리기 필수",2023.08.17 15:30
시장 변동성 여전…IT 성장주로 안전띠 매라 [미국주식 원포인트 레슨],2023-08-10 16:13:00
매니저의 HOT종목,2023-08-10 16:12:21
"갤럭시 vs 아이폰 판세, 공급망 재편이 가른다",2023-08-09 16:14:33
"KB자산, 중국 대형주 투자하는 ETF ‘최저 보수’로 출시",2023-08-08 09:56:22
미중 갈등도 못 막았다...‘소프트파워’ 앞세운 애플의 질주,2023-08-06 13:00:00
美신용등급 하향조정 영향은?…월가 “그래도 미국”,2023-08-03 15:31:36
“탄산음료 여름장사 끝났어”...15% 올라 죽쑤나했는데 뜻밖에도 [월가월부],2023-08-01 21:51:21
"[월가월부] ""가격 뛰어도 탄산은 못 끊어""… 코카콜라·펩시 실적 '탄탄'",2023-08-01 17:21:53
“트럭 겨우 13대 팔았는데 이렇게 많이?” ...하루새 주가 17% 뛴 이 회사 [월가월부],2023-08-01 07:00:00
나스닥100 ETF 확 바뀌어…“빅테크 비중 줄었지만 유망”,2023-07-25 15:24:09
中 생산자물가 5.4%↓…디플레 공포,2023-07-10 17:50:56
‘헷갈리는 일자리 지표’ 뉴욕증시 약보합 마감…리비안 주가 14%↑ [월가월부],2023-07-08 07:05:33
ETF 유망섹터는 반도체·2차전지 … 인도시장 성장세 주목,2023-07-03 16:11:01
"우려 딛고 선 미국 경제, 1분기 2% 성장…나이키 ‘실적 부진’ 울상 [월가월부]",2023.06.30 07:00
파월 “기준금리 몇 번 더 올릴 것”…엔비디아·나이키 주가 강세 [월가월부],2023.06.15 06:59
“자고 일어나면 돈이 복사된다”...한국인 주머니 채워주는 이 기업은 [월가월부],2023.06.07 07:00
얼어붙은 소비 녹일 ‘P.T.S.D’ [스페셜리포트],2023.06.02 12:14
한국선 죽 쑨 세계 최대 유통공룡...뉴욕증시 버팀목 된 이유는 [추동훈의 흥부전],2023.05.24 20:00
"""고물가·고금리 상당기간 지속 … 철저한 분산투자해야""",2023.05.11 17:40
묻지도 따지지도 않고 산다...한국인 ‘충성’ 이끌어낸 이들의 비결 [홍키자의 빅테크],2023.05.09 12:01
美 주식 매도 신호 나온다…‘피난처’ 배당주는? [강인선의 자본추],2023.05.01 08:41
"""내 주식만 폭락"" 나도 포모증후군?",2023.04.17 17:33
“김대리는 엄청 벌었다는데”...내 주식만 폭락? 포모증후군 주의보,2023.04.17 16:23
TIGER 인도니프티50 시총 상위 50개社 투자,2023.04.14 17:36
"""1달러라도 더 수출하게 코트라 기업지원 늘릴것""",2023.04.11 17:26
팔 걷은 유정열 KOTRA 사장…“1달러라도 더 수출하게 돕겠다”,2023.04.11 15:54
투자시장은 아직 춘래불사춘···그래도 봄이 멀지 않았다[매일 돈이 보이는 습관 M+],2023.04.11 06:01
"“美기술주, 안전한 피난처 아냐” 월가 족집게의 경고",2023.04.04 10:18
"逆머니무브 끝, 다시 짜는 자산 포트폴리오… 예·적금서 뺀 돈, 채권·ETF로 몰린다",2023.04.03 11:23
"ETF 트렌드, 이제는 ‘해외’",2023.03.30 17:05
당장은 리스크 관리… 중장기 모멘텀株 주목,2023.03.24 14:39
"삼정KPMG, 국내 기업 대상 ‘해외 진출 M&A 세미나’ 개최",2023.03.23 16:33
삼일PwC “올해 경기둔화 속 M&A ‘큰 장’ 선다”,2023.03.23 11:47
삼성운용 美 S&P500 섹터 ETF 4종,2023-03-21 17:44:28
“분산·집중투자 효과 동시에” 美금융·헬스케어·필수소비재·경기소비재 ETF,2023-03-21 11:25:42
“기업 현금 보유 수준 점검할 필요”…비중확대는 DSR무관 자금으로,2023-03-21 09:20:00
“어! 안떨어졌어?” 美증시 출렁일때 나홀로 오른 종목 [강인선의 자본추],2023-03-19 14:39:22
"“다 흔들려도 우리는 안전”...P&G, 펩시코 주가 든든",2023-03-15 15:23:53
한국 먹여살린 맏형 제조업이 아프다…긴급 처방 6가지,2023-03-08 17:30:33
美 빅테크 노린다고? 많이 오른 테슬라 대신 ‘이것’ 담아라 [자이앤트TV],2023-03-05 12:30:00
"뉴욕증시, 주요 지수 긴축 우려로 혼조 마감…나스닥 0.58%↓",2023-02-18 06:30:52
조물주 위에 건물주…그위에 ‘아마존 물류센터’ 리츠 [강인선의 자본추],2023-02-18 01:20:15
"뉴욕증시, CPI 시장 전망치 상회에 혼조세…나스닥 0.6%↑",2023-02-15 06:52:53
"뉴욕증시, 1월 CPI 발표 앞두고 상승…나스닥 1.48%↑",2023-02-14 06:59:46
"[윤성원의 주얼리 인사이트] 위기 때 빛 발하는 투자 상품, 고액 자산가들의 보석 투자 A to Z",2023-02-13 15:08:22
"“그기 돈이 됩니까?”...“예, 돈이 되던데요?” 세계 최대 그린에너지 기업 [강인선의 자본추]",2023-02-12 11:15:30
"역발상 투자법 선진국보다 신흥국, 한·중 반도체 주목",2023-02-10 15:46:45
"물오른 중화권 증시, 지금 투자해도 될까",2023-02-10 11:31:18
"""연금투자는 역시 배당주"" 펀드규모 3년새 3배 커져",2023-02-08 17:29:20
“오르건 내리건 이젠 다 겁난다”...배당주로 투자자금 몰린다,2023-02-08 15:51:23
치솟는 美 10년물 국채금리 … 월가서 고개 드는 신중론,2023-02-07 17:32:01
“내년까지 美증시 30% 하락”...월가 전문가의 비관론 근거는,2023-02-07 13:24:31
140살 된 가스 기업에 투자자 갑자기 몰린 이유는? [강인선의 자본추],2023-02-05 14:00:00
“나스닥의 시간이 다가온다…○○ 노려라”[신화의 코리아 인사이트］,2023-01-31 07:00:00
"‘오, 테슬라·루시드’ …뉴욕증시는 소비물가 둔화 힘입어 상승 [월가월부]",2023-01-28 07:39:26
빵·라면값 올라도 우울한 음식료株,2023-01-26 17:11:34
“다른 주식은 다 오르는데” 우울한 CJ제일제당 롯데칠성,2023-01-26 16:12:48
"‘넷플·엔비디아·테슬라…’ 뉴욕증시, 구글 대량해고 불구 빅테크 중심으로 상승 마감 [월가월부]",2023-01-21 07:31:22
경기 덜 타는 보험·통신株 고공행진,2023-01-20 15:57:53
“연진아 그거 아니? 니가 뭘 하든 돈은 이 회사가 벌어” [강인선의 자본추],2023-01-20 15:24:48
어닝쇼크 불안감 커지니…보험 통신주 쑥,2023-01-20 12:46:51
“외국인 순매수 강도 높은 종목 주목”…저점매수는 DSR무관 자금으로,2023-01-18 11:10:00
외국인 쏟아져 들어온다...킹달러 힘잃자 수혜주로 떠오른 종목,2023-01-16 14:00:11
"누리하우스, 피키와 해외 인플루언서 마케팅 협력을 위한 MOU 체결",2023-01-16 09:54:34
‘4가지 신호’ 나오면 증시 찐바닥…뒤돌아 보지말고 들어가라 [자이앤트TV],2023-01-15 13:20:00
경기침체기에 주식할 맛 난다는 월마트 주주…지금 사야할까? [강인선의 자본추],2023-01-13 18:29:25
“아무리 돈 없어도 이건 못끊지”…1분기에 노려야할 종목,2023-01-10 21:01:39
아무리 지갑 닫아도 … 코카콜라는 못 끊지,2023-01-10 17:22:08
"파운트, 23년 자문 운용전략으로 ‘이환위리’ 강조",2023-01-10 15:42:40
"한국IR협의회 기업리서치센터, 설립 첫 해 보고서 601건 발간",2023-01-10 11:29:35
"뉴욕증시, 물가·실적 앞두고 혼조…나스닥 0.63%↑",2023-01-10 06:59:36
무심코 누른 해외직구 ‘구매’…이 기업 주가 살아난다고? [강인선의 자본추],2023-01-08 13:30:00
다가온 4분기 어닝 시즌...주식 시장 대응 전략은,2023-01-08 09:19:55
"뉴욕증시, 임금상승률 둔화로 상승 마감…나스닥 2.56%↑",2023-01-07 06:11:51
여의도 리서치에 불어닥친 ‘30대’ 열풍···증시 위기에 빛난 ‘올드스쿨’ 파워,2023-01-06 15:28:51
“지금은 예금” vs “고성장주 투자”…전문가 의견 갈린다,2023-01-04 06:21:26
투자자들 고금리 맞설 때…고수는 금리하락 ‘큰그림’ 그린다,2023-01-04 00:23:17
안정형 투자자라면 정기예금·美국채 공격형 투자자라면 ELS·회사채ETF,2023-01-03 16:05:26
상반기 안전하게 하반기 과감하게 계묘년 '묘수' 찾아라,2023-01-03 16:03:48
"""전국민이 고객인 시대 끝났다, 개인 취향 저격해야 생존""",2023-01-01 16:29:04
“주가 바닥 다와가나”…아마존 반등 이것에 달렸다 [강인선의 자본추],2022.12.30 18:15
리스테린·니조랄샴푸 만드는 이회사…돈은 다른데서 번다고? [강인선의 자본추],2022.12.24 00:06
테슬라 주가 8% 급락…뉴욕증시 소폭 반등[월가월부],2022.12.21 07:59
"소비 심리 위축에…석유화학 업계, ABS·PC 약세 전망",2022.12.16 17:31
짠물 코스피에도 '꿀물 배당주' 있다,2022.12.16 16:25
‘중국의 봄’은 증시에서…어디에 투자할 것인가,2022.12.16 11:45
“그때 살껄” 껄무새는 이제 그만...지금도 안 늦은 ETF 3종 [자이앤트TV],2022.12.11 12:00
“누구나 지갑에 한 장은 갖고 있다”…美서 가장 쉽게 돈 버는 기업 [강인선의 자본추],2022.12.11 11:00
美·유럽 주택시장 급냉각 … 가전업계 실적비상,2022.12.08 17:20
글로벌 주택 시장 냉각에...가전 업체 적자 경보,2022.12.08 16:24
디자인으로 바꾸는 세상...2022 소셜디자인 데모데이 개최,2022.12.08 11:01
‘경기침체 걱정’ 뉴욕증시…이와중에 꾸준히 오른 종목은? [월가월부],2022.12.08 07:29
[기자24시] 씁쓸한 쿠팡 vs CJ제일제당 싸움,2022.12.06 17:32
전경련 “내년 가계소비 2.4% 줄어들 것”,2022.12.06 14:21
증시 내년 2분기 저점 예상된다는데… 이익 방어력 높은 기업 미리 담아라,2022.12.02 16:58
‘10월 소비물가상승률 꺾였지만…’ 뉴욕증시 혼조세 마감 [김인오의 미주다],2022.12.02 08:19
12월 국내 증시 ‘산타랠리’ 기대감 사그라들까...“2280~2550 예상”,2022.11.30 16:31
“12월 증시 박스권 흐름 예상”…분할매수는 DSR무관 재원으로,2022.11.30 10:00
“이익 변화율 상향 업종 주목”…대비는 DSR무관 재원으로,2022.11.29 10:00
“잘 나갈 땐 프랑스 GDP보다 많았다”...시가총액 압도적 1위 애플 질주 언제까지[강인선의 자본추],2022.11.27 11:00
“코스피 점진적 상승 가능”…비중확대는 DSR무관 자금으로,2022-11-25 11:10:00
"경영분석 플랫폼 ‘하이퍼라운지’,106억 원 규모 시리즈A 투자 유치",2022-11-21 09:34:32
시장 불확실성 커지자 변동성 낮은 ETF 주목,2022-11-20 16:57:54
농심 롯데제과 오뚜기…반백살 K푸드 3사 매출 나란히 3조 눈앞,2022-11-15 21:03:59
"'50세' 넘은 K푸드 3인방, 매출 3조클럽 초읽기",2022-11-15 18:00:25
“제약바이오 4분기 전망 긍정적”…비중확대는 DSR무관 연4.95% 재원으로,2022-11-14 10:00:00
韓 고급 쌀이 美서 잘 팔린다고?…美 컬리 대접받는 ‘김씨마켓’ [내일은 유니콘],2022-11-06 09:23:44
“물가 올라도 햄버거.피자 안먹을수 없어...이 종목 뛸수밖에” [자이앤트TV],2022-11-06 08:00:00
'커피 한잔당 별 하나'는 구식 … 이젠 NFT 굿즈 쏜다,2022-11-04 16:39:16
자산배분 전략 다시 짤 때다…우량채·경기방어株 담아라,2022-10-31 09:15:02
"""주식 물타기 잔뜩 하고 있는데 뭐라고?""…증권 전문가들 전망 반등 시점은",2022-10-26 14:14:33
[株머니 주요산업 증시기상도] 英감세안 철회·美금융주 호조…모처럼 웃는 세계증시,2022-10-21 04:01:03
"""하락장이라고 손놓지 마세요""…`한 배당`하는 종목들만 모아놨더니",2022-10-17 17:41:36
"""단기엔 美·유럽 채권, 장기투자는 디지털의료""",2022-10-16 17:14:33
"""접근 유효 섹터로 자동차·배당주 등 주목""...투자는 DSR무관 연4.95% 자금으로",2022-10-14 09:20:02
글로벌 CEO “향후 1년간 경기 침체…3년 뒤는 낙관”,2022-10-09 09:14:44
"[Money & Riches] ""나도 배당받는 귀족""…불황에도 고배당 30개 종목 모았다",2022-10-07 04:02:01
경기침체는 저가매수 기회…40년 투자 데이터가 증명,2022-10-06 17:23:17
"글로벌 CEO 85% ""향후 3년 기업 성장 낙관적""",2022-10-05 17:59:45
[해외주식 포커스] 매장 2천개 늘리고 배당 확대…반등하는 스타벅스,2022-10-05 17:03:52
"美, 중국에 AI 슈퍼컴 수출 차단…첨단기술 씨말린다",2022-10-04 18:03:34
`국대급` 배당귀족株 다 담았다…배당 두둑하고 하락장 걱정 덜어,2022-10-04 17:47:51
"`화웨이식 제재` 칼 빼든 바이든, 中 첨단기술굴기 싹 자른다",2022-10-04 17:38:11
"""고배당으론 약하다""…실적 겸비한 `배당귀족` 있다는데",2022-09-30 17:45:53
"거스를 수 없는 ‘넷제로’…사장님, 아직도 고민 중?",2022-09-30 16:19:12
"월가 ""소매업 예상만큼 나쁘진 않아…월마트·타깃 주목"" [월가월부]",2022-09-29 17:46:33
커지는 경기침체 공포에 필수소비재 ETF 주목을,2022-09-26 17:36:33
깜깜한 美 주식시장…간편식·콜라 `필수소비재株` 담아라 [월가월부],2022-09-22 17:22:53
"업앤컴퍼니, 전문 파이낸셜 커뮤니케이션으로 성장 중",2022-09-21 16:37:27
증시 불안에 배당주 펀드 인기…올해 설정액 4800억원 `쑥`,2022-09-21 13:22:36
고물가때문에 P&G 세제가 안팔린다고?,2022-09-05 11:09:57
"인플레 시대 마주한 소비재 기업, 소비자와 적극적인 소통 나서야",2022-08-25 04:01:02
선진국 MSCI 월드 ETF에 뭉칫돈,2022-08-24 17:32:34
美유통주 `재고와의 전쟁`서 상처…천원숍 주가만 신났다 [월가월부],2022-08-18 17:28:15
어디로 갈지 모를 `곰`…현금 두둑한 美배당주 노려라 [WEALTH],2022-08-12 17:07:51
"경기방어 거뜬, 실적 호황…바이오펀드 부활",2022-08-08 15:26:57
"하이투자증권, 헬스케어 6개 업종 분산투자로 수익 극대화 노려",2022-08-08 04:01:02
"""지수 1년새 30% 조정 받아…코스피 반등장 이어질듯""",2022-08-07 23:20:51
"""고물가엔 애플·코카콜라 등 소비재 주목""",2022-07-31 17:13:32
가치·배당株 골라담은 美 펀드…폭락장에 두자릿수 수익률 [월가월부],2022-07-31 17:00:18
"유가 떨어지지만…""믿을 건 에너지株"" 쓸어담는 개미들",2022-07-31 16:59:48
"""美 실적 시즌, 예상 외로 선방""...저가매수는 DSR무관 연4.95% 상품으로",2022-07-28 11:40:02
"""경기 방어주보다 민감주 담아라…역발상 투자 고려할 시점""",2022-07-27 08:49:03
월마트 쇼크에 월가 초긴장…헬스케어·통신주로 대피해야,2022-07-26 17:45:54
LG엔솔 이익 전망치 `쑥` 하이닉스·네이버는 `뚝`,2022-07-21 17:39:54
"[해외주식 포커스] 펩시코, 2분기 호실적에 한달새 6% 반등",2022-07-18 17:22:44
"""인플레 대비 방어株에 관심 쏠려""...선점은 DSR무관 연4.95% 재원으로",2022-07-18 10:40:01
"침체 지속시 달러 최소 15%, 채권 최대 60% 담아라 [WEALTH]",2022-07-15 17:27:32
"""역실적 장세엔 방어주·낙폭과대주 주목""...대비는 DSR무관 연4.95% 상품으로",2022-07-14 11:40:02
"""달러·채권등 안전자산 늘리고 가격결정력 쥔 식품주 주목""",2022-07-11 04:01:03
시계제로 세계경제…보험·통신 등 경기방어株로 버텨라,2022-07-11 04:01:03
재계 ‘차이나 드림’서 ‘차이나 쇼크’로…삼전 직원 급감·K뷰티 고전,2022-07-08 14:23:52
"[한국주식 원포인트 레슨] 불확실성의 시대, 헬스케어가 최선의 대안",2022-07-08 04:01:01
믿있던 삼성전자마저…영업이익 예상치 4조 넘게 줄어,2022-07-06 17:48:55
"[해외주식 포커스] 제너럴밀스, 인플레에도 올해 주가 12% 상승",2022-07-06 17:21:14
"""여러 차례에 걸쳐 분할매수 바람직""...투자는 DSR무관 연4.95% 자금으로",2022-07-05 11:10:01
"물가 뛸 땐 실물자산 공략? 에너지株 수익률, 부동산株 6배 [월가월부]",2022-07-03 16:41:58
추가 투자재원은 까다로운 심사 없는 1년 고정 연 3.5% 금리로!,2020.06.25 13:50
부족한 주식매입자금 마련은 1년 고정 연 3.5% 금리로 해결,2020.06.25 12:20
"""코로나로 제조업 `적시생산` 끝…이젠 `비상대비 생산` 시대""",2020.06.21 18:08
"삼성증권·매경 재테크콘서트 ""하반기 美증시 MAFAA에 주목하라""",2020.06.15 17:46
중장기 주식매입자금 마련은 연 3.5% 1년 고정 금리로 해결,2020.06.08 13:20
"""업종간 차별화 하반기에도 지속""…투자는 1년 고정 연 3.5% 금리로",2020.06.08 10:00
"[Money&Riches] 그럼에도 불구하고…코스피, 하반기 계속 달릴까",2020.06.05 04:02
추가 주식매입자금은 수수료 없는 1년 고정 연 3.5% 금리로!,2020.06.04 13:50
[INTERVIEW 배양숙의 Q] 히든 챔피언 `꿈비` 박영건 대표에게 세계 시민을 묻다,2020.06.04 10:15
"`순환매` 다음 업종은…""車·금융·화장품""",2020.06.02 17:49
`3D 기술`로 플라스틱 용기 확 줄이는 다쏘시스템,2020.05.31 18:12
"""고PER 종목들 주가수익률 높아""…투자는 1년 고정 연 3.5% 금리로",2020.05.29 10:00
"`버핏 추종자` 애크먼 ""버크셔 주식 내다팔았다""…저무는 버핏의 시대",2020.05.28 16:18
"""기존 투자 방식에서 탈피해야""…대비는 1년 고정 연 3.5% 금리로",2020.05.27 10:00
"""마스크 관련주 실적주로 재평가`…대비는 연 3.5% 1년 고정 자금으로",2020.05.26 10:40
"""성장주가 코스피 상승 주도""…투자는 연 3.5% 1년 고정 금리로",2020.05.25 09:20
"""중국 양회 주제에 관심 고조""…투자는 1년 고정 연 3.5% 금리로",2020.05.22 10:00
코스피 두달반만에 2000선 터치…역대 위기 중 회복 가장 빨랐다,2020.05.21 17:38
코스피 장중 2천 탈환…주목받는 두 종목,2020.05.21 14:48
"`저평가 오명` 벗지 못하는 코스피, 이익 평가 주르륵",2020.05.20 16:53
"""美中갈등에 박스피 장기화…현금 늘려야""",2020-05-18 17:32:23
株머니 매니저의 HOT종목,2020-05-15 04:01:01
"""필수소비재·통신주 실적 방어""…투자는 1년 고정 연 3.5% 자금으로",2020-05-12 10:00:02
[설진훈 칼럼] 보복(報復) 소비?,2020-05-11 10:39:06
글로벌 충격에도 소비는 살아있다… 경쟁력 탄탄한 유망 소비주 투자해볼까,2020-04-29 14:47:53
저유가 속 산업별 기상도 | 정유·조선·건설 울고 유화 ‘불안한 미소’ 원가 낮아도 수요 감소하면 말짱 도루묵,2020-04-17 09:18:04
귀차니스트를 위한 큐레이션 라이프-귀찮음을 큐레이션하다,2020-04-16 10:36:06
"[Hot-Line] ""코웰패션, 코로나19로 언택트 소비 확산에 따른 수혜 예상""",2020-04-14 08:34:48
[US REPORT] 美 경기 반등 ‘셧다운 해제’에 달렸다? GDP 70% 민간소비 못 살리면 장기불황,2020-04-13 09:40:01
`집밥` 전성시대…잘 버틴 소비재펀드,2020-04-09 17:42:59
`집밥`의 힘…소비재펀드 눈부신 선방,2020-04-09 11:56:10
"[View & Outlook] 소비자들 위기일 수록 기업 대응 주시…기업, 과감한 결단으로 리더십 발휘를",2020-04-09 04:03:02
코로나19 뚫고 `어닝 서프라이즈`…1분기 두각 보인 기업은,2020-04-08 17:40:36
美 증시로 보는 코로나19 이후-이커머스·콘텐츠 ‘둥실’…IT·전기차 ‘비실’,2020-04-06 11:13:00
"금융위기보다 거센 외국인 매도…""더 팔수도""",2020-03-29 18:43:45
외국인 주식 매도 금융위기 수준 넘었지만…더 팔수도,2020-03-29 15:51:13
"[Hot-Line] ""한독크린텍, 정수기 필터 독보적 점유율 보유""",2020-03-25 08:06:17
[Bull&Bear] 코로나속 필수재 대접받는 오리온,2020-03-19 17:32:35
[도전과 응전의 경제학] 번영·성장의 근원 설명…케인스학파 로버트 솔로,2020-03-18 08:01:02
"[Hot-Line] ""코웰패션, 코로나19 직·간접 수혜 예상""",2020-03-11 08:07:28
"벼랑 끝에 선 정유업계 ""모든 악재 한번에…개소세 깎아달라""",2020-03-09 17:33:40
"KOTRA ""일본시장 소재부품장비 진출로 다변화""",2020-02-16 16:18:29
‘악’ 소리 나는 중국 펀드 어떻게-부화뇌동 손절?…中 경기 부양 지켜봐라,2020-02-10 13:58:04
[카드뉴스] 2020 매경이코노미 선정-베스트 애널리스트 추천 종목,2020-02-03 17:43:37
우한폐렴 직격탄…中소비株펀드 `와르르`,2020-01-28 11:45:39
2019 베스트 애널리스트 추천 종목-삼성전자·하이닉스 ‘강추’…中소비주 ‘찜’,2020-01-20 06:37:16
"하이투자증권, 미·중 무역갈등 완화 최대수혜 中본토주 투자",2020-01-13 04:01:02
유니콘기업 키울 3박자는 규제완화·모험자본·인재,2020-01-12 18:00:06
"""비싸도 재밌으면 지갑 연다""…불황에도 컬래버상품 완판행진",2019.12.24 17:55
중장기 주식매입자금은 수수료 없는 업계 최저 연2.79% 자금으로,2019.12.16 12:20
"""위험자산 매력도 재부각 가능성"".. 대비는 연2.79% 업계 최저금리로",2019.12.16 09:20
"韓대표지수 코스피200, 소부장 더 담는다",2019.12.12 17:51
"""글로벌 시총 톱10중 7곳은 플랫폼 기업""",2019.12.02 17:55
"이상직 중소벤처기업진흥공단 이사장 ""토스 등 유니콘기업이 나와야 독과점 깨져""",2019.12.02 17:37
"삼정KPMG ""글로벌 시총 10위 기업 중 플랫폼업체 7개…10년만에 3배""",2019.12.02 13:56
[카드뉴스] 연말 증권포럼서 본 내년 증시,2019.11.29 08:51
연말 증권포럼서 본 내년 증시…반도체·OLED·美 리츠가 화두,2019.11.29 08:24
이선호 삼표산업 대표| “명품 아파트에 맞는 특수 콘크리트 경쟁력 최고”,2019.11.28 15:17
MSCI 이어 코스닥150도 `바이오 대거탈락`,2019.11.27 18:00
"뉴욕증시, 미·중 무역협상 기대감에 상승…다우 0.20%↑",2019.11.27 06:59
"[증권사 추천상품] 한투증권, 美저평가株·글로벌채권 분산투자",2019.11.22 04:03
"[증권사 추천상품] 하이투자증권, 아·태 소비株에 투자…3년간 53% 수익",2019.11.22 04:03
"뉴욕증시, 트럼프 무역협상 원론적 언급에 관망세…다우 0.33%↑",2019.11.14 06:55
"""술 좋아하면 지원하세요…해외진출 대비 외국어는 필수죠""",2019.11.11 17:23
미중 무역협상 막판 기싸움…코스피 연말 안도랠리 이어갈까,2019.11.11 15:47
[Money & Riches] 저금리 시대에 짭짤하네…예금보다 나은 배당투자,2019.11.08 04:04
당신만 모르고 있는 2020년 새로운 주거 소비 트렌드,2019.10.25 16:03
[한국산업의 고객만족도] 트렌드도 즉각 반영…고객 마음 사로잡은 1등 기업,2019.10.15 04:02
[경영칼럼] 아마존의 제1 성공비결 ‘가변적 가격 책정(dynamic pricing)’ 혁신,2019-10-14 10:08:20
이젠 아파트 브랜드도 SNS로 소통한다?,2019-09-26 18:08:33
주식매입자금 마련은 까다로운 소득 심사없는 연 3%대 야호스탁론으로,2019-09-23 12:50:01
"5년고정 연4.29% 자금으로 ""경기방어 · 내수 · 배당주 어떨까?""",2019-09-23 10:00:02
"피델리티글로벌배당인컴증권펀드, 중위험 중수익 추구…월급주는 펀드",2019-09-17 04:01:02
"뉴욕증시, 미중 무역갈등 완화에 상승 마감…다우 1.25%↑",2019-08-30 06:48:32
"뉴욕증시, 미 소비지표 호조 등에 힘입어 상승…다우 0.39%↑",2019-08-16 06:03:55
보람튜브 100억 건물 매입으로 본 40조원 키즈 시장-유튜브 ‘키즈 스타’ 월30억 대박 황금알 부상 아동 콘텐츠 시장,2019-08-09 09:21:28
"뉴욕증시, 미국 연방준비제도 금리 인하 결정에도 하락 마감…다우 1.23%↓",2019-08-01 06:40:52
홍보라는 Two side Business를 팝니다,2019-07-31 15:01:03
"뉴욕증시, FOMC·무역협상 기대하며 혼조세로 마감…다우 0.11%↑",2019-07-30 06:27:44
"뉴욕증시, 미국 성장률 양호에 상승…다우 0.19%↑",2019-07-27 06:37:14
"신영글로벌고배당증권자투자신탁, MS·디즈니…美 고배당주 담아 올 20% 수익",2019-07-23 17:37:49
"뉴욕증시, 예상보다 나은 기업실적에 상승 마감…다우 0.07%↑",2019-07-23 06:14:39
G2분쟁에도 亞소비·럭셔리펀드 `꿋꿋`,2019-07-15 17:45:17
"말 못하는 소, 돼지가 나의 최종 고객",2019-07-10 15:01:05
"[하반기 주식투자] `위기와 기회` 공존하는 증시, □□□ 펀드로 안전운행",2019-07-08 04:01:06
[증권사 추천상품] 글로벌 고배당주 주목…年수익 14%,2019-07-08 04:01:04
맥킨지컨설팅 보고서 슈퍼스타기업 대해부,2019-07-04 17:58:18
"[매경시평] K-뷰티, 새로운 수출산업으로 키우자",2019-07-01 00:05:01
"트렌드 저격, 취향 저격 ETF 골라볼까… 여성평등·가톨릭신념 내세운 상품도",2019.06.28 11:09
[카드뉴스] 10년간 배당 늘려온 장기 고배당주,2019.06.27 10:49
10년간 배당 늘려온 장기 高배당주-쌍용양회·동원개발·KT&G…투자매력 好好,2019.06.24 11:39
"[주간증시전망] ""G20 미중무역협상에 쏠리는 눈…박스권 등락 지속""",2019.06.23 11:24
"마이다스아시아리더스성장주 펀드, 亞성장주 선별투자…3년 수익률 31%",2019.06.18 17:10
"피델리티글로벌배당인컴펀드, 글로벌 배당주에 투자…올 약세장서 14%↑",2019.06.11 17:25
"뉴욕증시, 금리인하 기대감에 연일 상승…다우, 0.82%↑",2019.06.06 06:30
[해외투자가 답이다] (9) 모디 총리 재집권에 훈풍 부는 인도-금융·산업재·소비주 훨훨…美中갈등 수혜,2019.06.03 10:48
[증권사 추천상품] 현대차증권 / `피델리티글로벌배당인컴펀드`,2019.06.03 04:01
"뉴욕증시, 미중무역전쟁 우려·퀄컴 반독점법 위반으로 하락…다우, 0.39%↓",2019.05.23 06:15
신용/미수 보다 저렴한 야호스탁론.. 연 2.89% 최저금리로 즉시 대출,2019.05.20 12:50
"""환율 상승 수혜업종 집중 분석 필요"".. 투자는 연 2.89% 자금으로",2019.05.20 10:00
"뉴욕증시, 미중 무역협상 지속 기대감에 상승 마감…다우 0.44%↑",2019.05.11 06:31
[증권사 추천 상품] 변동장서 빛나는 안정적 배당주,2019.05.07 04:01
소비재株 방긋…유틸리티는 울상,2019.05.05 18:29
[스타트업트렌드 Wadiz on? ] 필(必)환경 시대의 도래,2019.05.03 17:48
"취임 1년 맞은 권평오 KOTRA 사장, 해외출장 104일 지구 7바퀴 강행군 22개국 돌며 ‘수출 10% 더하기’ 전력",2019.05.02 13:55
"미수/신용 담보부족, 추가자금은 연 2.99% 골드스탁론으로 즉시 해결",2019.04.22 13:20
"연 2.99% 자금으로 수익률 높이려면 ""중국 정책 수혜주 찾아라""",2019.04.22 10:40
"美기업 78% 1분기 실적, 시장예상 웃돌았다",2019.04.19 17:50
화장품 방문판매 영업소장의 일상,2019-04-17 15:01:02
"""국내 증시 가치주 중심으로 이동"".. 저점매수는 연 3.1% 자금으로",2019-04-11 11:40:01
"""필수 소비재 관련 업종에 관심 가질 때"".. 대비는 연 3.1% 자금으로",2019-04-11 09:22:22
연 3.1% 최저금리로 100% 집중투자 가능한 골드스탁론 출시,2019-04-10 13:20:01
"""배당주 투자 4-5월이 적기"".. 저점매수는 연 3.1% 자금으로",2019-04-10 10:40:01
1분기 어닝시즌 개막…실적개선·내수株 `주목`,2019-04-08 15:36:06
[장용승 특파원의 월스트리트 인사이트] 뉴욕 새 랜드마크 ‘허드슨 야드’ 공식 오픈 2500개 계단 조형물 ‘베슬’ 관광명소로 들썩,2019-04-08 10:49:20
머니테크 해외증시로…몰빵은 필패 中 지금 올라타야…美 조정은 매수기회,2019-04-05 09:34:59
"뉴욕증시, 1분기 기업 실적 우려에 혼조 마감…다우 0.3%↓",2019-04-03 06:24:47
“글로벌 명품株 사세요” 루이비통·에르메스 주가 호조에 뜨는 럭셔리 펀드,2019-04-02 14:47:38
`연 3.1%` 최저금리에 한 종목 집중 투자 가능한 골드스탁론 즉시 대출!,2019-04-02 13:50:02
"""실적 개선 예상되는 업종"" 저점매수는 연 3.1% 자금으로",2019-04-02 11:10:01
구독경제 Subscription Economy,2019-03-27 11:12:25
美장단기 금리역전 `투자 피난처`는,2019-03-26 17:46:33
[글로벌 트렌드] 유통공룡 아마존마저…PB상품 키운다,2019-03-20 04:07:01
"""중국은 전기차·5G·로봇, 미국은 에너지·금융 주목""",2019-03-14 17:46:19
"골드스탁론, 연 3.4% 최저금리로 신용/미수 대환 즉시 해결",2019-03-14 13:21:01
"야호스탁론, 연 3.4% 최저금리 주식자금 대출.. 3배 매수기회 잡아볼까?",2019-03-14 12:51:01
"""외국인 · 기관 동반 순매수 업종 노려라"".. 투자는 연 3.4% 자금으로",2019-03-14 10:00:03
"연 3.4% 자금으로 ""수급 몰리는 필수소비재, 유틸리티로 대응 필요""",2019-03-14 09:21:01
경기 먹구름에도…식품·유틸리티株 `햇살`,2019-03-13 17:53:40
"한국거래소, `KRX 300 섹터지수` 3종 18일 발표",2019-03-13 17:09:36
[돈되는 증권상품] 하나금투 / 하나UBS 중국1등주자산배분펀드,2019-03-05 04:01:03
[돈되는 증권상품] 현대차증권 / 피델리티글로벌배당인컴펀드,2019-03-05 04:01:03
"삼정KPMG, ""글로벌 사모펀드 외식산업 성장세 둔화 전망에도 투자 지속""",2019-02-28 18:01:07
"금리비교는 대출시점부터! .. 골드스탁론, 업계 최저 `연 4.2%` 상품 출시",2019-02-27 13:20:01
"""밸류에이션 저항 강화 국면"" 대비는 `대출시점부터 연 4.2%` 자금으로",2019-02-27 10:00:02
"[Hot-Line] ""3월 코스피 2150~2340 등락 예상""",2019-02-25 11:17:34
유튜브 마케팅 전성시대 | 홍보 영상은 기본 예능에 웹드라마까지…`1020 사로잡아라` 크리에이터 된 기업들,2019-02-22 09:28:24
"뉴욕증시, 미국 경제지표 악화·국가비상사태 선포 우려에 혼조 마감…다우 0.41%↓",2019-02-15 06:51:26
[Books&Biz] 눈앞에 다가온 인구절벽…미래 소비시장 新성공전략,2019-02-15 04:04:02
모든 수수료가 전혀 없는 `대출시점부터 연 4.2%` 야호스탁론 출시,2019-02-12 13:50:01
"""종목 선택 방법 바꿔야 한다"".. 투자는 `처음부터 연 4.2%` 자금으로",2019-02-12 10:40:01
[Biz Focus] 오프라인 공룡이라고?…온라인 세상에선 하룻강아지,2019-02-01 04:15:01
"뉴욕증시, 미·중 무역협상 긴장 속 혼조 마감…다우 0.09%↓",2019-01-25 06:36:20
"모든 수수료 제로, 금리 걱정 없는 월 0.3%대 골드스탁론 출시",2019-01-23 13:50:02
"""낙관론 기지개 vs 보수적 대응"".. 대비는 월 0.3%대 최저금리로",2019-01-23 10:40:01
[CEO의 투자 한수] 약세장선 고배당·경기방어株 주목,2019-01-17 17:35:38
"뉴욕증시, 셧다운 장기화 파장에 하락…다우 0.02%↓",2019-01-12 06:54:34
[2018 베스트 애널리스트] 신규 2~3위 애널리스트 26人 | 80년대생 ‘질주’…증권가 세대교체 바람,2019-01-11 09:41:59
"현명한 투자자의 솔루션, 연 4.69% 최저금리로 투자자금 확보해보세요",2019-01-10 13:50:01
"""추정실적 편차 크지 않은 업종"" 주목.. 투자는 월 0.3%대 자금으로 해결",2019-01-10 10:40:02
어두운 경기 전망...저평가 우량주에서 기회 찾아야,2019-01-04 11:01:01
[Biz Focus] 디지털혁신 묻거든 스타벅스 보게하라,2019-01-04 04:07:02
