sector,keyword,title,date
real_asset,Gold,Why Don’t Rich People Just Stop Working?,2019-10-17
real_asset,Gold,"E.T.F. Investors Are Going for Gold, Despite Many Drawbacks",2019-10-11
real_asset,Gold,"Learning to Listen, in a Los Angeles Cafe Built for Vinyl",2019-06-03
real_asset,Gold,Gilt-y Pleasures: Holiday Gift Ideas for the Jewelry Lover,2020-11-25
real_asset,Gold,"When Gold Prices Go Up, Jewelry Prices Follow",2020-11-17
real_asset,Gold,New Gold Rush Pushes Price to Record Highs,2020-07-27
real_asset,Gold,Record gold price reflects investors’ unease.,2020-07-27
real_asset,Gold,"Something Weird Is Happening on Wall Street, and Not Just the Stock Sell-Off",2020-03-12
real_asset,Gold,American boxers post their best showing since 2000.,2021-08-08
real_asset,Gold,Watches Are Getting a Lot More Edgy,2022-02-17
real_asset,Gold,Financial Fraudsters Have Escaped Justice for Far Too Long,2023-11-13
real_asset,Gold,A Supreme Court Victory Won’t End a War on Regulators,2024-05-17
real_asset,Gold,What We Know About the Menendez Bribery Case,2024-01-03
real_asset,Gold,Menendez Faces a New Accusation: Aiding the Qatari Government,2024-01-02
real_asset,Gold,"Our Petty, Hollow, Squalid Ogre in Chief",2025-12-16
real_asset,Gold,"Comey Goes to Court, and Gold Prices Hit Record High",2025-10-08
real_asset,Gold,Her Side Gig Is Designing Jewelry for Julia Roberts,2025-09-26
real_asset,Gold,Emerging Brands. Big Challenges.,2025-09-03
real_asset,Gold,Gold Market Is Shaken by Unexpected U.S. Tariff Ruling,2025-08-08
real_asset,Gold,Tariff Sticker Shock,2025-03-27
real_asset,Gold,"Gold Price Hits $3,000 for First Time on Tariff Anxiety",2025-03-14
real_asset,Gold,Why the Price of Gold Keeps Breaking Records,2025-02-21
real_asset,Silver,3 From JPMorgan Accused in Scheme to Game Precious Metals Market,2019-09-16
real_asset,Silver,Where Jerry Zaks Goes to Escape the ‘Pure Pleasure’ of the Theater,2022-03-15
real_asset,Silver,The Risk That Built America,2025-10-18
real_asset,WTI Crude Oil,Global Stocks Crawl up Slightly as Weak U.S. Data Spurs Hopes of Fed Rate Cut,2019-10-03
real_asset,WTI Crude Oil,A Rerun From the 1970s? This Economic Episode Has Different Risks,2019-09-18
real_asset,WTI Crude Oil,DealBook Briefing: An I.P.O. of WeWork Will Have to Wait,2019-09-17
real_asset,WTI Crude Oil,DealBook Briefing: The World Reckons With a New Oil Order,2019-09-16
real_asset,WTI Crude Oil,"After Saudi Attack, Oil Market Is on Edge: ‘What if the Other Shoe Drops?’",2019-09-16
real_asset,WTI Crude Oil,"Iran, Notre-Dame, David Cameron: Your Monday Briefing",2019-09-16
real_asset,WTI Crude Oil,Oil Prices Spike After Attack on Saudi Facilities but Lasting Disruption Seen Unlikely,2019-09-15
real_asset,WTI Crude Oil,DealBook Briefing: Trump Gives Huawei a Breather. Sort of.,2019-07-01
real_asset,WTI Crude Oil,DealBook Briefing: Why Fiat Chrysler Nixed the Renault Merger,2019-06-06
real_asset,WTI Crude Oil,Another Sign of Economic Worry: Tumbling Oil Prices,2019-06-05
real_asset,WTI Crude Oil,"Occidental Bids $38 Billion for Anadarko, Challenging Chevron",2019-04-24
real_asset,WTI Crude Oil,DealBook Briefing: Uber’s Growth Is Slowing,2019-04-12
real_asset,WTI Crude Oil,Volatility Continues as Rising Oil Prices Help Wall St. Erase Early Losses,2019-01-02
real_asset,WTI Crude Oil,Stocks fall as the deadline for a stimulus deal nears.,2020-12-18
real_asset,WTI Crude Oil,Stocks dip as Brexit and U.S. stimulus talks remain stuck with time running out.,2020-12-11
real_asset,WTI Crude Oil,Stocks climb as stimulus talks continue.,2020-12-04
real_asset,WTI Crude Oil,S&P 500 and Dow return to record territory as Biden administration takes shape.,2020-11-24
real_asset,WTI Crude Oil,Stocks are bolstered by news of another promising coronavirus vaccine.,2020-11-23
real_asset,WTI Crude Oil,Stock market nears a record high even as virus cases soar.,2020-11-11
real_asset,WTI Crude Oil,Stocks halt their rally with the S&P 500 just short of a record.,2020-11-10
real_asset,WTI Crude Oil,By the numbers: Markets react to U.S. election.,2020-11-04
real_asset,WTI Crude Oil,Oil prices rise as traders look beyond uncertain election results.,2020-11-04
real_asset,WTI Crude Oil,Stock rally extends to a second day as a nerve-racking election nears its end.,2020-11-03
real_asset,WTI Crude Oil,Stocks Suffer Biggest Weekly Decline Since March as Virus Spreads,2020-10-30
real_asset,WTI Crude Oil,Big Tech meltdown and rising virus cases lead S&P 500 to worst week since March.,2020-10-30
real_asset,WTI Crude Oil,Exxon Mobil will cut thousands of jobs as it contends with low oil and gas prices.,2020-10-29
real_asset,WTI Crude Oil,Stocks Post Worst Day in 4 Months as Infections Rise Around the Globe,2020-10-28
real_asset,WTI Crude Oil,Oil prices plummet on coronavirus fears and rising supply.,2020-10-28
real_asset,WTI Crude Oil,Wall St. Alarm at Surge of Virus Sends Stocks and Oil Lower,2020-10-26
real_asset,WTI Crude Oil,"With just eight days until the American election, the U.S. and Europe scramble to halt surges of new cases.",2020-10-26
real_asset,WTI Crude Oil,Stock and oil prices tumble as restrictions tighten against the pandemic’s next wave.,2020-10-26
real_asset,WTI Crude Oil,Questions and Answers About the Bidens and a Deal in China,2020-10-25
real_asset,WTI Crude Oil,Wall Street adds to its gains as investors wait for clarity on stimulus talks.,2020-10-08
real_asset,WTI Crude Oil,A Columnist Makes Sense of Wall Street Like None Other (See Footnote),2020-10-08
real_asset,WTI Crude Oil,Stocks rally and oil prices surge with investors watching stimulus talks.,2020-10-05
real_asset,WTI Crude Oil,"For oil prices, the Trump news just adds to concerns over demand.",2020-10-02
real_asset,WTI Crude Oil,Wall Street drops after President Trump’s coronavirus disclosure.,2020-10-02
real_asset,WTI Crude Oil,News that the president contracted the virus leaves the world shaken.,2020-10-02
real_asset,WTI Crude Oil,Trump’s positive cause global markets to tumble.,2020-10-02
real_asset,WTI Crude Oil,Rally falters as investors await the first presidential debate.,2020-09-29
real_asset,WTI Crude Oil,A volatile day on Wall Street ends with the S&P 500 flat.,2020-09-11
real_asset,WTI Crude Oil,Wall Street rallies as tech rebounds from its 10 percent slide.,2020-09-09
real_asset,WTI Crude Oil,Oil prices dive: ‘This whole summer of bullishness is over.’,2020-09-08
real_asset,WTI Crude Oil,Stocks slide as tech meltdown continues and oil plunges.,2020-09-08
real_asset,WTI Crude Oil,Stocks rose on hopes of medical progress against coronavirus.,2020-08-24
real_asset,WTI Crude Oil,Saudi Aramco Says Profit Fell 73 Percent as Demand for Oil Shrank,2020-08-09
real_asset,WTI Crude Oil,"OPEC, Russia and other oil producers will ease production cuts.",2020-07-15
real_asset,WTI Crude Oil,OPEC and Russia May Ease Oil Production Cuts,2020-07-12
real_asset,WTI Crude Oil,The surge in virus cases is ‘casting a shadow’ over oil demand.,2020-07-10
real_asset,WTI Crude Oil,States Pause Plans to Reopen as Cases Soar,2020-06-29
real_asset,WTI Crude Oil,‘Extraordinarily Uncertain’ Outlook From Powell,2020-06-29
real_asset,WTI Crude Oil,Coronavirus Surge Raises Alarm as States Report New Highs,2020-06-25
real_asset,WTI Crude Oil,What’s Gotten Into the Price of Cheese?,2020-06-22
real_asset,WTI Crude Oil,OPEC and Russia Agree to Extend Oil Production Cuts,2020-06-06
real_asset,WTI Crude Oil,OPEC and Russia Are Likely to Extend Oil Production Cuts,2020-06-05
real_asset,WTI Crude Oil,Should We Fear Post-Pandemic Inflation?,2020-05-28
real_asset,WTI Crude Oil,Stocks Rise on Hopes for Economic Recovery,2020-05-26
real_asset,WTI Crude Oil,"Hertz, Car Rental Pioneer, Files for Bankruptcy Protection",2020-05-22
real_asset,WTI Crude Oil,Jack Ma Quits SoftBank,2020-05-18
real_asset,WTI Crude Oil,Stocks Surge as Oil Prices Rally,2020-05-18
real_asset,WTI Crude Oil,Oil Prices Are Coming Back as Demand Rises,2020-05-17
real_asset,WTI Crude Oil,Nigerian Coronavirus Outbreak Highlights Emerging Threat in Africa,2020-05-17
real_asset,WTI Crude Oil,Wall Street Recovers After a Day of Turbulent Trading,2020-05-14
real_asset,WTI Crude Oil,Top Health Experts Paint Bleak Picture of Pandemic,2020-05-12
real_asset,WTI Crude Oil,Why Economic Pain Could Persist Even After the Pandemic Is Contained,2020-05-11
real_asset,WTI Crude Oil,‘This Feels Very Different’,2020-05-01
real_asset,WTI Crude Oil,Consumer Survey Shows Continued Concern,2020-04-28
real_asset,WTI Crude Oil,A Glut of Oil,2020-04-27
real_asset,WTI Crude Oil,Texas and Ohio Push to Reopen; White House Promises to Help States Test,2020-04-27
real_asset,WTI Crude Oil,It Calls Itself the Energy Capital. Now It Faces 2 ‘Horrifying’ Crises.,2020-04-27
real_asset,WTI Crude Oil,Stocks Rise as Oil Prices Plunge,2020-04-27
real_asset,WTI Crude Oil,Scientists Race For a Coronavirus Vaccine,2020-04-27
real_asset,WTI Crude Oil,"In Ecuador, Coronavirus Deaths Go Uncounted",2020-04-23
real_asset,WTI Crude Oil,Will the Coronavirus Pandemic Doom North Sea Oil?,2020-04-22
real_asset,WTI Crude Oil,Wait … Is Twitter Good Now?,2020-04-22
real_asset,WTI Crude Oil,Will ‘Real’ Small Businesses Get the Money This Time?,2020-04-22
real_asset,WTI Crude Oil,Airlines and Automakers Consider How to Reopen,2020-04-22
real_asset,WTI Crude Oil,You Have to Pay to Give Oil Away,2020-04-21
real_asset,WTI Crude Oil,California Announces Early Coronavirus Deaths; Trump Narrows Immigration Ban,2020-04-21
real_asset,WTI Crude Oil,What the Negative Price of Oil Is Telling Us,2020-04-21
real_asset,WTI Crude Oil,U.S. Orders Chevron to Stop Producing Oil in Venezuela,2020-04-21
real_asset,WTI Crude Oil,Summer Internships Won’t Be the Same This Year,2020-04-20
real_asset,WTI Crude Oil,Trump Says He Will Halt Immigration; States Start to Reopen Businesses,2020-04-20
real_asset,WTI Crude Oil,Coronavirus Death Toll Soars in Turkey; W.H.O. Warns of Vaccine Roadblock,2020-04-20
real_asset,WTI Crude Oil,An Airline Bailout Is Taking Shape,2020-04-14
real_asset,WTI Crude Oil,Why Trump is Pushing for Higher Oil Prices,2020-04-13
real_asset,WTI Crude Oil,The Supply Chain for Food Is Stressed,2020-04-13
real_asset,WTI Crude Oil,"Oil Nations, Prodded by Trump, Reach Deal to Slash Production",2020-04-12
real_asset,WTI Crude Oil,"As Russia and Saudi Arabia Retreat, U.S. Oil Industry Avoids the Worst",2020-04-11
real_asset,WTI Crude Oil,OPEC and Russia Agree to Cut Oil Production,2020-04-09
real_asset,WTI Crude Oil,Paul Singer’s Hedge Fund Saw It Coming,2020-04-09
real_asset,WTI Crude Oil,OPEC Talks to Cut Oil Production Disappoint Traders,2020-04-09
real_asset,WTI Crude Oil,Oil Markets Are a Mess. Can World Leaders Straighten Them Out?,2020-04-08
real_asset,WTI Crude Oil,Small-Business Relief Effort ‘a Mess’,2020-04-02
real_asset,WTI Crude Oil,White House Debates How Far to Go on Face Mask Guidelines,2020-04-02
real_asset,WTI Crude Oil,Retailers Under Pressure to Protect Workers,2020-04-01
real_asset,WTI Crude Oil,Ford Joins Effort to Make Ventilators,2020-03-30
real_asset,WTI Crude Oil,"As Governors Plead for Tests, Trump Promises Ventilators to Europe",2020-03-30
real_asset,WTI Crude Oil,The World Is Running Out of Places to Store Its Oil,2020-03-26
real_asset,WTI Crude Oil,Fed Announces More Loans as Investor Alarm Persists,2020-03-18
real_asset,WTI Crude Oil,Trump Signs Relief Package; China Reports Zero New Local Infections,2020-03-18
real_asset,WTI Crude Oil,"Stocks Plunge, With Dow in Bear Market",2020-03-11
real_asset,WTI Crude Oil,Trump to Meet Bank Executives Amid Market Turmoil,2020-03-10
real_asset,WTI Crude Oil,"Coronavirus, Ashraf Ghani, Markets: Your Tuesday Briefing",2020-03-09
real_asset,WTI Crude Oil,Why the Outlook for the Economy Just Got Worse,2020-03-09
real_asset,WTI Crude Oil,Oil Prices Dive as Saudi Arabia Takes Aim at Russian Production,2020-03-08
real_asset,WTI Crude Oil,Oil Prices Nose-Dive as OPEC and Russia Fail to Reach a Deal,2020-03-06
real_asset,WTI Crude Oil,Why a Coronavirus Recession Could Be Extra Painful: Its Suddenness,2020-03-06
real_asset,WTI Crude Oil,"Stocks and Bond Yields Sink, Capping a Week of Wild Trading",2020-03-06
real_asset,WTI Crude Oil,OPEC Tries to Head Off Oil Glut as Coronavirus Saps Demand,2020-03-02
real_asset,WTI Crude Oil,Stocks Fall Again as Coronavirus Spreads,2020-02-26
real_asset,WTI Crude Oil,Canada Oil-Sands Plan Collapses Over Politics and Economics,2020-02-24
real_asset,WTI Crude Oil,U.S. Stocks Plunge as Coronavirus Crisis Spreads,2020-02-24
real_asset,WTI Crude Oil,New Cases in China Appear to Be Slowing,2020-02-18
real_asset,WTI Crude Oil,Stocks Shrug Off Outbreak Worries and Reach New Record,2020-02-05
real_asset,WTI Crude Oil,Coronavirus Adds to Pressure for U.S. Oil Industry,2020-02-04
real_asset,WTI Crude Oil,"Deaths in China Rise, With No Sign of Slowdown",2020-02-04
real_asset,WTI Crude Oil,OPEC Scrambles to React to Falling Oil Demand From China,2020-02-03
real_asset,WTI Crude Oil,Hong Kong Reports First Death From Coronavirus Outbreak,2020-02-03
real_asset,WTI Crude Oil,Oil Prices Are Slow to Reflect U.S.-Iran Tensions,2020-01-07
real_asset,WTI Crude Oil,"Iran ‘Concludes’ Attacks, Foreign Minister Says",2020-01-07
real_asset,WTI Crude Oil,"A Sea of Mourners in Iran, and New Threats From Both Sides",2020-01-06
real_asset,WTI Crude Oil,"Oil Prices Jump, and Stocks Slide, After U.S. Kills Iranian General",2020-01-03
real_asset,WTI Crude Oil,Killing of Iranian Commander Is Met With Criticism and Tough Talk,2020-01-03
real_asset,WTI Crude Oil,Here is what happened in markets today.,2021-03-30
real_asset,WTI Crude Oil,Bank stocks tumble following an investment firm’s defaults.,2021-03-29
real_asset,WTI Crude Oil,Here’s what happened in markets today.,2021-03-25
real_asset,WTI Crude Oil,Stocks drop along with oil prices as pandemic concerns resurface.,2021-03-23
real_asset,WTI Crude Oil,Saudi Aramco’s Profit Fell 44 Percent in 2020,2021-03-21
real_asset,WTI Crude Oil,Here is what happened in the markets today.,2021-03-16
real_asset,WTI Crude Oil,Wall Street rides newfound economic optimism to record heights.,2021-03-11
real_asset,WTI Crude Oil,Wall Street is split as stocks that will profit from a recovery rally while tech lags.,2021-03-08
real_asset,WTI Crude Oil,Oil hits its highest price in more than a year following OPEC’s meeting.,2021-03-05
real_asset,WTI Crude Oil,S&P 500 falls for second day after surge.,2021-03-03
real_asset,WTI Crude Oil,Wall Street has its best day since June as bond market settles.,2021-03-01
real_asset,WTI Crude Oil,GameStop and meme stocks spike again.,2021-02-24
real_asset,WTI Crude Oil,Stocks drop as rising bond yields intensify the debate about inflation.,2021-02-22
real_asset,WTI Crude Oil,Here’s what happened in the markets today.,2021-02-19
real_asset,WTI Crude Oil,Natural gas futures fall after rising 10 percent earlier in the week.,2021-02-18
real_asset,WTI Crude Oil,Energy prices keep climbing as storm limits production.,2021-02-17
real_asset,WTI Crude Oil,U.S. energy prices jump as a winter storm disrupts production.,2021-02-16
real_asset,WTI Crude Oil,What happened in the markets today.,2021-02-12
real_asset,WTI Crude Oil,"Shell, in a Turning Point, Says Its Oil Production Has Peaked",2021-02-11
real_asset,WTI Crude Oil,What happened in markets today.,2021-02-10
real_asset,WTI Crude Oil,Stocks rise as oil completes its pandemic recovery.,2021-02-08
real_asset,WTI Crude Oil,Stocks edge higher as earnings reports lift tech shares.,2021-02-03
real_asset,WTI Crude Oil,Stocks rise as Janet Yellen outlines her spending priorities as Treasury secretary.,2021-01-19
real_asset,WTI Crude Oil,Stocks rise slightly after lull.,2021-01-13
real_asset,WTI Crude Oil,Stocks end where they started after an uneven day.,2021-01-12
real_asset,WTI Crude Oil,"Markets continue to climb, shaking off a grim jobs report.",2021-01-08
real_asset,WTI Crude Oil,Stocks Hold Gains Amid Violence at the Capitol,2021-01-06
real_asset,WTI Crude Oil,"Saudi Arabia Will Cut Its Oil Production, Allowing Russia’s to Grow",2021-01-05
real_asset,WTI Crude Oil,Stocks climb as rally in oil lifts energy shares.,2021-01-05
real_asset,WTI Crude Oil,Here’s what’s happening in the markets today.,2021-06-28
real_asset,WTI Crude Oil,Stocks rebound after the S&P 500’s worst week since February.,2021-06-21
real_asset,WTI Crude Oil,Stocks Drop as Wall Street’s Unease Stretches to a Fourth Day,2021-06-18
real_asset,WTI Crude Oil,Stocks slip as reports show increased prices for businesses and decreased sales.,2021-06-15
real_asset,WTI Crude Oil,AMC shares double in price as the frenzy among small investors continues.,2021-06-02
real_asset,WTI Crude Oil,OPEC Plus agrees to add production as oil prices climb.,2021-06-01
real_asset,WTI Crude Oil,Stocks fall as cryptocurrencies crash again.,2021-05-21
real_asset,WTI Crude Oil,Stocks end the day with an abrupt drop.,2021-05-18
real_asset,WTI Crude Oil,Tech stocks lead Wall Street lower.,2021-05-17
real_asset,WTI Crude Oil,U.S. stocks recover after three days of losses.,2021-05-13
real_asset,WTI Crude Oil,Stocks sink and bond yields jump as rise in prices ripples through Wall Street.,2021-05-12
real_asset,WTI Crude Oil,"Stock sell-off ripples around the world, but rebounding tech shares soften the blow on Wall Street.",2021-05-11
real_asset,WTI Crude Oil,"Teen Vaccine, Israel, Pipeline: Your Monday Evening Briefing",2021-05-10
real_asset,WTI Crude Oil,Tech companies pull markets lower.,2021-05-10
real_asset,WTI Crude Oil,What the Pandemic Can’t Touch,2021-05-04
real_asset,WTI Crude Oil,"Tech stocks sink, pulling Wall Street lower.",2021-05-04
real_asset,WTI Crude Oil,"Stocks dip, but Wall Street has its best month since November.",2021-04-30
real_asset,WTI Crude Oil,Stocks rise amid plans for ample fiscal spending and central bank support.,2021-04-29
real_asset,WTI Crude Oil,Markets bounce back after two days of losses.,2021-04-21
real_asset,WTI Crude Oil,Dogecoin fans push ‘Doge Day’ while global stocks fall.,2021-04-20
real_asset,WTI Crude Oil,How Not to Get Fooled by the New Inflation Numbers,2021-04-13
real_asset,WTI Crude Oil,"Stocks edge higher, shaking off early concerns about vaccine setback.",2021-04-13
real_asset,WTI Crude Oil,Why Investing in Fossil Fuels Is So Tricky,2021-04-09
real_asset,WTI Crude Oil,Wall Street climbs further into record territory as travel and tourism stocks rally.,2021-04-05
real_asset,WTI Crude Oil,"Wall Street Hits Another Record, Lifted by Tech Rally and Economic Optimism",2021-04-01
real_asset,WTI Crude Oil,OPEC and Its Allies Agree toGradual Increases in Oil Production,2021-04-01
real_asset,WTI Crude Oil,"Stocks tumble in worst day since May, as tech shares slide and bond yields climb.",2021-09-28
real_asset,WTI Crude Oil,Oil prices near a three-year high as an energy crunch looms.,2021-09-28
real_asset,WTI Crude Oil,Stocks start the week with a loss.,2021-09-27
real_asset,WTI Crude Oil,"Wall Street extends its rebound, with the S&P 500 recouping its losses for the week.",2021-09-23
real_asset,WTI Crude Oil,Wall Street struggles to find its footing after its sharpest drop in months.,2021-09-21
real_asset,WTI Crude Oil,Stocks rise after streak of losses.,2021-09-15
real_asset,WTI Crude Oil,The S&P 500 snaps its longest losing streak since February.,2021-09-13
real_asset,WTI Crude Oil,A SPAC Counterattack,2021-08-30
real_asset,WTI Crude Oil,Oil and gasoline futures gyrate after Ida disrupts production.,2021-08-30
real_asset,WTI Crude Oil,Stocks climb to record after Fed chair signals cautious approach to interest rates.,2021-08-27
real_asset,WTI Crude Oil,Stocks jump nearly 1 percent but stop shy of a record.,2021-08-23
real_asset,WTI Crude Oil,Stocks gain their footing but end the week with a loss.,2021-08-20
real_asset,WTI Crude Oil,Stocks waver as investors sense an end to economic stimulus measures.,2021-08-19
real_asset,WTI Crude Oil,S&P 500 drops 1.1 percent in second consecutive decline.,2021-08-18
real_asset,WTI Crude Oil,Crude oil drops as China grapples with Delta variant outbreak.,2021-08-09
real_asset,WTI Crude Oil,"Robinhood’s shares jump as much as 65 percent, like the meme stocks it enabled.",2021-08-04
real_asset,WTI Crude Oil,"Stocks rebound, with Wall Street heading back into record territory.",2021-07-09
real_asset,WTI Crude Oil,"Gas Prices, Afghanistan, N.B.A. Finals: Your Tuesday Evening Briefing",2021-07-06
real_asset,WTI Crude Oil,Rising Oil and Gas Prices Add to U.S. Economic Challenges,2021-07-06
real_asset,WTI Crude Oil,Gas prices are expected to keep climbing through August.,2021-07-06
real_asset,WTI Crude Oil,Oil spikes to six-year highs and then falls back after OPEC Plus fails to reach a deal.,2021-07-06
real_asset,WTI Crude Oil,Shares of Didi slide after China orders it removed from app stores.,2021-07-06
real_asset,WTI Crude Oil,S&P 500 closes with its sixth straight session of gains as initial unemployment claims drop.,2021-07-01
real_asset,WTI Crude Oil,Time to increase oil production? OPEC and its allies are unable to decide.,2021-07-01
real_asset,WTI Crude Oil,Stocks rise after the release of fresh inflation data.,2021-12-23
real_asset,WTI Crude Oil,Stocks rise for a second straight day.,2021-12-22
real_asset,WTI Crude Oil,Markets rebound somewhat as Omicron-related volatility persists.,2021-12-21
real_asset,WTI Crude Oil,Markets sink on Omicron fears and a critical setback on the U.S. spending plan.,2021-12-20
real_asset,WTI Crude Oil,"Stocks slide again, bringing the S&P 500’s losses for the week to almost 2%.",2021-12-17
real_asset,WTI Crude Oil,Stocks slide a day after the Fed’s policy announcement triggered a rally.,2021-12-16
real_asset,WTI Crude Oil,Stocks fall as bond yields rise ahead of the Federal Reserve’s policy meeting.,2021-12-14
real_asset,WTI Crude Oil,"Oil supply is expected to catch up to demand, offering relief on prices.",2021-12-14
real_asset,WTI Crude Oil,Stocks dip ahead of the Federal Reserve’s decision on pandemic support.,2021-12-13
real_asset,WTI Crude Oil,Stocks drop as Wall Street regroups after three-day rebound.,2021-12-09
real_asset,WTI Crude Oil,The S&P 500 marks a third straight day of gains.,2021-12-08
real_asset,WTI Crude Oil,Wall Street’s rally stretches to a second day as Omicron concerns ease.,2021-12-07
real_asset,WTI Crude Oil,Stocks post gains after two weeks of declines.,2021-12-06
real_asset,WTI Crude Oil,Stocks slide again after the jobs report sends mixed signals on the economy.,2021-12-03
real_asset,WTI Crude Oil,Stocks rise as Omicron turbulence continues.,2021-12-02
real_asset,WTI Crude Oil,"Stocks and oil drop again, as Omicron’s arrival in the U.S. whips markets.",2021-12-01
real_asset,WTI Crude Oil,Markets rise as investors reconsider the unknowns of the Omicron variant.,2021-11-29
real_asset,WTI Crude Oil,New ‘Variant of Concern’ Fuels Global Fear of Another Virus Surge,2021-11-26
real_asset,WTI Crude Oil,Markets Tumble as New Coronavirus Variant Brings Travel Restrictions,2021-11-26
real_asset,WTI Crude Oil,The United States and other world powers will tap oil reserves.,2021-11-23
real_asset,WTI Crude Oil,"Oil output is catching up with demand, possibly easing prices, a report says.",2021-11-16
real_asset,WTI Crude Oil,How America’s Pandemic Economic Response Fought the Last War,2021-11-15
real_asset,WTI Crude Oil,Tesla shares slide 12 percent as Musk’s stock-sale pledge continues to reverberate.,2021-11-09
real_asset,WTI Crude Oil,"OPEC and Russia won’t expand oil output faster, in a rebuff to President Biden.",2021-11-04
real_asset,WTI Crude Oil,Stocks continue their rise ahead of a Big Tech earnings rush.,2021-10-26
real_asset,WTI Crude Oil,S&P 500 falls just short of a record as investors balance inflation concerns with strong earnings.,2021-10-20
real_asset,WTI Crude Oil,"Stocks rise for a fifth day, and Bitcoin nears a record high.",2021-10-19
real_asset,WTI Crude Oil,When will oil prices peak? Traders and analysts are rethinking their forecasts.,2021-10-19
real_asset,WTI Crude Oil,The S&P 500 snaps out of its funk with its best day in months after good earnings and economic reports.,2021-10-14
real_asset,WTI Crude Oil,Stocks fall for a second day following a disappointing jobs report.,2021-10-11
real_asset,WTI Crude Oil,Wall Street extends its rally as the Senate reaches a deal on raising the debt ceiling.,2021-10-07
real_asset,WTI Crude Oil,"Stocks rally, rebounding from Monday’s slide.",2021-10-05
real_asset,WTI Crude Oil,Stocks drop again as Big Tech tumbles.,2021-10-04
real_asset,WTI Crude Oil,Oil prices hit a seven-year high as OPEC and its allies stick with a modest increase.,2021-10-04
real_asset,WTI Crude Oil,Biden Administration to Buy Three Million Barrels of Oil,2022-12-16
real_asset,WTI Crude Oil,Markets Extend Losses at End of Jittery Week,2022-12-16
real_asset,WTI Crude Oil,Stocks edge higher as early rally fades.,2022-12-13
real_asset,WTI Crude Oil,Markets Fluctuate at the End of a Shaky Week,2022-12-09
real_asset,WTI Crude Oil,U.S. Gas Prices Are Now Lower Than a Year Ago,2022-12-08
real_asset,WTI Crude Oil,An E.U. embargo of Russian oil and the G7’s price cap take effect.,2022-12-05
real_asset,WTI Crude Oil,Oil Climbs as Western Nations Single Out Russia,2022-12-05
real_asset,WTI Crude Oil,"Amid Churning Oil Market, OPEC and Russia Leave Production Unchanged",2022-12-04
real_asset,WTI Crude Oil,OPEC and Russia to Meet as Global Forces Weigh on Oil Market,2022-12-02
real_asset,WTI Crude Oil,Stocks Shudder After a Surprisingly Strong Jobs Report,2022-12-02
real_asset,WTI Crude Oil,Stocks Jump as Fed’s Powell Signals a Slowdown in Rate Increases,2022-11-30
real_asset,WTI Crude Oil,"Ukraine Is Biden’s Defining Issue, and His Biggest Economic Challenge",2022-11-29
real_asset,WTI Crude Oil,Stocks Drop as Economic Worries Weigh on Sentiment,2022-11-28
real_asset,WTI Crude Oil,Oil Prices Slide as Investors Worry Energy Demand Is Slowing,2022-11-18
real_asset,WTI Crude Oil,Markets Dip After a Week of Fed Warnings,2022-11-18
real_asset,WTI Crude Oil,Stocks Rise as Corporate Earnings Again Beat Expectations,2022-10-18
real_asset,WTI Crude Oil,Stock Markets Bounce After a Week of Whiplash,2022-10-17
real_asset,WTI Crude Oil,Gas Prices in U.S. Rise for a Second Week After Refineries Shut Down,2022-10-07
real_asset,WTI Crude Oil,U.S. Gasoline Prices Follow Crude Oil Higher,2022-10-05
real_asset,WTI Crude Oil,Stock market wobbles after back-to-back gains.,2022-10-05
real_asset,WTI Crude Oil,"In Rebuke to West, OPEC and Russia Aim to Raise Oil Prices With Big Supply Cut",2022-10-05
real_asset,WTI Crude Oil,"Stocks Rally for a Second Day, Regaining Some Lost Ground",2022-10-04
real_asset,WTI Crude Oil,Saudi Arabia and Russia May Find Their Oil Pricing Power Limited,2022-10-04
real_asset,WTI Crude Oil,"Oil prices jump as OPEC Plus weighs a supply cut, and stocks rally, too.",2022-10-03
real_asset,WTI Crude Oil,Wall Street’s Drop Resumes as Specter of Economic Slump Hangs Over Markets,2022-09-29
real_asset,WTI Crude Oil,"Even as Oil Prices Ease, U.S. Keeps Tapping Strategic Reserve",2022-09-29
real_asset,WTI Crude Oil,Wall Street rebounds from a week of turmoil.,2022-09-28
real_asset,WTI Crude Oil,Wall Street Remains Unsteady After a Painful Stretch for Investors,2022-09-27
real_asset,WTI Crude Oil,S&P 500 Hits Lowest Level of 2022 as Global Sell-off Continues,2022-09-26
real_asset,WTI Crude Oil,Global Markets Tumble as Recession Fears Return,2022-09-23
real_asset,WTI Crude Oil,Oil Prices Tumble to Their Lowest Level Since January,2022-09-23
real_asset,WTI Crude Oil,Global Markets Fall on Worries About Inflation and Interest Rates,2022-09-23
real_asset,WTI Crude Oil,U.S. Gas Prices End Streak of Declines Just Short of 100 Days,2022-09-21
real_asset,WTI Crude Oil,Price Cap on Russian Oil Wins Backing of G7 Ministers,2022-09-02
real_asset,WTI Crude Oil,The Fed’s inflation warning reverberates in global markets.,2022-08-29
real_asset,WTI Crude Oil,Stock trading remains unsteady after Wall Street’s big drop.,2022-08-23
real_asset,WTI Crude Oil,‘I Was Enough’: How I Stopped Trying to Sound Smart and Found My Genuine Writing Voice,2022-08-16
real_asset,WTI Crude Oil,Oil Prices Fall on Signs That China’s Economy Is Sputtering,2022-08-15
real_asset,WTI Crude Oil,U.S. oil prices fall below $90 a barrel for the first time since Ukraine invasion.,2022-08-04
real_asset,WTI Crude Oil,OPEC Plus members agree to a small increase in oil production.,2022-08-03
real_asset,WTI Crude Oil,Exxon and Chevron Report Record Profits on High Oil and Gas Prices,2022-07-29
real_asset,WTI Crude Oil,"Gas Prices, a Big Inflation Factor, Are Coming Down Sharply",2022-07-13
real_asset,WTI Crude Oil,Oil Prices Fall Below $100 on Weaker Economic Outlook,2022-07-12
real_asset,WTI Crude Oil,Markets react warily to the better-than-expected jobs report.,2022-07-08
real_asset,WTI Crude Oil,"Europe, Facing Energy Shortages, Moves to Shore Up Providers",2022-07-06
real_asset,WTI Crude Oil,"Global oil prices dip below $100, a sign that recession fears are taking hold.",2022-07-06
real_asset,WTI Crude Oil,A Darkened Outlook for Britain,2022-07-06
real_asset,WTI Crude Oil,The euro hits a 20-year low and U.S. bonds flash a warning sign as economic fears mount.,2022-07-05
real_asset,WTI Crude Oil,Stocks tumble on recession worries.,2022-06-28
real_asset,WTI Crude Oil,Markets waver after a week of big gains.,2022-06-27
real_asset,WTI Crude Oil,Stocks have a rare positive week.,2022-06-24
real_asset,WTI Crude Oil,Stocks rise but oil and bonds show recession fears.,2022-06-23
real_asset,WTI Crude Oil,Oil and stocks wobble.,2022-06-22
real_asset,WTI Crude Oil,What can Biden do to bring down oil prices?,2022-06-07
real_asset,WTI Crude Oil,OPEC Plus agrees to a bigger increase in oil supply. But prices keep rising.,2022-06-02
real_asset,WTI Crude Oil,Stocks fall at the start of the month with an eye on growth and oil prices.,2022-06-01
real_asset,WTI Crude Oil,"The E.U.’s embargo will bruise Russia’s oil industry, but for now it is doing fine.",2022-05-30
real_asset,WTI Crude Oil,Stocks resume their rout as falling profits reignite fears of inflation.,2022-05-18
real_asset,WTI Crude Oil,"Stocks jump 2 percent, pulling away from bear market territory.",2022-05-17
real_asset,WTI Crude Oil,Stocks fall as investors remain on edge.,2022-05-16
real_asset,WTI Crude Oil,"Stocks rebound, but the S&P 500 still declines for a sixth week.",2022-05-13
real_asset,WTI Crude Oil,"Wall Street edges lower, with the S&P 500 hovering above bear market territory.",2022-05-12
real_asset,WTI Crude Oil,"U.S. gasoline prices hit a high, but the oil market may signal relief.",2022-05-10
real_asset,WTI Crude Oil,"Stocks gain slightly after a turbulent day, breaking a three-day streak of losses.",2022-05-10
real_asset,WTI Crude Oil,"Stocks drop 2.8%, led lower by tech, as April’s slump continues.",2022-04-26
real_asset,WTI Crude Oil,New Chinese lockdowns whipsaw stocks and oil.,2022-04-25
real_asset,WTI Crude Oil,Stocks fall as Fed chair says an interest-rate increase of half a percentage point is ‘on the table.’,2022-04-21
real_asset,WTI Crude Oil,Stocks drop for a second day as investors start to consider the Fed’s next move.,2022-04-06
real_asset,WTI Crude Oil,More nations will join U.S. in releasing emergency oil reserves.,2022-04-01
real_asset,WTI Crude Oil,Biden Plan Would Release a Million Barrels of Oil a Day From Reserve,2022-03-31
real_asset,WTI Crude Oil,Oil drops and stocks climb amid signs of progress in Russia-Ukraine peace talks.,2022-03-29
real_asset,WTI Crude Oil,"U.S. gas prices are coming back down, but California’s continue to rise. Here’s why.",2022-03-24
real_asset,WTI Crude Oil,"U.S. Gas Prices Are Coming Back Down, but Not in California",2022-03-24
real_asset,WTI Crude Oil,The Fed says supply chain disruptions could prolong rapid inflation.,2022-03-16
real_asset,WTI Crude Oil,Oil prices fall below $100 a barrel as China’s Covid-19 outbreak threatens demand.,2022-03-15
real_asset,WTI Crude Oil,Stocks extend their losses and oil prices fall.,2022-03-14
real_asset,WTI Crude Oil,Oil Prices Drop as Market Volatility Eases,2022-03-13
real_asset,WTI Crude Oil,"Wonking Out: Lies, Damned Lies and Gasoline Prices",2022-03-11
real_asset,WTI Crude Oil,The S&P 500 marks a second straight week of losses.,2022-03-11
real_asset,WTI Crude Oil,Stocks fall again and energy prices climb as the West plans new barriers for Russian oil.,2022-03-08
real_asset,WTI Crude Oil,Oil Prices Jump as U.S. Discusses Russian Import Ban,2022-03-07
real_asset,WTI Crude Oil,Stocks fall as energy prices whipsaw.,2022-03-03
real_asset,WTI Crude Oil,"Stocks rise as Powell signals steadiness, and oil prices continue to march higher.",2022-03-02
real_asset,WTI Crude Oil,"As oil soars, OPEC and its allies decline to offer relief.",2022-03-02
real_asset,WTI Crude Oil,"Russian Oil Not Worth the Trouble, Some Traders Conclude",2022-03-01
real_asset,WTI Crude Oil,"Catch up: The U.S. freezes Russian assets, and Shell quits Russia.",2022-03-01
real_asset,WTI Crude Oil,Oil prices climb as Ukraine crisis deepens.,2022-02-28
real_asset,WTI Crude Oil,"Stocks climb, erasing their losses for a tumultuous week.",2022-02-25
real_asset,WTI Crude Oil,Oil prices soar and worries mount about future energy supplies.,2022-02-24
real_asset,WTI Crude Oil,Stocks and Energy Markets Whipsaw After Russian Attack on Ukraine,2022-02-24
real_asset,WTI Crude Oil,The White House says releasing more oil from reserves is ‘on the table.’,2022-02-23
real_asset,WTI Crude Oil,How Markets Are Thinking About the Ukraine Battle Lines,2022-02-23
real_asset,WTI Crude Oil,"Oil prices jump, nearing $100 a barrel, as Ukraine developments roil energy markets.",2022-02-22
real_asset,WTI Crude Oil,"Oil prices rose along with tensions over a conflict, and stocks dropped around the world, including in Russia.",2022-02-21
real_asset,WTI Crude Oil,Oil Prices Seesaw as Russia Menaces Ukraine,2022-02-20
real_asset,WTI Crude Oil,"Amid Ukraine tension, oil traders are betting on an Iran deal.",2022-02-18
real_asset,WTI Crude Oil,Stocks fall again as investors watch Ukraine developments cautiously.,2022-02-18
real_asset,WTI Crude Oil,Sell-off of stocks deepens as Ukraine adds to investors’ worries.,2022-02-17
real_asset,WTI Crude Oil,Stocks end the week with another drop after inflation spike rattles investors.,2022-02-11
real_asset,WTI Crude Oil,Stocks climb as investors weigh a surprising jobs report and Amazon earnings.,2022-02-04
real_asset,WTI Crude Oil,Exxon Mobil reports a $8.9 billion fourth-quarter profit as oil prices soar.,2022-02-01
real_asset,WTI Crude Oil,Stocks swing to losses as markets react to the Fed’s interest rate plans.,2022-01-26
real_asset,WTI Crude Oil,Oil markets are expected to tighten as prices keep rising.,2022-01-19
real_asset,WTI Crude Oil,Stocks drop as Treasury bond yields push higher.,2022-01-18
real_asset,WTI Crude Oil,S&P 500 ekes out a small gain but still ends lower for a second consecutive week.,2022-01-14
real_asset,WTI Crude Oil,"Oil Producers Aren’t Keeping Up With Demand, Causing Prices to Stay High",2022-01-14
real_asset,WTI Crude Oil,Stocks edge higher after the December inflation report comes in as expected.,2022-01-12
real_asset,WTI Crude Oil,"Stocks drop and bond yields jump, extending Wall Street’s turbulent week.",2022-01-07
real_asset,WTI Crude Oil,Technology stocks weigh on Wall Street as bond yields rise.,2022-01-04
real_asset,WTI Crude Oil,OPEC and Russia agree to increase oil output amid lagging production.,2022-01-04
real_asset,WTI Crude Oil,Stocks are unsteady in the first trading day of the year.,2022-01-03
real_asset,WTI Crude Oil,Advertisers Push Back at Social Media Firms over Antisemitism,2023-11-17
real_asset,WTI Crude Oil,A Big Day for the House of Mouse,2023-11-08
real_asset,WTI Crude Oil,"Guilty on All Counts, Bankman-Fried Completes a Fall From Grace",2023-11-03
real_asset,WTI Crude Oil,Fresh Turmoil in the Middle East Puts Markets on Edge,2023-10-18
real_asset,WTI Crude Oil,Israeli Start-Ups Are on the Front Lines,2023-10-10
real_asset,WTI Crude Oil,Oil Prices Were Going Down Again. Then War Started in the Middle East.,2023-10-09
real_asset,WTI Crude Oil,Crypto’s Trial of the Century Is Set to Begin,2023-10-02
real_asset,WTI Crude Oil,Wall Street on Edge After Worst Month of the Year,2023-09-29
real_asset,WTI Crude Oil,What’s Driving the September Stock Swoon,2023-09-28
real_asset,WTI Crude Oil,How $100 Oil Could Scramble the Fed’s Fight Against Inflation,2023-09-20
real_asset,WTI Crude Oil,"Gas Prices Have Crept Higher This Summer, a Challenge for the Fed",2023-09-20
real_asset,WTI Crude Oil,Saudi Arabia and Russia Extend Oil Production Cuts Through December,2023-09-05
real_asset,WTI Crude Oil,China’s Troubles Rattle Global Stocks and Drag Hong Kong Into Bear Market,2023-08-18
real_asset,WTI Crude Oil,Saudi Aramco Reports $30 Billion in Profit for Latest Quarter,2023-08-07
real_asset,WTI Crude Oil,Exxon Reports Leaner Earnings in Second Quarter,2023-07-28
real_asset,WTI Crude Oil,Oil prices are falling as fuel demand weakens.,2023-06-13
real_asset,WTI Crude Oil,How Could A.I. Destroy Humanity?,2023-06-10
real_asset,WTI Crude Oil,"As Price of Oil Slides, OPEC Plus May Weigh Further Production Cuts",2023-06-02
real_asset,WTI Crude Oil,Investors Exhale as Debt Limit Deal Clears a Big Hurdle,2023-06-01
real_asset,WTI Crude Oil,The Godfather of A.I. Has Some Regrets,2023-05-30
real_asset,WTI Crude Oil,"Oil prices fall sharply, a factor in the Fed’s thinking about inflation.",2023-05-03
real_asset,WTI Crude Oil,"Oil Prices Jump, as OPEC Production Cut Draws U.S. Concern",2023-04-03
real_asset,WTI Crude Oil,"In Surprise, OPEC Plus Announces Cut in Oil Production",2023-04-02
real_asset,WTI Crude Oil,"After a Wild Week, What Are Markets Saying About the World?",2023-03-17
real_asset,WTI Crude Oil,Stocks rally as First Republic receives a rescue.,2023-03-16
real_asset,WTI Crude Oil,Oil prices rise after a Kremlin official says Russia will cut production to counter sanctions.,2023-02-10
real_asset,WTI Crude Oil,Russia to Cut Oil Output in Response to Western Sanctions,2023-02-10
real_asset,WTI Crude Oil,Markets rise on fresh economic data.,2023-01-26
real_asset,WTI Crude Oil,Markets Slip in First Session of the Year,2023-01-03
real_asset,WTI Crude Oil,A November Surprise Is Jostling the Markets,2024-11-04
real_asset,WTI Crude Oil,Jobs and Oil Prices Are Keeping Markets on Edge,2024-10-04
real_asset,WTI Crude Oil,The Mirage of $2 Gas,2024-09-10
real_asset,WTI Crude Oil,Why Oil Prices Remain Subdued,2024-08-30
real_asset,WTI Crude Oil,"This Texas Energy Is So Bountiful, They Pay You to Take It Away",2024-08-08
real_asset,WTI Crude Oil,Fears of Slowing U.S. Growth Jolt Markets Around the World,2024-08-05
real_asset,WTI Crude Oil,ConocoPhillips to Acquire Marathon Oil in $22.5 Billion Deal,2024-05-29
real_asset,WTI Crude Oil,Feeling Possessive,2024-03-23
real_asset,WTI Crude Oil,How Big Was the Big Game?,2024-02-12
real_asset,WTI Crude Oil,Two Big Texas Oil Producers Announce $26 Billion Merger,2024-02-12
real_asset,WTI Crude Oil,Top Natural Gas Producers Announce Multibillion-Dollar Merger,2024-01-11
real_asset,WTI Crude Oil,A New Stage in the Fight for Warner Bros. Discovery,2025-12-17
real_asset,WTI Crude Oil,What Could Torpedo the Stock Rally,2025-10-21
real_asset,WTI Crude Oil,OPEC Plus Agrees to Pump More Oil in August,2025-07-05
real_asset,WTI Crude Oil,Stocks Rise and Oil Falls as Israel-Iran Cease-Fire Begins,2025-06-24
real_asset,WTI Crude Oil,Oil Skids and Stocks Rise as Traders Gauge Fallout From Iran Strikes,2025-06-23
real_asset,WTI Crude Oil,Stocks Rebound as Investors Shrug Off Israel-Iran Conflict,2025-06-16
real_asset,WTI Crude Oil,Oil Prices Could Climb Higher if Mideast Tensions Escalate,2025-06-13
real_asset,WTI Crude Oil,Stocks Take Worst One-Day Tumble in Almost a Month After Mideast Strikes,2025-06-13
real_asset,WTI Crude Oil,What Buffett’s Exit Means,2025-05-05
real_asset,WTI Crude Oil,Why OPEC Plus Is Increasing Oil Supplies Despite Falling Prices,2025-05-03
real_asset,WTI Crude Oil,"Stocks Post a Weekly Gain, Carried by Hope for Easing Trade Tensions",2025-04-25
real_asset,WTI Crude Oil,Stocks Extend Gains as Investors Weigh Fed Rates and Tariff Talk,2025-04-24
real_asset,WTI Crude Oil,Markets Worry About Finding an Exit From Trump’s Trade Fight,2025-04-11
real_asset,WTI Crude Oil,What to Expect After Trump’s Tariff About-Face,2025-04-10
real_asset,WTI Crude Oil,‘Explosive’ Markets Raise Uncertainty About Tariff Endgame,2025-04-09
real_asset,WTI Crude Oil,Oil Producers Follow Trump’s Tariffs With a Surprise Increase,2025-04-03
real_asset,WTI Crude Oil,Oil Prices Slide on Jitters Over Trump’s Tariffs and OPEC Increases,2025-03-05
real_asset,WTI Crude Oil,Thomas Friedman on Trump’s Desire to Be President for Life,2025-02-20
real_asset,WTI Crude Oil,"A.I. Giants Double Down on Spending, Even as DeepSeek Looms",2025-01-30
real_asset,WTI Crude Oil,Stocks Hit a Record Amid Strong Earnings and Easing Inflation Concerns,2025-01-23
real_asset,WTI Crude Oil,Nvidia Bets Big on Robots,2025-01-07
real_asset,Grains,"Initial China Trade Deal Defuses Tensions, but U.S. Still Has Concerns",2019-12-13
real_asset,Grains,How to Beat the Market,2019-11-13
real_asset,Grains,"Agriculture Funds Aim to Harvest Profit, Along With Corn and Wheat",2019-10-11
real_asset,Grains,"Amid Trade War, Farmers Lean on a New Crop: Hemp",2019-10-06
real_asset,Grains,Amazon Rainforest Fires: Here’s What’s Really Happening,2019-08-23
real_asset,Grains,"Under Brazil’s Far-Right Leader, Amazon Protections Slashed and Forests Fall",2019-07-28
real_asset,Grains,"California and Water: Half Environmental Nightmare, Half Remarkable Success Story",2019-06-12
real_asset,Grains,"Climate Change Poses Major Risks to Financial Markets, Regulator Warns",2019-06-11
real_asset,Grains,Floods and Trump’s Trade War Create an Uncertain Year for Farmers,2019-05-31
real_asset,Grains,"Day After Trade Talks, Chinese Firms Buy U.S. Soybeans",2019-02-02
real_asset,Grains,What Soybean Politics Tell Us About Argentina and China,2019-01-30
real_asset,Grains,Who Will Fill Biden’s Cabinet?,2020-11-11
real_asset,Grains,How Do You Know When Society Is About to Fall Apart?,2020-11-04
real_asset,Grains,"Beijing’s Tightrope: Stand Tough, but Avoid a Full Rupture With the U.S.",2020-07-23
real_asset,Grains,Why Economic Pain Could Persist Even After the Pandemic Is Contained,2020-05-11
real_asset,Grains,"Jaquelin Taylor Robertson, Architect and Passionate Urbanist, Dies at 87",2020-05-10
real_asset,Grains,What the Negative Price of Oil Is Telling Us,2020-04-21
real_asset,Grains,A Battle to Protect Forests Unfolds in Central Africa,2020-01-28
real_asset,Grains,What’s in (and Not in) the U.S.-China Trade Deal,2020-01-15
real_asset,Grains,"An Economic Lifeline in South America, the Paraná River, Is Shriveling",2021-09-04
real_asset,Grains,Your Daily Coffee Habit Is About to Get More Expensive,2021-08-12
real_asset,Grains,‘I Feel Conflicted’: Crypto’s Offshore Trading Moguls Talk Shop,2021-07-23
real_asset,Grains,How to Manage Your Money if Inflation Flares,2021-07-09
real_asset,Grains,Former U.S. Climate Leaders Press Biden on Amazon Deforestation,2021-01-29
real_asset,Grains,Investors Await the Fed’s Next Move,2022-11-02
real_asset,Grains,Sparks Fly as Musk Moves Fast to Remake Twitter,2022-10-31
real_asset,Grains,Putin’s War Is a Crime Against the Planet,2022-09-27
real_asset,Grains,Wonking Out: Europe and the Economics of Blackmail,2022-08-26
real_asset,Grains,Wonking Out: The Meaning of Falling Inflation,2022-08-05
real_asset,Grains,It’s not just the war in Ukraine that’s upending the wheat market.,2022-08-01
real_asset,Grains,"War, Climate Change, Energy Costs: How the Wheat Market Has Been Upended",2022-08-01
real_asset,Grains,Blinken and Lavrov Discuss Griner in Their First Call of the War,2022-07-29
real_asset,Grains,"Corrections: July 26, 2022",2022-07-26
real_asset,Grains,"Russia Agrees to Let Ukraine Ship Grain, Easing World Food Shortage",2022-07-22
real_asset,Grains,Your Tuesday Briefing,2022-06-28
real_asset,Grains,Global Food Crisis Tests Western Resolve to Retain Russia Sanctions,2022-06-27
real_asset,Grains,Food Export Bans in Asia Prompt Fears of More Protectionism,2022-06-10
real_asset,Grains,A Market Mystery: The ‘Wheat Whale’ That Came Out of Nowhere,2022-04-08
real_asset,Grains,War in Ukraine Compounds Hunger in East Africa,2022-04-01
real_asset,Grains,Ukrainian Invasion Adds to Chaos for Global Supply Chains,2022-03-01
real_asset,Grains,What the War in Ukraine Means for the World’s Food Supply,2022-03-01
real_asset,Grains,Your Friday Briefing: Fierce Fighting Across Ukraine,2022-02-24
real_asset,Grains,Ukraine Invasion Threatens Global Wheat Supply,2022-02-24
real_asset,Grains,How a Fertilizer Shortage Is Spreading Desperate Hunger,2023-10-15
real_asset,Grains,"Social Media in Wartime, Betting on the Future and A.I. Passes the Smell Test",2023-10-13
real_asset,Grains,The Great Wheat Price Surge That Sputtered,2023-08-21
real_asset,Grains,"A fire broke out at Novorossiysk, a key Russian port on the Black Sea.",2023-08-18
real_asset,Grains,"What to Know About Novorossiysk, the Russian Port Attacked by Ukraine",2023-08-04
real_asset,Grains,Netflix’s Strike Defense Is Strong. It May Have Some Cracks Anyway.,2023-07-20
real_asset,Grains,Russia Hits Grain Ports and Threatens Ships Headed to Ukraine,2023-07-19
real_asset,Grains,Wheat prices spike after Russia raises tensions in the Black Sea.,2023-07-19
real_asset,Grains,Wheat prices rise only slightly a day after Russia leaves the grain deal.,2023-07-18
real_asset,Grains,"Russia Stops Ukraine Grain Deal, Shaking World Food Markets",2023-07-17
real_asset,Grains,Wheat prices seesaw after Russia pulls out of the Black Sea grain deal.,2023-07-17
real_asset,Grains,"Despite Global Pledges, Tree Loss Is Up Sharply in Tropical Forests",2023-06-27
real_asset,Grains,What Trump’s Latest Indictment Means for the 2024 Race,2023-06-09
real_asset,Grains,Why Are Food Prices So High in Europe?,2023-05-30
real_asset,Grains,A Veteran Business Journalist (and Wine Lover) Learns an Age-Old Lesson,2023-05-30
real_asset,Grains,The Black Sea is of vital strategic interest amid Russia’s war in Ukraine.,2023-03-15
real_asset,Grains,The New Soldiers in Propane’s Fight Against Climate Action: Television Stars,2023-01-11
real_asset,Grains,"As Trump Threatens a Wider Trade War, the U.S. Confronts a Changed China",2024-11-11
real_asset,Grains,America’s Luck on Unemployment May Soon Run Out,2024-09-02
real_asset,Grains,What a Prolonged Rail Shutdown in Canada Would Mean for Trade,2024-08-22
real_asset,Grains,"What the Fed Is Doing to Our Election, Our Climate and Our Economy",2024-07-29
real_asset,Grains,Is It OK to Police My Patient’s Financial Choices?,2024-06-26
real_asset,Grains,Ukraine’s Seaborne Grain Exports Bounce Back to Near Prewar Levels,2024-05-12
real_asset,Grains,Making Farming More Climate Friendly Is Hard. Just Ask Europe’s Politicians.,2024-02-06
real_asset,Grains,Why Are Voters So Upset? Consider the Snickers Bar.,2024-01-18
real_asset,Grains,How Trump Sidestepped the Tradition of Iowa Pandering,2024-01-15
real_asset,Grains,Soybean Farmers Find Relief in U.S. Trade Truce With China,2025-10-30
real_asset,Grains,"Maurice Tempelsman, Diamond Magnate and Jackie Onassis’s Companion, Dies at 95",2025-08-25
real_asset,Grains,Trump’s Trade War Escalates as China Retaliates With 34% Tariffs,2025-04-04
real_asset,Grains,American Farmers Brace for Harm From Retaliatory Tariffs,2025-03-04
real_asset,Japanese Yen,"Paul A. Volcker, Fed Chairman Who Waged War on Inflation, Is Dead at 92",2019-12-09
real_asset,Japanese Yen,Made in North Korea. And That’s Almost All She Knows for Sure.,2019-11-22
real_asset,Japanese Yen,Pearls (Possibly) Beyond Price,2019-11-08
real_asset,Japanese Yen,Stocks End Rocky Month Lower as Trump Widens Trade War,2019-05-31
real_asset,Japanese Yen,"Tech Rebound Powers US Stocks Higher, Snaps 2-Day S&P Slump",2019-05-21
real_asset,Japanese Yen,"36 Hours in Kobe, Japan",2019-04-25
real_asset,Japanese Yen,The Shock Over Casio’s New G-Shock,2019-03-20
real_asset,Japanese Yen,"US Stocks Give Up an Early Rally, Ending Winning Streak",2019-03-19
real_asset,Japanese Yen,DealBook Briefing: Trump Tariffs Threaten U.S. Jobs,2019-01-07
real_asset,Japanese Yen,What analysts said about how the positive test will impact markets.,2020-10-02
real_asset,Japanese Yen,Trump’s positive cause global markets to tumble.,2020-10-02
real_asset,Japanese Yen,"Coronavirus Turmoil in 5 Charts, 10 Quotes, 5 Photos and 1 Map",2020-03-10
real_asset,Japanese Yen,House Hunting in Japan: A Modern Ski Cabin in the Woods,2020-02-26
real_asset,Japanese Yen,How the I.M.F. plans to build a $650 billion fund to fight the pandemic.,2021-07-09
real_asset,Japanese Yen,The U.S. will support a $650 billion I.M.F. allocation aimed at helping poor countries.,2021-04-01
real_asset,Japanese Yen,Bank of Japan Surprises Markets With Policy Change,2022-12-20
real_asset,Japanese Yen,A Rising Dollar Is Hurting Other Currencies. Central Banks Are Stepping In.,2022-10-27
real_asset,Japanese Yen,The Mixed Blessing of a ‘Strong Dollar’,2022-10-07
real_asset,Japanese Yen,"Pound’s Swoon Echoes Declines in British Power, Past and Present",2022-09-28
real_asset,Japanese Yen,"Why a strong dollar is good for the U.S., but bad for the world.",2022-09-27
real_asset,Japanese Yen,The Dollar Is Strong. That Is Good for the U.S. but Bad for the World.,2022-09-26
real_asset,Japanese Yen,Your Friday Briefing: Men Flee Russian Conscription,2022-09-22
real_asset,Japanese Yen,Japan Intervenes to Prop Up the Sliding Yen,2022-09-22
real_asset,Japanese Yen,Your Thursday Briefing: Vladimir Putin and Xi Jinping Likely to Meet,2022-09-07
real_asset,Japanese Yen,Judge Hands Elon Musk a Win in Court,2022-09-07
real_asset,Japanese Yen,"Julian Robertson, 90, Dies; Brought Hedge Funds Into the Mainstream",2022-08-23
real_asset,Japanese Yen,Your Tuesday Briefing: Europe Recalculates on Ukraine,2022-06-13
real_asset,Japanese Yen,A Weak Euro Heads to an Uncomfortable Milestone: Parity With the Dollar,2022-05-20
real_asset,Japanese Yen,Your Wednesday Briefing: South Korea’s New President,2022-05-10
real_asset,Japanese Yen,The Dollar Is Stronger. Who Wins? Who Loses?,2022-05-06
real_asset,Japanese Yen,War in Ukraine Has Investors Thinking About a Second Cold War,2022-03-01
real_asset,Japanese Yen,"Libor, Long the Most Important Number in Finance, Dies at 52",2022-01-12
real_asset,Japanese Yen,A Tokyo Taxi Driver Is Charged With Running Down a Pigeon,2023-12-22
real_asset,Japanese Yen,Japan Takes Another Step Away From Easy Money,2023-10-31
real_asset,Japanese Yen,The Dollar Still Has Plenty of Swagger,2023-09-22
real_asset,Japanese Yen,Yellen’s China Visit Aims to Ease Tensions Amid Deep Divisions,2023-07-04
real_asset,Japanese Yen,"In China, It’s Time to Splurge Again, and the Luxury Industry Is Relieved",2023-05-02
real_asset,Japanese Yen,How Multicurrency Accounts Take the Bite Out of Spending Money Abroad,2023-02-09
real_asset,Japanese Yen,"In Japan, a Visit to the Casio G-Shock Factory",2023-01-18
real_asset,Japanese Yen,He Helped ‘Break’ the Bank of England. Now He May Run the U.S. Treasury.,2024-11-26
real_asset,Japanese Yen,"After Trump’s Tariff Threat, Is a China Currency War Next?",2024-11-26
real_asset,Japanese Yen,Why the Dollar Keeps Getting Stronger,2024-11-14
real_asset,Japanese Yen,Companies Brace for the Return of Trump’s Old Trade Gripes,2024-11-08
real_asset,Japanese Yen,Stocks Set Records and Dollar Soars After Trump Election Win,2024-11-06
real_asset,Japanese Yen,"As Markets Rock, a Reporter Stays Steady",2024-08-07
real_asset,Japanese Yen,What’s Behind All the Stock Market Drama?,2024-08-07
real_asset,Japanese Yen,Japan for Kids: Pikachu Is Just the Start,2024-07-25
real_asset,Japanese Yen,Where to Get the Most Bang for Your Buck,2024-06-10
real_asset,Japanese Yen,A Strong U.S. Dollar Weighs on the World,2024-04-29
real_asset,Japanese Yen,"Gardens of Stone, Moss, Sand: 4 Moments of Zen in Kyoto",2024-03-26
real_asset,Japanese Yen,Japan’s Economy Slips Into Recession and to No. 4 in Global Ranking,2024-02-15
real_asset,Japanese Yen,Stocks Sink as Stubborn Inflation Resets Fed Rate Forecasts,2024-02-13
real_asset,Japanese Yen,The I.R.S. Tried to Stop This Tax Dodge. Scott Bessent Used It Anyway.,2025-11-12
real_asset,Japanese Yen,Inside Luigi Mangione’s Missing Months,2025-10-21
real_asset,Japanese Yen,U.S. Stakes Taxpayer Money on Big Argentina Bet,2025-10-17
real_asset,Japanese Yen,Who Gained From U.S. Aid to Argentina?,2025-10-10
real_asset,Japanese Yen,Big Investors Await Windfall From Trump’s Argentina Bailout,2025-10-09
real_asset,Japanese Yen,"Anxious Investors Push Gold Above $4,000 an Ounce for the First Time",2025-10-06
real_asset,Japanese Yen,What’s Going On in This Graph? | Value of a Dollar,2025-09-18
real_asset,Japanese Yen,Would Anyone Use a Chinese Stablecoin?,2025-09-06
real_asset,Japanese Yen,Some safe-haven assets have soared against the U.S. dollar.,2025-08-07
real_asset,Japanese Yen,"As the Dollar Slides, the Euro Is Picking Up Speed",2025-07-22
real_asset,Japanese Yen,The Markets Advance Despite Trump’s Attacks on the Fed and Trade Partners,2025-07-21
real_asset,Japanese Yen,Is the U.S. Riskier Than Emerging Markets?,2025-07-18
real_asset,Japanese Yen,"Is It Cheaper, or More Expensive, to Travel Now? Both, It Turns Out.",2025-05-30
real_asset,Japanese Yen,Don’t Count the Dollar Out Just Yet,2025-05-02
real_asset,Japanese Yen,Dollar Doubts Dominate Gathering of Global Economic Leaders,2025-04-26
real_asset,Japanese Yen,Stocks Extend Gains as Investors Weigh Fed Rates and Tariff Talk,2025-04-24
real_asset,Japanese Yen,Markets Slide as Trump Renews Attacks on Fed Chair,2025-04-21
real_asset,Japanese Yen,"On-Again, Off-Again Tariffs and Their Toll on Travelers",2025-04-10
real_asset,Japanese Yen,Nintendo Switch 2 Will Release in June and Emphasize Streaming,2025-04-02
real_asset,Japanese Yen,"Rattled by Trump, America’s Allies Shift to Defense Mode",2025-03-27
real_asset,Japanese Yen,Sanctions Against Russia,2025-02-20
real_asset,Japanese Yen,"Traveling Abroad? If You’re Paying With Dollars, Your Trip Is on Sale.",2025-02-20
real_asset,Japanese Yen,"Scott Bessent, Trump’s Billionaire Treasury Pick, Will Shed Assets to Avoid Conflicts",2025-01-11
real_asset,US Dollar,"The Trade War With China Has an Upside for Consumers, Too",2019-06-17
real_asset,US Dollar,How OnlyFans Changed Sex Work Forever,2019-02-09
real_asset,US Dollar,Surging Dollar Reflects the Standout U.S. Economy,2020-02-20
real_asset,US Dollar,Judge Who Pushed Graft Cases Against Ex-President of Argentina Dies,2020-02-04
real_asset,US Dollar,Court in Argentina Dismisses Charges Against Kirchner in Bombing Case,2021-10-08
real_asset,US Dollar,Argentina’s Most Powerful Politician Found Guilty of Fraud,2022-12-06
real_asset,US Dollar,The Mixed Blessing of a ‘Strong Dollar’,2022-10-07
real_asset,US Dollar,How to handle the market chaos.,2022-05-06
real_asset,US Dollar,The Dollar Is Stronger. Who Wins? Who Loses?,2022-05-06
real_asset,US Dollar,The Dollar Still Has Plenty of Swagger,2023-09-22
real_asset,US Dollar,Markets rise on fresh economic data.,2023-01-26
real_asset,US Dollar,Why the Dollar Keeps Getting Stronger,2024-11-14
real_asset,US Dollar,“The U.S. dollar has been diminished.”,2024-07-19
real_asset,US Dollar,Trump-Vance Administration Could Herald New Era for Dollar,2024-07-16
real_asset,US Dollar,A Strong U.S. Dollar Weighs on the World,2024-04-29
real_asset,US Dollar,What’s Going On in This Graph? | Value of a Dollar,2025-09-18
real_asset,US Dollar,The Dollar Has Its Worst Start to a Year Since 1973,2025-06-30
real_asset,US Dollar,"Is It Cheaper, or More Expensive, to Travel Now? Both, It Turns Out.",2025-05-30
real_asset,US Dollar,The Stock Market’s Boomerang Month Has Put Investors in a Bind,2025-05-13
real_asset,US Dollar,Don’t Count the Dollar Out Just Yet,2025-05-02
real_asset,US Dollar,Trump Unveils Expansive Global Tariffs,2025-04-02
real_asset,US Dollar,Trade War Sends a Shiver Through Global Markets,2025-03-04
real_asset,US Dollar,The Bull and Bear Case for 2025,2025-01-02
